address,block,date_utc,created_by,via,tx,code_bytes_at_creation,status_today,category,tile_ownership_functions,etheria_functions_shared,similarity_to_etheria
0x9a049f5d18c239efaa258af9f3e7002949a977a0,46402,2015-08-07 04:42,0xa1e4380a3b1f749673e270229993ee55f35663b4,transaction,0x6c929e1c3d860ee225d7f3a7addf9e3f740603d243260536dfa2f3cf02b51de4,0,never had code,other,,,0.000
0xc669eaad75042be84daaf9b461b0e868b9ac1871,47205,2015-08-07 08:26,0xfbe0afcd7658ba86be41922059dd879c192d4c73,transaction,0x31ded263506ea36e6ea777efc2c39a999e6fba4f4d338c7313af6aac6d9bf3e3,0,never had code,other,,,0.000
0x589ea787b46da08ec8fc081678335c5d0081010e,48162,2015-08-07 13:02,0x91dbb6aaad149585be47375c5d6de5ff09191518,transaction,0x28dde8260ea71c354b9d3e0cf0c2fcd86369b34f6527b7806b519ff4d6bb6d95,0,never had code,other,,,0.000
0x9a6bfff95d8ae43425d3960585c230c89e9060e4,48172,2015-08-07 13:07,0xb6047cdf932db3e4045f4976122341537ed5961e,transaction,0x7a54025726704a0498ba47946296c199d11917ba47dbf7804d7a1c7e6029bfbf,0,never had code,other,,,0.000
0xf0b0420788efa4e6241ed3ff5e88c092d7ee4fa3,48173,2015-08-07 13:08,0x91dbb6aaad149585be47375c5d6de5ff09191518,transaction,0x4f2e6103c5b6224fe4cb478b957215a71b0e8c0523c0ce41a80b7697dbea3cb1,0,never had code,other,,,0.000
0x4dae54c8645c47dd55782091eca145c7bff974bc,48512,2015-08-07 14:39,0x3d0768da09ce77d25e2d998e6a7b6ed4b9116c2d,transaction,0x28a6edb8d77c1f1f5531aa0d1c9014c063dd512c9d6a6eff193b73ba676064a6,0,never had code,other,,,0.000
0x9973aad0d294ac02632d8d26a1a2818213f31f0b,48537,2015-08-07 14:43,0x3d0768da09ce77d25e2d998e6a7b6ed4b9116c2d,transaction,0x4e726f789d6c2411b49e8ee475cb4f09aa8397c16dbca5629e80e9a6bd88b168,0,never had code,other,,,0.000
0x7043be25da95cb39cdaadc80f68cf4066a5146d4,48591,2015-08-07 14:59,0x8b454d830fef179e66206840f8f3d1d83bc32b17,transaction,0x1aff7a5d0a2e0808a1d693991f0ee708f8280420b91fa787d4c643626b49fecd,0,never had code,other,,,0.000
0x1a332271eac30c5e967ce9e606bb0e9b4ddf436e,48613,2015-08-07 15:04,0x8b454d830fef179e66206840f8f3d1d83bc32b17,transaction,0x290044d69e0c91da06f02e55acc7d9d16a8e62fda29071bb0b9550da7bf69e20,0,never had code,other,,,0.000
0x87c44b9a951161d6d261723130208b176475f2ad,48615,2015-08-07 15:04,0x3d0768da09ce77d25e2d998e6a7b6ed4b9116c2d,transaction,0x06d751236ef10eed7e59cb305fa56bc7007dfebea0a792cb2528cfd601e40114,0,never had code,other,,,0.000
0x6516298e1c94769432ef6d5f450579094e8c21fa,48643,2015-08-07 15:12,0x3d0768da09ce77d25e2d998e6a7b6ed4b9116c2d,transaction,0x575cc1e5d4259547110dc1312b85c7c5ad0a816b3c8eb194e3b874d65a1a0211,266,exists,other,,,0.037
0xfea8c4afb88575cd89a2d7149ab366e7328b08eb,48681,2015-08-07 15:23,0x3d0768da09ce77d25e2d998e6a7b6ed4b9116c2d,transaction,0x0640d3eb410e90008a73afc91cba70f6e3c91c2fe7cf2b7e073506f5da565f0f,0,never had code,other,,,0.000
0xd464e6289af4d1b3a6fabf2de33c2cae85dc98f3,48699,2015-08-07 15:29,0x3d0768da09ce77d25e2d998e6a7b6ed4b9116c2d,transaction,0x66dcd8e4a5dc606f04a874778f7d737694318bc097423dfba60bfd84d94e5dbb,0,never had code,other,,,0.000
0xf914866d52b690553c0aacece3b38cc8b463ea50,48729,2015-08-07 15:40,0x3d0768da09ce77d25e2d998e6a7b6ed4b9116c2d,transaction,0x8ab08c56c46ca42091ec44c7c9148fe5eb6e0355eeffb29acb5f6c3326139f9e,0,never had code,other,,,0.000
0x3dbdeeafa2aca6c8c4f6e442b07bb575fc5658a9,48777,2015-08-07 15:53,0x3d0768da09ce77d25e2d998e6a7b6ed4b9116c2d,transaction,0x1a03e6f3a89a65a2cd146a215cbb8427f29c8695517dddc6a0901c9fbe179eb0,0,never had code,other,,,0.000
0x66d796e7ae8608bba361c97ba7682689cc5bf320,48790,2015-08-07 15:57,0x6b4971f56172fe56565fd3d6b56f8ca3c91b2bad,transaction,0x0cf38b39749bb9ce782785c16cc3a3f8381ef84cf7886335dff861072421e054,154,exists,other,,,0.000
0xdae5047277a2cc3d0013fc0cf4a12817b9b85c33,48827,2015-08-07 16:06,0x6b4971f56172fe56565fd3d6b56f8ca3c91b2bad,transaction,0x5745c4c7496340394114a6a01c48c2860499b10f1ce208a44183edd38e963349,154,exists,other,,,0.000
0x7b2d5c63d3671092d3d44671717ea78018164661,48915,2015-08-07 16:30,0x6b4971f56172fe56565fd3d6b56f8ca3c91b2bad,transaction,0x187817aa161567f3058482f354cd76233f89a7f8382ceaacb5a97bf70aeeeba7,154,exists,other,,,0.000
0x630ea66c8c5dc205d45a978573fa86df5af1fe7a,49018,2015-08-07 16:54,0x3d0768da09ce77d25e2d998e6a7b6ed4b9116c2d,transaction,0x5c4fdc85bf5efdfcbf7d4991c37287a9c3d5b660b57b0082118c3cff3c69dff1,0,never had code,other,,,0.000
0x6e03d9cce9d60f3e9f2597e13cd4c54c55330cfd,49122,2015-08-07 17:27,0x3d0768da09ce77d25e2d998e6a7b6ed4b9116c2d,transaction,0x9ad94f071f579d02524be27f1df4f23c9b3af9223a633a187ef65a5ccc642723,0,never had code,other,,,0.000
0xf9c2a99482823c30062ded531e049163034273c2,49157,2015-08-07 17:37,0xa1e4380a3b1f749673e270229993ee55f35663b4,transaction,0xe9b2d3e8a2bc996a1c7742de825fdae2466ae783ce53484304efffe304ff232d,0,never had code,other,,,0.000
0x26b15195e53143c2e20d49805e1ff123bce63c3a,49170,2015-08-07 17:40,0xa1e4380a3b1f749673e270229993ee55f35663b4,transaction,0x524b1649a60aa13d49395fb2b05551d0a990590566857621d87df72d19672140,0,never had code,other,,,0.000
0x235287e634130c4f1357e8d3e48dbbf5161c90a7,49186,2015-08-07 17:44,0xa1e4380a3b1f749673e270229993ee55f35663b4,transaction,0x6e5c7be761ce29049f8d97d5ecde95758c546e9b8121fe421c99730d32e77a47,0,never had code,other,,,0.000
0xcde4de4d3baa9f2cb0253de1b86271152fbf7864,49392,2015-08-07 18:40,0xa1e4380a3b1f749673e270229993ee55f35663b4,transaction,0xef1b643d0cfb01321dfda1115fe8fb3181d9b592a79dfb75d1281117180d2d65,546,self-destructed,other,,,0.094
0xa3483b08c8a0f33eb07aff3a66fbcaf5c9018cdc,49428,2015-08-07 18:48,0x3d0768da09ce77d25e2d998e6a7b6ed4b9116c2d,transaction,0xb9926275fa948d65c5ac4b2896536bbf1b2a2a842567f724e9285ef0431b17dd,266,exists,other,,,0.037
0x8374f5cc22eda52e960d9558fb48dd4b7946609a,49853,2015-08-07 20:42,0x3d0768da09ce77d25e2d998e6a7b6ed4b9116c2d,transaction,0x2783a2db0bc7408c8177529684ff5d224d064a43985b550022879a51143a5dd7,495,exists,other,,,0.005
0x3b4446acd9547d0183811f0e7c31b63706295f52,49864,2015-08-07 20:45,0x3d0768da09ce77d25e2d998e6a7b6ed4b9116c2d,transaction,0xb5808728083eb4d2ccea735acbd3ab1cebdf660b52a49e7c56c76ee71218caf8,495,exists,other,,,0.005
0x6e38a457c722c6011b2dfa06d49240e797844d66,49880,2015-08-07 20:48,0x7e7ec15a5944e978257ddae0008c2f2ece0a6090,transaction,0xde920d165a8a3352156327edb7125e699cee116d8206dbcbf3600233a3407246,935,exists,other,,,0.022
0xd958b51bc95338d152d55beed17a156e8aec4c9f,49888,2015-08-07 20:50,0x3d0768da09ce77d25e2d998e6a7b6ed4b9116c2d,transaction,0x9c7f30164e2b0ab3c40ae901c2d69b29ed2faafa606af5879274f7cdba13c1af,607,exists,other,,,0.005
0x109c4f2ccc82c4d77bde15f306707320294aea3f,49924,2015-08-07 21:03,0x881b0a4e9c55d08e31d8d3c022144d75a454211c,transaction,0xb8f2ff00ccd2db351281cff6da5dd47b4d6c87e851ff4a5168a20b68f60270ec,766,exists,other,,,0.031
0xa327075af2a223a1c83a36ada1126afe7430f955,49931,2015-08-07 21:04,0x881b0a4e9c55d08e31d8d3c022144d75a454211c,transaction,0xe5da56901c48d12e17ed9bc731dcd1d7424f8423d588ec943f8ec48552683c66,766,exists,other,,,0.031
0xbaa54d6e90c3f4d7ebec11bd180134c7ed8ebb52,49936,2015-08-07 21:05,0x881b0a4e9c55d08e31d8d3c022144d75a454211c,transaction,0x25dba5fbd490ab29af89a5cdbddc6d0e4f9ae3a1d6fa3d63c53d013916f07ce2,764,exists,other,,,0.031
0x1392a4f1642c22bc6e3380bb156193e790770c35,50466,2015-08-07 23:22,0x3d0768da09ce77d25e2d998e6a7b6ed4b9116c2d,transaction,0xf2daf22a4f87a388b9ff88123d70d85c8663f1d7ac42e2e3dfd97abe38648f6e,0,never had code,other,,,0.000
0xc076cf70c54c698d4442cde1561452564fa339a5,50500,2015-08-07 23:31,0xb7576e9d314df41ec5506494293afb1bd5d3f65d,transaction,0xbb8d9e2262cd2d93d9bf7854d35f8e016dd985e7b3eb715d0d7faf7290a0ff4d,558,exists,other,,,0.000
0x61a9c3ee0fdc982630ccb79ffb53f277bc545606,50797,2015-08-08 00:45,0x2905726ed11131a984ce9c0119cb32dbc99de90b,transaction,0xceb87a06673e2465b530b58fcac9cacd9ffb56c092df6dfe86953ea1951b8ead,0,never had code,other,,,0.000
0x58828dc80663a0f3d4ba2dcaff1c4fdffb88d96a,51112,2015-08-08 02:06,0x2905726ed11131a984ce9c0119cb32dbc99de90b,transaction,0xf20d51a6d07ff4e1f32f082d84e8cf19589158d25def9f7bad189c56758593e1,0,never had code,other,,,0.000
0x8bbf81e9a8e936242354047c9905d621e269c7f7,51128,2015-08-08 02:09,0x2905726ed11131a984ce9c0119cb32dbc99de90b,transaction,0xbfc8978b8f5dd9b5de292620d31a904b870114c459233e664e4e40f7b334f78a,273,exists,other,,,0.000
0xf436ceba3850bd3b0e853b018212d6fc2b6267d0,51245,2015-08-08 02:42,0x3d0768da09ce77d25e2d998e6a7b6ed4b9116c2d,transaction,0x37f9d72b97288089fdba415b947153e6f7b7daab1034e38cab8bd4e539e8711b,0,never had code,other,,,0.000
0xd94badbec21695b7a36abcb979efad0108319d18,51291,2015-08-08 02:54,0x2905726ed11131a984ce9c0119cb32dbc99de90b,transaction,0xd064cb23bc28e3a233d40deadfc7580d71cd7eef707cd1dbf7eedf03b020b85d,219,exists,other,,,0.000
0x5564886ca2c518d1964e5fcea4f423b41db9f561,51807,2015-08-08 05:20,0x3d0768da09ce77d25e2d998e6a7b6ed4b9116c2d,transaction,0xf18ca6c25eafb634dac8256abe8bb2257f5ad2a1437221c22cbb6b870f97a9a7,2880,exists,other,,,0.026
0x0ad7f61dc4b9457505dc835677e3aa1a056d264f,51885,2015-08-08 05:42,0x3f113041d56dda809a245fe338832c2d373e7c80,transaction,0x3741016f4469740760c26bda0e2617b3d4404b487e5abef6db0922ddb0617d98,0,never had code,other,,,0.000
0x412fda7643b37d436cb40628f6dbbb80a07267ed,51909,2015-08-08 05:49,0x3d0768da09ce77d25e2d998e6a7b6ed4b9116c2d,transaction,0x60d2a087adb42b3f59590026e9717310ae8b6d3dd349ed92ca8330d9eeebd767,476,self-destructed,other,,,0.097
0x9018e2967c15e1faed9b5d6439522f075535a683,52313,2015-08-08 07:41,0x48cd680bb700f6b7de89dd9ff4932ccc158c3e05,transaction,0x0e6e3cae0fba5b57e7803b93fa0d5c37a6c7c00476cbe5100aea4154acc222b7,0,never had code,other,,,0.000
0xa1a111bc074c9cfa781f0c38e63bd51c91b8af00,52426,2015-08-08 08:08,0xb7576e9d314df41ec5506494293afb1bd5d3f65d,transaction,0xe1a133428b28de4b63410f6ebaddbe499de6ae5c7e0f55d60c142b20f66ba861,679,exists,other,,,0.019
0xda0c1c188213f92dd32b44796b4313ae267a68eb,52444,2015-08-08 08:13,0xd12e0ecc7d872f9075690d7599324656456bdb39,transaction,0x4e145121a6a8d8d6c8ad3bb2d7a723500b4c5254abd70dd21e1d86d44071e5c0,476,self-destructed,other,,,0.097
0xe727bba699fbe82a731dad9476b5234d0038cfa1,52830,2015-08-08 09:58,0x326be8f71bfb0379f989aab1cc1fe37f0a771f60,transaction,0xdabd7c1de0c70950eac907b2676fb347eb8b8f08154c7f243b2d24545bf680ad,0,never had code,other,,,0.000
0x7717efe25b65c8c0fcb97a170b086c17b025a1e1,52918,2015-08-08 10:25,0x4b0c6f0297cee4b551b6fab3277067b64b238990,transaction,0x89d065aa392f30ef639b4d506c3923c6a96315b2edfbe9f7fe4960d77904448c,457,exists,other,,,0.097
0xce44c75d3c2864421df2a1d2f068d8da8375f579,52970,2015-08-08 10:40,0x8674c218f0351a62c3ba78c34fd2182a93da94e2,transaction,0x427e341b43f13afde572fac5adc343b647a64d02aa9818e1007f8a9becddb0d3,683,exists,other,,,0.017
0x3c401b518252abe3bbbf898a44939699e7da1634,53051,2015-08-08 11:01,0x4b0c6f0297cee4b551b6fab3277067b64b238990,transaction,0x1426dbae0f164647019c08b8199bbfa90d81357df526fa36761f68dd45a96d1c,495,exists,other,,,0.005
0x33e98638ea7f2c2fd83731528fb53802af395d13,53054,2015-08-08 11:01,0x4b0c6f0297cee4b551b6fab3277067b64b238990,transaction,0x3dfab2d8a2dce564547373617caa05c1f0fe1c2d2db152f78e20e5d81956fdef,495,exists,other,,,0.005
0xdc884e349103eaee4aef913d532cb5db2745f48b,53108,2015-08-08 11:15,0x8674c218f0351a62c3ba78c34fd2182a93da94e2,transaction,0x29f7f049b65fa86c60e789f066a089041c21f5f65a6f16bc9f779032478c7884,1377,exists,other,,,0.055
0x18991fc52465c9cb2ca762947e855beb2ddfff72,53212,2015-08-08 11:41,0x8674c218f0351a62c3ba78c34fd2182a93da94e2,transaction,0xca7a51f17d6638692cecd0c75382fc226fa6332f2259d9a0f1ef3a6d30ca73dd,1543,exists,other,,,0.054
0xc20378103474086d171524d68d7d57092021d4de,53521,2015-08-08 13:05,0x00bd7514616c0e4dd28f5b351090abad03f104c8,transaction,0x1cc4ce647fdd2a513b86dea2135debeb01ff76eaa368a86a0d5f217cdad77e67,0,never had code,other,,,0.000
0x3df21fb7c9ec2d6c12c11b19935f44ff1fcb9b1e,53527,2015-08-08 13:06,0x00bd7514616c0e4dd28f5b351090abad03f104c8,transaction,0x70d9fda39e1c0206cdf1bb10e06b273d39d59011c7f26ee2d0eb7ddc99d28046,0,never had code,other,,,0.000
0xd2eccde805e888ae37646544d60185b842ff3d6b,53573,2015-08-08 13:17,0x8674c218f0351a62c3ba78c34fd2182a93da94e2,transaction,0xa13705d6ea905431caeb62c33d9a08ec83cc8557a33316a9612f6cf523dabfcb,439,exists,other,,,0.027
0x9b4364943c18c594d11e7a4484c40f41fce7c9be,53989,2015-08-08 15:15,0x4f68024b7ceb5ca92e7308bd08e523c632c0c739,transaction,0x423a89ae3fa471502c03e1d79e5fad8fa3637aea0e9687396315fe1a60687143,0,never had code,other,,,0.000
0xde0b295669a9fd93d5f28d9ec85e40f4cb697bae,54092,2015-08-08 15:44,0x5abfec25f74cd88437631a7731906932776356f9,transaction,0x9c81f44c29ff0226f835cd0a8a2f2a7eca6db52a711f8211b566fd15d3e0e8d4,3891,exists,other,,,0.025
0x4fb5acbe16ffdda225cb14c64aa84c7e253b08ae,54126,2015-08-08 15:53,0x4b0c6f0297cee4b551b6fab3277067b64b238990,transaction,0x2740e6ca150ccd0d3a564f12776d990d7bb13a0f280aee9b413b31b126d807cc,181,exists,other,,,0.005
0x5fc8aefc86884f0792995c015ff12647fafa0d83,54180,2015-08-08 16:05,0x85a12ea0fd4a0818d18a21653927028f92e24538,transaction,0x6596a0fd8da948de9a5f5d78f69997cc92dce0262c8366cd9b505d9e894465b5,1315,exists,other,,,0.027
0x4ab02026c081f6be9c31ebe76963cbd723f9d97d,54213,2015-08-08 16:18,0x8674c218f0351a62c3ba78c34fd2182a93da94e2,transaction,0xaf6cd7e03674b4ef4bd6f56832a181f29dd46dc65f671ef061a4f737cf7555c2,0,never had code,other,,,0.000
0x97b29a4a9087f7da2a9bb06aca8f7be7d67c3532,54254,2015-08-08 16:28,0x8674c218f0351a62c3ba78c34fd2182a93da94e2,transaction,0xf94c3cf181a5c3dcea9dab2b94bc79a579c169f4cd113d33550ba79182b3fcaf,1473,exists,other,,,0.054
0x506f4b138e30f4ed0b9511d4d676eaaeca466983,54300,2015-08-08 16:38,0x2d11763b4999fb3b61ca8d19c8c77a743079f7bd,transaction,0x12945faff5df252934cfbc25353dbecf2175b5017a3990bb764b44b7cc763547,476,self-destructed,other,,,0.097
0xd51ead1daa49bf10cf495430b8826780966130ef,54304,2015-08-08 16:39,0x8674c218f0351a62c3ba78c34fd2182a93da94e2,transaction,0x8d201300f015e312ce2525f1576f0599b803949860dab8c1e55f6f3c6f880b24,1411,exists,other,,,0.055
0x59622442b567187157b85d6928a6c56e1e0841ca,54329,2015-08-08 16:45,0x8674c218f0351a62c3ba78c34fd2182a93da94e2,transaction,0xd1324021689838fa240c3ba16c5896d72c090cae4ed71b92f3ec7dcd84bf7d0b,1197,exists,other,,,0.041
0xb9371963069cee6df7d153a9e6b45fc90cb6743b,54347,2015-08-08 16:51,0x8674c218f0351a62c3ba78c34fd2182a93da94e2,transaction,0xedd0980806a560639c9f645cf3d6726cae78047dabfd79d7be8e049785ac684c,1197,exists,other,,,0.041
0xba41af292f5c5edcc019f5ec41ac03752e4eb0e1,54357,2015-08-08 16:55,0x8674c218f0351a62c3ba78c34fd2182a93da94e2,transaction,0x2e818a4b9d03db001aee038e509f992e0ec9a48fc52f5cf8da596b15b17849cd,1360,exists,other,,,0.055
0x839333261d34dbf8d3bac21e8237252249d38dea,54372,2015-08-08 16:59,0x8674c218f0351a62c3ba78c34fd2182a93da94e2,transaction,0x80cfe6ad0f66cd755f41d2780c5ee3f879268d80de0171ce1b5597d372162d37,1501,exists,other,,,0.058
0xbca021a5b83ef3109acf4858f1d0e36f5ad15306,54384,2015-08-08 17:01,0x8674c218f0351a62c3ba78c34fd2182a93da94e2,transaction,0xde1a62249ebc6b3b98036ab0b2b070452bcf514d34aa92849547b5cb5e23feb0,1502,exists,other,,,0.058
0xe9712e9d4635f4c6937e9982a1596c64f0968a4c,54537,2015-08-08 17:41,0x4b0c6f0297cee4b551b6fab3277067b64b238990,transaction,0x484db0ce4b4a96f32bf78f2e60503b378ac23355723f09a83e874d5b8bc23798,495,exists,other,,,0.005
0xb72ced50dcd6c8a146a4f009f323151087f86e3b,54564,2015-08-08 17:49,0x073f70b5bfade6409e4951ef72bc8f4157677729,transaction,0xb27e4512d793714216d3754807930cb1bd9457e264e281b3a6087ac7d23ddaf9,1085,exists,other,,,0.018
0xdff42ad7ef3dd8e8dc5e677a724f509790a4ec5e,54577,2015-08-08 17:53,0x4b0c6f0297cee4b551b6fab3277067b64b238990,transaction,0x87c49538eab70a58476f5379256b7cec90096ee828a868f4de865fcf56352307,495,exists,other,,,0.005
0x98f47873a6b1558ec558f1ba3bc2546966d7e0ba,54593,2015-08-08 17:57,0x4b0c6f0297cee4b551b6fab3277067b64b238990,transaction,0x13b3abdc344e82f4191fae0acc7688e4f74ecd53a153c9c319f8d832265af403,495,exists,other,,,0.005
0xd4eae4ae8565f3ecf218191fb267941d98a2c77a,54642,2015-08-08 18:12,0x4b0c6f0297cee4b551b6fab3277067b64b238990,transaction,0xc3626687a996e0cbe18241ac7918f9856d56af5a2a320e55d825f93f472c5b4d,2048,exists,other,,,0.027
0x096b7382500fa11c22c54c0422c5e38899a2e933,54675,2015-08-08 18:23,0x4b0c6f0297cee4b551b6fab3277067b64b238990,transaction,0x47c46362891bc8c7127c3ca1816e975b096df4aaccccc67e27fda0042ee15282,0,never had code,other,,,0.000
0x399dfaf3935523475e69df74ee1675709115c189,54886,2015-08-08 19:21,0x8674c218f0351a62c3ba78c34fd2182a93da94e2,transaction,0xd28fb67bec876e37430ab70c913cc2e8dfc7e7d59a87012e257a2fed7d4acf15,1625,exists,other,,,0.054
0xd5e9b97a4ea7df470b01eff3e35e74b4753b2be9,54906,2015-08-08 19:27,0x8674c218f0351a62c3ba78c34fd2182a93da94e2,transaction,0x5118b7458a6d96b27a37e91dd5f789444dd545787c30de4f448f861feeea7fe1,1560,exists,other,,,0.054
0xf6bf0ee51fe0ee92500bb22295382e9241ec3b5c,54913,2015-08-08 19:30,0xfd2605a2bf58fdbb90db1da55df61628b47f9e8c,transaction,0x5e59ddb49e72e79d84c5fa5d801df0fb8b2c64a32b4c914aaf3979514d37c31a,1073,exists,other,,,0.018
0x1e918dddfaf23688efd884e60f0d13cf04b422c1,54931,2015-08-08 19:37,0x8674c218f0351a62c3ba78c34fd2182a93da94e2,transaction,0x764bca1c76a2ea5d0fa9302322ae8b112dabf149c8c9e0745969ad0ef7c1db67,1510,exists,other,,,0.058
0xb0df134583628499f449aa9afe9015e24a6e3187,54949,2015-08-08 19:43,0x6919dd5e5dfb1afa404703b9faea8cee35d00d70,transaction,0x357bd0dabf362fc5f14c80fbc7d13a8fce1b36d0e348bdd9c74172d02e8e12db,6062,exists,other,,,0.021
0xa546d23a22453ae3dfdc57fe02455a87c0d3c75a,54950,2015-08-08 19:43,0x8674c218f0351a62c3ba78c34fd2182a93da94e2,transaction,0xccc51f30689646af857a2408e96f3d14f6c8ff95059b43761f5397bf5eb50c8d,1502,exists,other,,,0.058
0x3a2c6e618b72f2047f5be10570582d41840b8e78,54969,2015-08-08 19:48,0x8674c218f0351a62c3ba78c34fd2182a93da94e2,transaction,0x9ecc9482e5ce1616b6a71ea6b7434d53418836c53a1176b27873c7f7190fc599,1574,exists,other,,,0.057
0x1131589d72900dbe3439aebe5e15a1df4672fa8a,55101,2015-08-08 20:22,0xc70ba22fe446a85a247bf85bad1addf3ddaf62e9,transaction,0x149d9e71d3f367e8e0666b33ccd0559a54936621e6292ef15c215bd8c41b1943,476,self-destructed,other,,,0.097
0xd38c7bfc3cf7457241b62cc9f922f455c286a1b3,55142,2015-08-08 20:33,0xc70ba22fe446a85a247bf85bad1addf3ddaf62e9,transaction,0xa3856723ba6a0bf8a0c2f8e00f021d31262bf1b1006b9846c9fcc64d4b9fcd83,551,exists,other,,,0.012
0x7320f8461bbc8104c677fec0429cc0d963a5ac40,55189,2015-08-08 20:46,0xc70ba22fe446a85a247bf85bad1addf3ddaf62e9,transaction,0x551caf88ac741e54b987bad754a791cb9d4ff2c760df0f14658508490bba1cea,551,exists,other,,,0.012
0x838e90a2f735276d8c7824c3858b7ceb3aa6b110,55199,2015-08-08 20:48,0x9b2c46642caf6b936dc0633da521f1e946b7e18f,transaction,0x4494215d70cbbda8233debfdf2864db0dc2a906608076d566605f3213a7dfdd2,476,self-destructed,other,,,0.097
0x6517102217a362f2506ed0c137c716f629b1b222,55260,2015-08-08 21:03,0x8674c218f0351a62c3ba78c34fd2182a93da94e2,transaction,0x1b681b6b30c6a309704f799dbace86693f889b9ae784419ba348be8fec467be8,2290,exists,other,,,0.046
0xc3858ea3c634691143aee216f3e832db9165889a,55290,2015-08-08 21:10,0x8674c218f0351a62c3ba78c34fd2182a93da94e2,transaction,0x5fef86d27b2391cd5629852a8a743558e86455fad8dcf95dfad10fd40e22ebda,1536,exists,other,,,0.054
0x139f75ea7dd0ef5e115ae53e863ccc96dbd9a2f6,55345,2015-08-08 21:27,0x5947168a79db294bda0db697a2e4ec7dfb2a0a5e,transaction,0x852120931ae5fd6058b802411be4b9c60c6ec815dc55a7b821454a107bcd22d3,0,never had code,other,,,0.000
0x8200b7230d552862942875355f71fe4617e814d6,55345,2015-08-08 21:27,0x5947168a79db294bda0db697a2e4ec7dfb2a0a5e,transaction,0xf968cd78c874a57335293afd3d3987aa3260063a3b80c85b62b3074abd89af55,0,never had code,other,,,0.000
0xced179cb113196835dd7f06a036ed2828361154c,55355,2015-08-08 21:29,0x5947168a79db294bda0db697a2e4ec7dfb2a0a5e,transaction,0x9888f1b0d684daa0c5710bf4e8954e549c39708e7520694e4d038a479ed50bf0,0,never had code,other,,,0.000
0x76173df7aceeeb990839dc0c359c4a3ec1e01da7,55365,2015-08-08 21:31,0x3d0768da09ce77d25e2d998e6a7b6ed4b9116c2d,transaction,0x380892f4ff85c9249ea43df476938cd4f05ea8e9940a336de9f051f3b3d50bfe,476,self-destructed,other,,,0.097
0x28a6216147fcc08e53d062f80394fe52784fa8d9,55372,2015-08-08 21:34,0x8674c218f0351a62c3ba78c34fd2182a93da94e2,transaction,0xffa20ca80ecc43071ae2a2b130bfe191f25c8bdcdd928800c0ceeea440448d41,1609,exists,other,,,0.057
0x29d8438757cb0afed950b484437e6ed849f5cd94,55399,2015-08-08 21:40,0x5947168a79db294bda0db697a2e4ec7dfb2a0a5e,transaction,0xbd76c56ee0d85eed243fae5257fb09657285b44fad0f3366a027d8beedc8693e,144,exists,other,,,0.000
0x78fac3f3e6e6a20d5aa5cafcf56b93e2dce1e99f,55399,2015-08-08 21:40,0x5947168a79db294bda0db697a2e4ec7dfb2a0a5e,transaction,0x9d31904c2eba03a4b1b822cfecc533e30767c338617e9908d5aef40484e65125,144,exists,other,,,0.000
0xaec076c43acc2e0db807ee4d63bd8d48a24643e4,55399,2015-08-08 21:40,0x5947168a79db294bda0db697a2e4ec7dfb2a0a5e,transaction,0x6b1812e97f54a64f9a24572a7d376deaad62dcc5dadcb5cca24b71e648752a55,144,exists,other,,,0.000
0xe421ecf0fd7e3d4444e811649d2fdc5b6ed4112c,55401,2015-08-08 21:42,0x8674c218f0351a62c3ba78c34fd2182a93da94e2,transaction,0xa8e0a8ba5ff5dca6f8b2af38ee435761f1582dc8e1287d5c3709510b9315afc2,1645,exists,other,,,0.057
0xbb34947d3e4485c851fc7b3bce7ea4148128a6e5,55413,2015-08-08 21:45,0x5947168a79db294bda0db697a2e4ec7dfb2a0a5e,transaction,0x05a9fffeb68f84a82c2f2f756b2d647d78f5c4663478c35c566284817dc7f949,144,exists,other,,,0.000
0xf290de524d690e4abda02e3fb6345eeac12999fc,55431,2015-08-08 21:50,0x8674c218f0351a62c3ba78c34fd2182a93da94e2,transaction,0x41e3247c74a98eb330183479f2191ac567de3042c306e5a3e06b22bf17a11430,1625,exists,other,,,0.057
0xce6cf9da3cd2ca4d6f7bcd4ee4335232386d8809,55444,2015-08-08 21:53,0x8674c218f0351a62c3ba78c34fd2182a93da94e2,transaction,0x54db661f9c4ff585155d63d22deb96f7c757a876081e335f54a09dfeea186118,1634,exists,other,,,0.057
0xbdea11d5cb2558a2f25b7b90d54bf1b27e4aaa78,55457,2015-08-08 21:57,0x8674c218f0351a62c3ba78c34fd2182a93da94e2,transaction,0xbbe585862d24d35f9e246a9b90af58ef923847e2001a0e2991af1ecdba093250,1726,exists,other,,,0.054
0x1686eca4501a2d0bff4bd85b64ea0e158b804c49,55473,2015-08-08 22:00,0x8674c218f0351a62c3ba78c34fd2182a93da94e2,transaction,0xe22e36afef6b538642326702d000768ec3adcef174c0295b4362351153fd2fb5,1540,exists,other,,,0.054
0x6c8dda9f172d4601b3c5429321f458b08d5ef84e,55508,2015-08-08 22:11,0xc70ba22fe446a85a247bf85bad1addf3ddaf62e9,transaction,0xbf7a49b48da8c14f154d2ecf631b7372f745946482e1a8b4e438b8d2e141d578,180,exists,other,,,0.000
0xaa681a1f3237d61283dad56acd7f8d9a1e6adc06,55520,2015-08-08 22:13,0x8674c218f0351a62c3ba78c34fd2182a93da94e2,transaction,0x65309cfc7c7ef9ff0d0981bf010637e755b22a3f13f1813e4049bb9eaebdbfc8,1560,exists,other,,,0.054
0x5bd4a6d9fa2080cc31b159686a08669957527b12,55563,2015-08-08 22:25,0xc70ba22fe446a85a247bf85bad1addf3ddaf62e9,transaction,0x621e22c902569720e0c641f3b163a3f3a2a5c6520226b79755a9658208d62c3a,169,exists,other,,,0.000
0xb87824547db80f1fb37d0225b99f1a602f8642ad,55627,2015-08-08 22:46,0xc70ba22fe446a85a247bf85bad1addf3ddaf62e9,transaction,0xdbfcd2006dd6f0b779127f2fd9dda8e437023a1798eada92b484caa6cc124cd4,169,exists,other,,,0.000
0x7573aca378b8417623cad233954fde810cad9fb4,55701,2015-08-08 23:09,0xfd2605a2bf58fdbb90db1da55df61628b47f9e8c,transaction,0x2a4ed86cacffbac68e2fc4810857b8c80a3cbfb5f455d7f908af280d5da548c2,963,exists,other,,,0.019
0x173926d7ecf7b3508ba7759c2ee536412c53eeec,55759,2015-08-08 23:28,0x9b2c46642caf6b936dc0633da521f1e946b7e18f,transaction,0x8e6d405e458afc68e4632326ae508ea8855c97a3e7e9f5c889d8c820be62a9c7,495,exists,other,,,0.005
0x0013e723f574bafd47cc1542532cdcd98c1c2989,55847,2015-08-08 23:52,0xc70ba22fe446a85a247bf85bad1addf3ddaf62e9,transaction,0x8eb1aaf39c00917a942b65dc2d7bfb5dc0b64b4f8dba018a6f72146970e33b76,80,exists,other,,,0.000
0x634f33e4100880a89d1f3b74b906a49923fc38eb,55901,2015-08-09 00:08,0x9b2c46642caf6b936dc0633da521f1e946b7e18f,transaction,0x13c72d9617b8025aae13b320c9921a2dff787169b94460cce61c342c18b5dc16,495,exists,other,,,0.005
0xdbb576b5b0e7bf0570a981aab3ad39a0c5f19eb1,55962,2015-08-09 00:25,0x9b2c46642caf6b936dc0633da521f1e946b7e18f,transaction,0x27d92bc20c3d5f524f4e5f2c1bef4bd4439ef9e99147d9aff00d981688c4d456,495,exists,other,,,0.005
0xa77436621b16912aeb744a1313a071ba6a25a278,56017,2015-08-09 00:39,0x288e4356f12d0d3d0f8df3506e457e7cfd5f4ab0,transaction,0xa15cbd5bf6c1c15d0157f78f43a2a113f722805c34a9f8542f4bbab9ee44ddd3,127,exists,other,,,0.000
0xb179a893de8ec62bc2817eafb369412de74bf09d,56082,2015-08-09 00:54,0xfd2605a2bf58fdbb90db1da55df61628b47f9e8c,transaction,0x55a7a11277badcd25db44a842c822badff9a61d5afc04aa5481966ab4c59400a,44,exists,other,,,0.000
0x82000e228027bbfab26eff81c221024fe4b0690a,56099,2015-08-09 00:59,0xfd2605a2bf58fdbb90db1da55df61628b47f9e8c,transaction,0x2f6cb8811d108e8ed520afecd4e9c50e88ead10a25d40f0d8df425ccebae4d85,44,exists,other,,,0.000
0xbafa73d5c2d46b66c299e1bb6d6b9f46b21819f7,56117,2015-08-09 01:03,0xfd2605a2bf58fdbb90db1da55df61628b47f9e8c,transaction,0x7ff3b1d4abbb4d90b7fd29c5f25a05fbfa82001f65d3eddf985efde2029ca221,48,exists,other,,,0.000
0x627a6ebfc21a2dc63efac99a68c8e0d85c25bce8,56121,2015-08-09 01:04,0xfd2605a2bf58fdbb90db1da55df61628b47f9e8c,transaction,0xecda9caafd5cc8677b3fc1f61914b5963f65eba3b2ad3f0ba833a1ec1dafc244,44,exists,other,,,0.000
0x3d26e176a2d25d3ae98f67c9f1086704be816e5e,56131,2015-08-09 01:06,0xa1eec0a9b7c50b8e79a0d9b8760bc5681fb199ec,transaction,0x7ca181a1342f1753efa768ba642235c43050bc1c49370fe27f3326afc13181e7,476,self-destructed,other,,,0.097
0xbb6006a18eca93c83c31cefa380fccf50fa3bff7,56157,2015-08-09 01:14,0x288e4356f12d0d3d0f8df3506e457e7cfd5f4ab0,transaction,0xa89651f34de56a3893dc9ddf78c5ea06017f761ea0a3e829264d07a9b116148d,580,exists,other,,,0.028
0x40f457d7d8430bc6d03609b81cc2e95b7befb01a,56181,2015-08-09 01:20,0x288e4356f12d0d3d0f8df3506e457e7cfd5f4ab0,transaction,0x1aa555d624397a94aca3001360c4b82a7d473fbed1699daedfd4d3c2e4d79347,906,exists,other,,,0.032
0x3de43c2475a639f8b4cd8655ca7c395855274374,56236,2015-08-09 01:34,0xfd2605a2bf58fdbb90db1da55df61628b47f9e8c,transaction,0xd8d5773567447ae0a719f613e1879d16cc11d3396c2157c1ef2ecd06415698c0,1205,self-destructed,other,,,0.026
0xb49180d443dc4ca6028de0031ac09337891fd8ce,56258,2015-08-09 01:39,0xa1eec0a9b7c50b8e79a0d9b8760bc5681fb199ec,transaction,0xc5a9e309b48f9629d7e16bbb7930b486d9c8e18127bfac2b11c8423bfa96af57,495,exists,other,,,0.005
0x01957911244e546ce519fbac6f798958fafadb41,56289,2015-08-09 01:48,0xa1eec0a9b7c50b8e79a0d9b8760bc5681fb199ec,transaction,0xf6c04141ecdb7b9731d7bdecec2986f5713c7cc10a28b5841f6cf65847ba4e19,2012,self-destructed,other,,,0.027
0x44bc652e977c0a40905ea9d0eb0da1a148358d61,56406,2015-08-09 02:19,0xa1eec0a9b7c50b8e79a0d9b8760bc5681fb199ec,transaction,0x1aca4e0bef992eb33653d52123cca40c9c8acdd3ddb0b73720ece53a9bc44c80,161,exists,other,,,0.000
0xf38b4b47b3d6a50078aa97b3c0a75664224ea71c,56414,2015-08-09 02:22,0xfd2605a2bf58fdbb90db1da55df61628b47f9e8c,transaction,0xe11004b2cf997d767cc9d5b77b017655d44e05f86299d99a52552fae1f393e73,1451,self-destructed,other,,,0.024
0xabff46330bc70e19673b280d2f77f6bbb485f029,56435,2015-08-09 02:27,0xa1eec0a9b7c50b8e79a0d9b8760bc5681fb199ec,transaction,0x163429ca714fe2d9614c726ad962919f5bbe2b035a1d2ac99a82f2fbc4732662,77,exists,other,,,0.000
0xcdd192f2c49383af4321c7d1941fb3c9ca1b622c,56478,2015-08-09 02:37,0xfd2605a2bf58fdbb90db1da55df61628b47f9e8c,transaction,0xb7314539e7288fd225e35bfce8bcff09a0293929f87c712d55cf96826c41cba5,1451,self-destructed,other,,,0.024
0x7af6af3d4491a161670837d0737bada43ffbb992,56646,2015-08-09 03:19,0xfd2605a2bf58fdbb90db1da55df61628b47f9e8c,transaction,0x8f46ef9774e805fbeaa6b794611b2c326bc42e6e434e1a2cb57ac38f04180a64,1475,exists,other,,,0.024
0x1a785851f96816e37bfc954cb9fc3c1872c885e9,56674,2015-08-09 03:24,0xa4670731175893bbcff4fa85ce97d94fc51c4ba8,transaction,0x70e4a8833483f3f6f6780ff5135d4a325dc2f70693e250d6c0b3422884c5b6f2,0,never had code,other,,,0.000
0x3d0bb85524ae4e1f5166d4d45926aca3a4fe58a8,57257,2015-08-09 06:01,0xa8a97ab562bc801a2c5f47b58ed0f7b0c3076a1c,transaction,0x3fff5f029624b39ed830f65614654587d3b2b15a0b80f1842179297b98ed260b,0,never had code,other,,,0.000
0x05fe1822845381c20abf02ff0621d35a07570472,59324,2015-08-09 16:05,0xfd2605a2bf58fdbb90db1da55df61628b47f9e8c,transaction,0xf74327b8be0dd3cf22ce3998ae402eef433ea181dc1397bca2b0e9e504fd6445,1501,exists,other,,,0.025
0x9ed1a2bc358c216483b6d52b9c404b766e2c87c0,59482,2015-08-09 16:48,0xfd2605a2bf58fdbb90db1da55df61628b47f9e8c,transaction,0x0a65557f28808f6f3d4dd6e73ae05380f7a9404ea559c75af1889c9cdd7a0b25,1501,exists,other,,,0.025
0x45109a940501da9c2f32db25fb40c23c5775a62c,59542,2015-08-09 17:06,0x288e4356f12d0d3d0f8df3506e457e7cfd5f4ab0,transaction,0x3a1212daac52d6f208a2601704d350f76653832521c808fc911665eeef4c8558,1100,exists,other,,,0.042
0xd8563be89a5cd66874d78b58af57a9add3286e03,59549,2015-08-09 17:08,0x288e4356f12d0d3d0f8df3506e457e7cfd5f4ab0,transaction,0x1571f8b8c822cb61cbb06b6164e939bf950edf4379eb77ad2762715c02ccd1e1,1100,exists,other,,,0.042
0x491756ee26d3ec290f86e06375939c909e8a4575,59559,2015-08-09 17:10,0x288e4356f12d0d3d0f8df3506e457e7cfd5f4ab0,transaction,0x0266e858b75cd37f16e0ccdd570eed3f76e695f919ebaa9ffceb304a5c3a32ce,306,exists,other,,,0.000
0x4364eff50d20ca13ec7ec6e9b0f7529a1f39df3c,59716,2015-08-09 17:48,0xa14cf6cec1c6aae4b608458f6e14692863a937aa,transaction,0x115cdaeb7362d1d0e5afde533ea23705183b2712b14ac32810dd75577c866f71,830,exists,other,,,0.030
0xdf683ef2fc45ee3105be89e192453de929f0f7a8,59923,2015-08-09 18:45,0xb100987e77feba6f022dbd22b80b008e35d3ff2e,transaction,0x5a3f2abbb4a3aad23c7bdbd4846853b922f9102ae109eca30aae20d9a9632541,744,self-destructed,other,,,0.029
0x63d45f78197deb5ea5761caf292b0ab4b7ac2f70,59995,2015-08-09 19:06,0xb100987e77feba6f022dbd22b80b008e35d3ff2e,transaction,0x2b1620293394fd551e50848a0417228cc71ff788fb208b7ff1090ee9f3558430,744,self-destructed,other,,,0.029
0x020522bf9b8ed6ff41e2fa6765a17e20e2767d64,60143,2015-08-09 19:53,0xa14cf6cec1c6aae4b608458f6e14692863a937aa,transaction,0xb8b74ca2056ab50a7d90b05abdc87a90f8be02b7c5ae98a4d36dc4afd78163c3,744,exists,other,,,0.031
0xee191006f786005a70e3f6f7c9bb279de9753807,60154,2015-08-09 19:57,0xa072691c8dd7cd4237ff72a75c1a9506d0ce5b9e,transaction,0xbdfc1fc00d700d832aee154e0d14b076719ef8115c99649c01e4559161e42ea6,0,never had code,other,,,0.000
0xd1f0a455add2c6725c38f6139a81db625e90359a,60167,2015-08-09 20:02,0xa072691c8dd7cd4237ff72a75c1a9506d0ce5b9e,transaction,0xfb5ffb339d1e7cbcad3dbd6d124c1debda2b5d63e323d614e2e2f92e79e04d5e,0,never had code,other,,,0.000
0xc7d3e431be6222543364408a94c12c0d089be305,61142,2015-08-10 00:44,0xc8ebccc5f5689fa8659d83713341e5ad19349448,transaction,0x46f4b3a96fc4b9baaaac60b9e49fd3bb0699873e4a1eeca2674bf7f10cbd4414,1539,self-destructed,other,,,0.077
0x1702c089c3d4b2b8e09232f36114e41c214d6939,61251,2015-08-10 01:15,0xe2bea3e7d349ab64ebd9873418e78912e13cd35f,transaction,0xe65a4f4a49dcbf57f40790c824328de4ad3cf96d241c5b7a1bfbe571e17145f0,476,self-destructed,other,,,0.097
0x3d20ca881df543228b314bbe1d47bb54db124383,61435,2015-08-10 02:06,0xe2bea3e7d349ab64ebd9873418e78912e13cd35f,transaction,0xbfcd29aedfe329b827e7f699d82a42770512384b174b9a46ed7334be70d9e551,699,self-destructed,other,,,0.079
0x4cce413f565f8a9e2a25d9d270a9a36061f4439d,61657,2015-08-10 03:04,0xfd2605a2bf58fdbb90db1da55df61628b47f9e8c,transaction,0x1676d96fd9f6c875cefaaf4381ffe39df7679edaafab581c8aafe818b3ca6968,1204,exists,other,,,0.027
0xfca662d5d0af161b8fa6986e7901348c0e3caaed,61819,2015-08-10 03:50,0x399e51beb529f28056c392653c99a2ebb654571f,transaction,0x01b05bed03a2d9f0ef7ff6c3dcf90fb9b59ce53d2bf5efb7b967b815f246a107,476,exists,other,,,0.097
0xfbc128067a2fe13c11bbc6cc55f29aa1f27630da,61994,2015-08-10 04:39,0xa748fac76b1d857e2f77484a0f816463e8b56edc,transaction,0x05584f2bd9acaa65e1a8b113c1ff7064c2848d64f07e09c3f90338630e5a5027,739,exists,other,,,0.040
0xeb46b81b790df256e4f9236a1e2c3a26e3d284f8,62127,2015-08-10 05:15,0xb100987e77feba6f022dbd22b80b008e35d3ff2e,transaction,0xa7adc2e95a9a5fc0fb3d788728a4bcc84f6dc1ad14d2d9bffb828fbdf71b70be,818,self-destructed,other,,,0.036
0x95a93b4d6cdf68235f3b68046d0f81e78d61572c,62166,2015-08-10 05:24,0xb100987e77feba6f022dbd22b80b008e35d3ff2e,transaction,0xb0b9e09b1d9239197ec765c8daf52036b8aacb63fc6727c66f49d2ee3f00e302,879,self-destructed,other,,,0.035
0x0b7591abdf17a364f167a99af38e58694acb2aa6,62182,2015-08-10 05:29,0xe2bea3e7d349ab64ebd9873418e78912e13cd35f,transaction,0xcf0d7e8c04d367387477adde17c1d17d1cccb042c0d38ed369360544e46ab5e3,629,self-destructed,other,,,0.094
0xdd078da257128aef13471ace70ef448c0a3f1eca,62220,2015-08-10 05:38,0xb100987e77feba6f022dbd22b80b008e35d3ff2e,transaction,0x4efa1635f67293876e8a30f9649ba762fc1e569ee4a94720f2f7e0489a9782cd,777,self-destructed,other,,,0.028
0x8b9a77ea50493eea6ba980f74dd66ff633172917,62398,2015-08-10 06:28,0xe2bea3e7d349ab64ebd9873418e78912e13cd35f,transaction,0x7c049fa31ab37ad2107c1cecf1fa683bcc1429774c0855f1984db9ae0c7546f4,694,self-destructed,other,,,0.091
0xa6896c6bb7e0ac7c620ee36a74d298b4786f1872,62435,2015-08-10 06:37,0xe2bea3e7d349ab64ebd9873418e78912e13cd35f,transaction,0xea12cf90c6bfce3d71d52a0709af28b283a6e0e0008a9d2475b7c2259f62dd1e,790,self-destructed,other,,,0.088
0x6c18eb3a3cbfc8fc6eec1d80ab1d0dc5510fa0b1,62499,2015-08-10 06:56,0xe2bea3e7d349ab64ebd9873418e78912e13cd35f,transaction,0x9808ba5a136fa6d8b72f2ca425fdaa12ac76c0ff0975465c6227b86c94786ba0,804,self-destructed,other,,,0.091
0x125b606c67e8066da65069652b656c19717745fa,62632,2015-08-10 07:30,0x8391813c10b72507819251bd4d2b96696afd9495,transaction,0xa7b5c52401cfaeaed4859342c7c90948f01ac357855af047eb3ab6210b253d46,642,exists,other,,,0.030
0xf3ffaeaf1da13be6e101c78554abcfb1c93a4db8,62912,2015-08-10 08:41,0x2910543af39aba0cd09dbb2d50200b3e800a63d2,transaction,0xa4aeaa44d15b530d821ad92eb105938be5f9c104c98cd44000ab1b15f3cb399e,850,exists,other,,,0.058
0x2272d8d4dec7df90a36f03eff778decc6918f1a9,63331,2015-08-10 10:31,0xdd38c62d238be6bb72162afec32ddccedd3a0a51,transaction,0x12dc0a57f8e63789bbeb6f21cc6a6d184030d3927550d6996899cd1954b3ad44,2880,exists,other,,,0.026
0xa85146c7ba442f7cba546c89bc555432ab9bbf06,63333,2015-08-10 10:31,0xdd38c62d238be6bb72162afec32ddccedd3a0a51,transaction,0x2aa617132921d40638c1fa2695769568bcd9260e27b29bd69af54d3d9708a826,152,exists,other,,,0.000
0x87ad8fed4213f32f311779749b566d561846d9bc,63337,2015-08-10 10:33,0xdd38c62d238be6bb72162afec32ddccedd3a0a51,transaction,0x251cbc2842e7fc983d2ae3e39826446760e53f8cabddda757b4d02c76a567dc1,193,exists,other,,,0.000
0x793ae8c1b1a160bfc07bfb0d04f85eab1a71f4f2,63809,2015-08-10 12:41,0xc8ebccc5f5689fa8659d83713341e5ad19349448,transaction,0x258a93bf65790447d671ba836ca522fecd0f8034bfdad0f95634c0f923a20984,327,exists,other,,,0.036
0xfcb20ae9a3fa95af55803b8cdab4b0643fb96d3f,63886,2015-08-10 13:04,0xc70ba22fe446a85a247bf85bad1addf3ddaf62e9,transaction,0xd32f489c11ba4c03f6cfc9b2d49f8f8ccaa47925c0192cb3c50871f485e0a237,109,exists,other,,,0.000
0xf30bf3dcb1fa1ce1427ae586c54a95fce48f7db2,63925,2015-08-10 13:15,0xc70ba22fe446a85a247bf85bad1addf3ddaf62e9,transaction,0x70cc4cdf696b8356a41845c2f342fa3bc4f6aa203d1f71e8a8b4be6250a7d0d1,495,exists,other,,,0.005
0x4c5a2d876421bcf8518c34778b652a63d463b56e,64073,2015-08-10 13:53,0x54352a818dd27c9461d18340589e5721864a47e8,transaction,0x0ba21f87f6715cace68d6929f93b4dc6b94e04c4e57ffe876c64007bc45b6e32,213,exists,other,,,0.040
0x28111823d089491106a18a3b1e08f15938f0510b,64076,2015-08-10 13:54,0x54352a818dd27c9461d18340589e5721864a47e8,transaction,0xdd43d9ba1d192564f8f68978282fa6d53e95efae7b829a0584b407c2398311dd,213,self-destructed,other,,,0.040
0xdf4b519d56f879707b5139c9e7f8957114dc9b87,64112,2015-08-10 14:04,0xc70ba22fe446a85a247bf85bad1addf3ddaf62e9,transaction,0x5c2522f46df93c16ac2537341ee95e6d7baa71fd278696cfbf3355d8604d026e,483,exists,other,,,0.012
0x09d7d329a642ef73402360b9a1039bf6bc342c02,64263,2015-08-10 14:43,0x8674c218f0351a62c3ba78c34fd2182a93da94e2,transaction,0x140f030bbe50f7dac4ea01b0f0db63f983142d505e7bd438b8a1f97f6c9826e2,562,exists,other,,,0.028
0xd2c12462b5b2e3cad01c9034f9e8f6921811cc63,64444,2015-08-10 15:33,0xbeb3b1d443791e4b2207a9866800e02dacf19c02,transaction,0x11cc4ce66173ddc329fa831903000ad2b4f26bb7dfa3ae20ff337d0348b5f58e,476,self-destructed,other,,,0.097
0xd7dc1d3210e52099a8b303cffc642ae0904de02b,65215,2015-08-10 18:58,0x9845f1677a0d66a79b5dafe14d75638369b21505,transaction,0x2eec8c56e25df7bbd2b64b2ce82498e77bc3cc8721cd11d3650840ad87425fbc,476,exists,other,,,0.097
0x90ab39213f1d947e2a3b8936ac37dca2556a9ece,65327,2015-08-10 19:29,0xa61e151af0007b7406d969dce51740caf0d69088,transaction,0xc5352423b9471e4eabb8f92962c0449d3dc3899fc9309257e35882a619d15f78,476,exists,other,,,0.097
0xed5868f9ec0651f5a9797fad4716c1269b776730,65407,2015-08-10 19:53,0xfbb1b73c4f0bda4f67dca266ce6ef42f520fbb98,transaction,0x2eb8389429099e3b89eb776bbe2679b469e9fa5a6776b32758c0be0171c8b819,850,exists,other,,,0.058
0xb2f37cc72f2686abff63220fbd33a9bfe62d4ee9,65670,2015-08-10 21:10,0xea3779d14a13f6c78566bcde403591413a6239db,transaction,0x4985c04d4e8d649cb3afdae95685b7782f17ddfe394c07899a437f1da2648287,0,never had code,other,,,0.000
0x0fa647372d8535054f3a9c269f1c5d8299fd0bf6,65826,2015-08-10 21:51,0xfbb1b73c4f0bda4f67dca266ce6ef42f520fbb98,transaction,0x4f601e205165a4761c1d5b39eb664e2e8d0854f802eed47d4d2a6cad8a398fba,850,exists,other,,,0.058
0x305e14e760862d558d50271c353d388d094a6e8f,65856,2015-08-10 22:00,0xfbb1b73c4f0bda4f67dca266ce6ef42f520fbb98,transaction,0x90205b3e707464799b49f04a4687b7a76103f805c4afbc5b0b8363c842a408c0,850,exists,other,,,0.058
0x1e91bbd6bf9a7cbfd8da173162012512cd32bc56,65882,2015-08-10 22:11,0xfbb1b73c4f0bda4f67dca266ce6ef42f520fbb98,transaction,0xb886c66ed12571bdc24329bb653f193e51e2677f832166d1afdcfa4ad247bf23,850,exists,other,,,0.058
0xcac7000c7dbaa2e33af15325af5d435e011c7bdd,65894,2015-08-10 22:14,0xfbb1b73c4f0bda4f67dca266ce6ef42f520fbb98,transaction,0x681d06fa9196e08dd62ad5795235e28733c4d8295307d114191ddddc6658a14f,850,exists,other,,,0.058
0x17728339e98e8ecc37d83701d2686fde434664aa,65952,2015-08-10 22:30,0xfd2605a2bf58fdbb90db1da55df61628b47f9e8c,transaction,0x58e586c7941f40ae1ad518bbd5ffe4e7bbc3197ecf691f49f103120caf16151a,1379,exists,other,,,0.026
0x5fe5b7546d1628f7348b023a0393de1fc825a4fd,66126,2015-08-10 23:26,0xa14cf6cec1c6aae4b608458f6e14692863a937aa,transaction,0x8478eedb4b0a7309de241b4da8311c6e0b91405bd4cd2739aba2a40a9e85531b,2031,exists,other,,,0.030
0x02aeac9ca07bc56f37d5ec61b28a3dffd7cff0a3,66156,2015-08-10 23:35,0xfd2605a2bf58fdbb90db1da55df61628b47f9e8c,transaction,0x11eb3af1add29a8c18518436fd6bdbe2901a4a66d7479ebe2988e6c25d9d813b,1326,exists,other,,,0.026
0xa18d7182d5935578958a07fd7e9d062ddd418761,66173,2015-08-10 23:41,0x8394a052eb6c32fb9defcaabc12fcbd8fea0b8a8,transaction,0x0b72a39c4632cfd7597c2f8a72c20a1251750fb7dc6d267f0d30fe898cdf8f10,109,exists,other,,,0.000
0x29fc18dc5036f5b5e153e5063e60428394685a3c,66277,2015-08-11 00:07,0xf070bcfed253b1ddd1989c2db18b5cd92df0bdc6,transaction,0xf5f43bebf6a740dd5946a041f655c26f3cc50e4afb43712f0b5c23495e976b57,476,exists,other,,,0.097
0x1a54be38f6ee09a73230cedbcbb9eb8bc5c4e8d0,66881,2015-08-11 02:58,0x1584a2c066b7a455dbd6ae2807a7334e83c35fa5,transaction,0x305d43c06967805e55295ec12463f101ee1478c7bb3beabb98cc96676ba5bfed,0,never had code,other,,,0.000
0x52eb64ee50257221b23a6d7cf3992d999eb480c8,66886,2015-08-11 02:59,0x36c68a0907f43244f6dd524a7144a2c5982eb1a1,transaction,0xf359761b1e9772116351369a1945d9a36efbd06862e2c280a8be0b1150f191d3,0,never had code,other,,,0.000
0xd251a133116194faa5ad2bf40f4baf2aa97d2ae4,67263,2015-08-11 04:57,0xb100987e77feba6f022dbd22b80b008e35d3ff2e,transaction,0x36ad43dfc870cee29e96b97ffd14d9318e7ff2b29a40c4c2b3a193b2b78b4ce3,746,self-destructed,other,,,0.029
0xa02ce4399d1b4a445f9ddb17542266bd629f25de,68275,2015-08-11 09:26,0x8674c218f0351a62c3ba78c34fd2182a93da94e2,transaction,0x4cae4fa62da2a5a68c44a8558ee2b261a373aa3b7ca33bffd3e630523645ff16,2016,exists,other,,,0.058
0x33824f7a78a8357a26758a8bbb71f5aacc164f46,68300,2015-08-11 09:33,0x8674c218f0351a62c3ba78c34fd2182a93da94e2,transaction,0xb7b49a6291f0e75cdc05576acc3489a2f504958722b6924e5f63791ac92d0719,2016,exists,other,,,0.058
0xedf619865c8303e591ad2c4b373aae82997b337a,68436,2015-08-11 10:11,0xd268fb48fa174088a25a120aff0fd8eb0c2d4c87,transaction,0x5f0cb0dc62ee9dd39a6efc98e82ca1462add01ac9f2451719fb939a892c6aad4,45,exists,other,,,0.000
0x93e8f703c29337500d426549633f2be43d63a0fa,68480,2015-08-11 10:23,0xd268fb48fa174088a25a120aff0fd8eb0c2d4c87,transaction,0x115ea4a3b71338367714295f2de0e59c8c22a8a11ac4e08410a2f219ec894a9e,45,exists,other,,,0.000
0x45f4054e7384d9c4b5be63d3927d9b7d18781fdc,68518,2015-08-11 10:35,0xd268fb48fa174088a25a120aff0fd8eb0c2d4c87,transaction,0x7e47c31742ef55701c9ddbe658bd5867f70ef9af55bda1753a39c90a8100c843,45,exists,other,,,0.000
0x0150c34b0f1fb58b755322e7dcfa42d2df390ad4,69100,2015-08-11 13:05,0xad7f5c601260b460adac6a54411ca6cf07dc83c3,transaction,0x3fec580cf89a28621985d4b9f33fe8b19ee8444983ec9be4d5828d9e2662c925,495,exists,other,,,0.005
0x553c1c567401215c057a972aa823a516e5f1eb1a,69109,2015-08-11 13:07,0xad7f5c601260b460adac6a54411ca6cf07dc83c3,transaction,0xa51515e730529ddde5c87254502bb911f009ada5bf667f3ef3785c72fc104820,495,exists,other,,,0.005
0x709013617bb52c49003a9c8f3035ef9ec9912b17,69109,2015-08-11 13:07,0x8bae48f227d978d084b009b775222baaf61ed9fe,transaction,0xbe03e59781b5e9b63fecec9b55f54d8c015941b679e9d0c74ef1069754631a58,991,exists,other,,,0.016
0xad5e5a5bc4654dbef0d5cabd7abeb426769c073a,69196,2015-08-11 13:28,0x8bae48f227d978d084b009b775222baaf61ed9fe,transaction,0xa9b394fd0404c8c8de40445adeefc070b0bb8f58cce6cf5cd25ed08add4dabac,991,exists,other,,,0.016
0xdf373f3dab2561668e239ca6e43a8c6aaeb3f825,69213,2015-08-11 13:32,0x8bae48f227d978d084b009b775222baaf61ed9fe,transaction,0x0cad59c7ca036bbe43e6452f52cf8c3df0601fcefbecbfbe4f10e2b248674299,991,exists,other,,,0.016
0x9e15f66b34edc3262796ef5e4d27139c931223f0,69444,2015-08-11 14:42,0xcd063b3081ea55535e5b60a21eff7f14e785a877,transaction,0xba5d15e44b4967a6b103d61f69140722e77d7760a1ccdc7f1fe5599678745461,440,exists,other,,,0.000
0xb5b27a6c22a628ffe1054f2709927a2fba897765,70313,2015-08-11 18:32,0x2159240813a73095a7ebf7c3b3743e8028ae5f09,transaction,0x22f4b11b0371100fc0acf975318a1ede9fccf6da5a3fe60979a1dac2246013f8,0,never had code,other,,,0.000
0xaa57758209571030173102e53fd07211ce93c397,71232,2015-08-11 22:41,0xfd2605a2bf58fdbb90db1da55df61628b47f9e8c,transaction,0xa0bd79032c9f76fd8261dc1434bc1fc3a44b1c87e86166f8e83b63c682f83757,1476,exists,other,,,0.025
0x1a23df8af55d1009fc19108d48fadce1901fe672,71234,2015-08-11 22:41,0xfd2605a2bf58fdbb90db1da55df61628b47f9e8c,transaction,0x38e9b27b3e1cee25a034643f7bb3cfe8e28f1279093ca8f4f851b70b56d6f4e3,1476,exists,other,,,0.025
0x525d6813c3d4272a29fea666fcca7a296c98a14b,71765,2015-08-12 01:06,0x36d85dc3683156e63bf880a9fab7788cf8143a27,transaction,0x7ad766285d55d7c1f8b83b7361434a3d3d57dc8aeaf3c0863e857eb0de22b23f,476,self-destructed,other,,,0.097
0x012a5642306b0deb8d65f281d289998223dfb7c7,72085,2015-08-12 02:35,0xf070bcfed253b1ddd1989c2db18b5cd92df0bdc6,transaction,0xabbbf36298dea226a0f46871ebed1606145532a55ee0b3876fd7fbcab47e7e87,495,exists,other,,,0.005
0x2194b1734ee0f67440884da49952a45b34ba832d,72119,2015-08-12 02:46,0x5ed8cee6b63b1c6afce3ad7c92f4fd7e1b8fad9f,transaction,0x9c189ca26c040c6d5ab3eb847b45347f84c33121d59c5be5a2b1726220832b6a,0,never had code,other,,,0.000
0xc2ac6849aec3938fb8c9b36f1c07be76f766637e,72119,2015-08-12 02:46,0x227ca79e7b445f12032e295a64afe0451269bcc3,transaction,0xe711364ff5991088f1f569c469fcbf255cb975fbf34378f2b3839e17c4d0fc3e,2579,self-destructed,other,,,0.033
0x209711382eaeb6c1e021e0fc81acc5afa9b23d25,72142,2015-08-12 02:52,0x5ed8cee6b63b1c6afce3ad7c92f4fd7e1b8fad9f,transaction,0x13cba3a6c151c19cce0778688fa644edec2f01dede3939512eb5dba185e37ccd,738,exists,other,,,0.000
0x8dd3da3fab45051ed2cd677c0e53c9de0011944c,72446,2015-08-12 04:12,0x326be8f71bfb0379f989aab1cc1fe37f0a771f60,transaction,0x7fbd9bd9c3389a1d5bae886746c7e2101820574ee9330bb5962da7185a102ae1,1523,exists,other,,,0.018
0xae3703584494ade958ad27ec2d289b7a67c19e90,72586,2015-08-12 04:51,0x326be8f71bfb0379f989aab1cc1fe37f0a771f60,transaction,0x549261429725c180c4b6a007d0e1b03d58c4145395250685a0dce4f7dbc1bb46,0,never had code,other,,,0.000
0xd8253352f6044cfe55bcc0748c3fa37b7df81f98,72613,2015-08-12 04:58,0x326be8f71bfb0379f989aab1cc1fe37f0a771f60,transaction,0x0bd55bbf4dfb4e7b15bfed296be3330d5c1116b1bc399a75d3f849edc0d5ac45,0,never had code,other,,,0.000
0x85ec166cb81f5010b4a8d365821473dac0c0aa88,72637,2015-08-12 05:03,0x326be8f71bfb0379f989aab1cc1fe37f0a771f60,transaction,0x6d59ca82e408b4d1228d484640831ecde3e88a85e62243cf4f5d6f808aef00ae,0,never had code,other,,,0.000
0x94befc001e203f141462f16bde60873bcefae401,72644,2015-08-12 05:05,0x326be8f71bfb0379f989aab1cc1fe37f0a771f60,transaction,0x3d1530e42023a1a1944c38d60b434d2bbe5585ee957b7a2afeaf4d46cb4ce268,0,never had code,other,,,0.000
0x0dac3d571eb5b884a2550db2791d5ac1efca306b,72662,2015-08-12 05:10,0x326be8f71bfb0379f989aab1cc1fe37f0a771f60,transaction,0x6f8e9173738c4fffa6f27e56d280ba2f06eb67aa2b871fb38bd4821744ab3b52,0,never had code,other,,,0.000
0x070f98b1ec27942f613a73d9e22d0ba60e211668,72839,2015-08-12 05:54,0x326be8f71bfb0379f989aab1cc1fe37f0a771f60,transaction,0x4e3d2d04f71999569e0de59b6b6f0520ed40fb7f856d769a43bc8a0c7a2fb5cc,1690,exists,other,,,0.018
0x7153fdeef24e488af4dc001f620407764ee47747,72993,2015-08-12 06:38,0x326be8f71bfb0379f989aab1cc1fe37f0a771f60,transaction,0x1ff53bdd57b9bf69b96c55a9a16370572ee6cf61b0224760536fcb82476030e1,1620,exists,other,,,0.018
0xd0db0d0313f06f9b0ab083a264b7497a82dbadcb,73079,2015-08-12 06:58,0x008fc7cbadffbd0d7fe44f8dfd60a79d721a1c9c,transaction,0x4c05537a0444d1da0e1c0054e1001c02135d65d6e313925e51897b6d5cc94866,0,never had code,other,,,0.000
0x9a3ed1b2d366e461edd56c2acfa67afa22ce53ff,73123,2015-08-12 07:11,0x008fc7cbadffbd0d7fe44f8dfd60a79d721a1c9c,transaction,0x99cfe8fd87f1a46b3c955fc7413899d8c090c327c02a9c5515a2d5f296ef1462,0,never had code,other,,,0.000
0x3e4bd3aea13f59b9502073b7a03cfb52ececc997,73141,2015-08-12 07:16,0x008fc7cbadffbd0d7fe44f8dfd60a79d721a1c9c,transaction,0xb1c1f7bbc90b20eb94e722c71405fec115f98079f3004240391310214e683ef6,239,self-destructed,other,,,0.000
0xb86a36e3e0d2e8132f5798119148edef957e1912,73230,2015-08-12 07:45,0x326be8f71bfb0379f989aab1cc1fe37f0a771f60,transaction,0xb0f0d9b96f7bb160ec3373860e86ab38a4b70c793f0b7eb6b3044976d440098d,1757,exists,other,,,0.018
0x561aa6eaf314ea5f5d4dcd757c965546bd0bf89b,73317,2015-08-12 08:13,0x2159240813a73095a7ebf7c3b3743e8028ae5f09,transaction,0x1e8af583d02de83529955a4ce5e58d0191035353b4ff87ffe23d4715ef51b1dc,0,never had code,other,,,0.000
0xb4d241402096544d3bee77ae8c4020ba4adb6cab,73348,2015-08-12 08:22,0x2159240813a73095a7ebf7c3b3743e8028ae5f09,transaction,0x63d417cadc71fc4ba51613aab56819baabb81676a20ebedf5db4d0192ac86a5f,0,never had code,other,,,0.000
0xdf595d10e76effabb38fb3ddfaf89a4bd50acf0f,73375,2015-08-12 08:31,0x87c5b5874a18b4306df8a752a6c8cc3e82dafc19,transaction,0xd9321d39baabf5f994ac184157c402b5de6ffa6a710d93f9a2a7d16436c62445,1757,exists,other,,,0.018
0x263b56fc1e2ccee1c5ae751dccf0a2fd6b400b8c,73386,2015-08-12 08:34,0xf4b1114a02efe852013277f28ed88734fa81e54f,transaction,0x48aaf2938ca3413f2ae17e9d02073378b16e3483fce64739d6817db3ebc28dac,850,exists,other,,,0.058
0x8f41cc0d0af401e9bea4ba12c58697affd826722,73401,2015-08-12 08:41,0xf4b1114a02efe852013277f28ed88734fa81e54f,transaction,0x8250540dc099527f760c6f0a6d8841c23899e412b3f2030a174c62e7f5e32743,850,exists,other,,,0.058
0x11fe5f00cb9c5de83c13f3b520900d665927fc39,73428,2015-08-12 08:47,0xfd2605a2bf58fdbb90db1da55df61628b47f9e8c,transaction,0xec0c3d532c23b382609d3de306ed5b8ae839b90f9727eafab3e0b6fe6adaed8b,95,exists,other,,,0.000
0xe466eca6595d51ab6126ca948145a029baa522e0,73492,2015-08-12 09:01,0x008fc7cbadffbd0d7fe44f8dfd60a79d721a1c9c,transaction,0xd05a7eee3ea4ef8ffbe4aa813f5a8ebab3806c8f5ebe0c5b29a3cfd775636288,304,self-destructed,other,,,0.019
0x91601cbab0bd60a0bc314a409da5070f135bec6e,73526,2015-08-12 09:09,0x008fc7cbadffbd0d7fe44f8dfd60a79d721a1c9c,transaction,0xbd7631b5968819bde519bc5a23c850e1a612b3c97d724fbbc2503a624a108448,304,exists,other,,,0.019
0x1c523996cb7cb5b0a4a48d8097e45093626b23f0,73529,2015-08-12 09:09,0xf4b1114a02efe852013277f28ed88734fa81e54f,transaction,0xe233b6812a494b74f20c14f764bc0e34bb686fdd452e809ea5cfb2e8383be421,850,exists,other,,,0.058
0x465b83e4b4c0294bf6d374d4733b95bb150bd21c,73713,2015-08-12 10:01,0x008fc7cbadffbd0d7fe44f8dfd60a79d721a1c9c,transaction,0xf56b51dc2454c67c6ff80bf518e5c74ca33191f8fcb28d7ca56247cc9f1cdacf,299,self-destructed,other,,,0.018
0x88a91fd7fb8aaea8cdad2c990f1dbdcd28022a02,74277,2015-08-12 12:45,0x87c5b5874a18b4306df8a752a6c8cc3e82dafc19,transaction,0x944ced0981219449d53ca9a9c695acc50d3bfbebf205a9c32591727cc1e8998d,1797,exists,other,,,0.017
0x417705f7e5dba87c3db5ce00295027ae27bcae0f,74739,2015-08-12 14:56,0x326be8f71bfb0379f989aab1cc1fe37f0a771f60,transaction,0x7f77fd2974d4872e4e8179542c557aad1567d0281947d6a77a6963ddddba402f,57,exists,other,,,0.000
0x5548e21695f8f5e4edbcd8abc2de0924c718daca,74814,2015-08-12 15:20,0x286c2305af13204f46da83dc2ed5eab84ab8046f,transaction,0x6baf024207e23336bb11819e4ffb69561fd1fb597546a1b481e2bbfe1179ff55,878,exists,other,,,0.017
0xc4c51de1abf5d60dbd329ec0f999fd8f021ae9fc,74817,2015-08-12 15:21,0x87c5b5874a18b4306df8a752a6c8cc3e82dafc19,transaction,0x4a1315e93649ab14ce0a0d4c6e9d15ff711e5b16e5c3e885753add2e7bca9b24,1927,exists,other,,,0.017
0x93d38e72c5281e78f6b364eacac6fa907ecba164,74909,2015-08-12 15:48,0x2905726ed11131a984ce9c0119cb32dbc99de90b,transaction,0x7722e4002d56649751dfcfcc39253601139fcf466e1caa6a0e4ab598ca4735a2,1955,exists,other,,,0.029
0x96d76ae3397b52d9f61215270df65d72358709e3,74917,2015-08-12 15:50,0xb7576e9d314df41ec5506494293afb1bd5d3f65d,transaction,0xc954797d775563a3ca45cf8f1fb5caea7f0d082fbf4e71bdb0739a256d327b70,2914,exists,other,,,0.043
0xd79b4c6791784184e2755b2fc1659eaab0f80456,75008,2015-08-12 16:14,0x87c5b5874a18b4306df8a752a6c8cc3e82dafc19,transaction,0xe3d8ba1c62818c7d259e1b827303215d4fa39fbcef8664524634e165dbff1e29,1889,exists,other,,,0.017
0xc7413a0ccfbd4010968850c815a2d7cb0de2bc6c,75491,2015-08-12 18:32,0x8674c218f0351a62c3ba78c34fd2182a93da94e2,transaction,0xbf49d37c1e1183eb30df7a65a150890a1e18f3ba0ebd024f453b78cc3156d64a,1569,exists,other,,,0.058
0x7f751820be4b1e44464268c425af6095995e045a,75563,2015-08-12 18:52,0x8674c218f0351a62c3ba78c34fd2182a93da94e2,transaction,0xe7da9ea3bbc66f2132cfeb86e995e7681ddbfab444c9cc0814aaa37ee3c06316,1871,exists,other,,,0.060
0x35e57f2b08596f1946ecd9d31975ec3c2d7e1c1d,75971,2015-08-12 20:52,0x0e320219838e859b2f9f18b72e3d4073ca50b37d,transaction,0x22a876e8958a6a1905aaa743eaef9c2ab4a832f949bc556e458b399e202279b6,2152,exists,other,,,0.019
0xcb4bb078edaae9393c8da27b809aa9c0f4c920b7,76002,2015-08-12 21:00,0xa14cf6cec1c6aae4b608458f6e14692863a937aa,transaction,0x72cc928256e5eb980bb28bbd8298c83039dc26f3c782d7c20c170f9b4b90f1a9,0,never had code,other,,,0.000
0xe37673a8e0aaa536828f0d5b0ddba12fece1115c,76159,2015-08-12 21:42,0x77b97786b0fb73e55d9e92d4b182befbf346f979,transaction,0xca0a6febe18ce25e13e7b2dd4ad496613cf55da7a873988f0abd3247d023056c,626,exists,other,,,0.067
0x258c09146b7a28dde8d3e230030e27643f91115f,76161,2015-08-12 21:43,0x77b97786b0fb73e55d9e92d4b182befbf346f979,transaction,0x5cb8895a1255129e38dc16623958dd085d8ca60a50354bee77784692024ffdda,1913,exists,other,,,0.033
0xdb7c577b93baeb56dab50af4d6f86f99a06b96a2,76163,2015-08-12 21:44,0x77b97786b0fb73e55d9e92d4b182befbf346f979,transaction,0xe480e592aea70c1328461a828fc449111dcb7b50b14e9f93c2f689ff264aa9e0,0,never had code,other,,,0.000
0x33ca8b5377c9776eb59863fb63814dc00a5cb10d,76165,2015-08-12 21:45,0x77b97786b0fb73e55d9e92d4b182befbf346f979,transaction,0xc9f378d160ea94f514a1c166c7221930f6492e7f53055e1c19e51a631cda2bca,477,exists,other,,,0.022
0x6837afb9e9fc1a908f9ce54756d3dba55a87ea27,76425,2015-08-12 22:59,0xfd2605a2bf58fdbb90db1da55df61628b47f9e8c,transaction,0x2813d711309b4188a696b27478d9bf98c107c506d78b5a791fb8bfb106834c2b,127,exists,other,,,0.000
0xa236078f02627205b2e3bdea8dba2e9d150113d3,76967,2015-08-13 01:26,0x77b97786b0fb73e55d9e92d4b182befbf346f979,transaction,0x30a52d90875ff1412388f6341c8530cc6e42ead9cb7e1bc67bbadd151f219d47,10218,self-destructed,other,,,0.029
0x3c2769fff8f525b64d2dd974e17aa50f9e9abc0a,77186,2015-08-13 02:34,0x36d85dc3683156e63bf880a9fab7788cf8143a27,transaction,0x9e5828e960eea1c3dbdbd5383692f04514963cc8baf96860a45166561186afa8,486,exists,other,,,0.005
0x93eea62c088759fd22ebc15a6f9645672d3a9265,77949,2015-08-13 05:58,0x008fc7cbadffbd0d7fe44f8dfd60a79d721a1c9c,transaction,0xb22a4d864eb51d0b13e08aab48cfbe61efda127070dc731f82f385a617bfb2b2,424,self-destructed,other,,,0.018
0x94cfdec548de92301735dc0b82d8e1f79404ff94,77980,2015-08-13 06:07,0xc8ebccc5f5689fa8659d83713341e5ad19349448,transaction,0x320b1720f3b87180f94874d468c0cf2aafb0f3136e33a18c4cbb9fe29724d473,0,never had code,other,,,0.000
0xd29dfe5ae95b5c067a91f472dac0d9be6700a4a9,78001,2015-08-13 06:13,0xc8ebccc5f5689fa8659d83713341e5ad19349448,transaction,0x0c16e40057105ff6f5503aeb101e7f62776b39ccf256566657efcc9638bb6b1c,0,never had code,other,,,0.000
0x85cb4fab90bf67e2593891cbe75385eff0067188,78229,2015-08-13 07:23,0xc8ebccc5f5689fa8659d83713341e5ad19349448,transaction,0x51ef4b800b18beccec04777d7d57bb237b1144c8a314c4f8674b002bed7e1afb,354,exists,other,,,0.036
0xc250a22436cdfbe47c0b8ca32a5834932964d1cb,78241,2015-08-13 07:26,0xc8ebccc5f5689fa8659d83713341e5ad19349448,transaction,0x690d4e3dc91ee01917adbe1e4bb03f82ce2e8d553d7c7b3ec4e66e5f7ad54688,354,exists,other,,,0.036
0x9611d9df6a56e3708f2093f08095f33922b59c4a,78255,2015-08-13 07:30,0x008fc7cbadffbd0d7fe44f8dfd60a79d721a1c9c,transaction,0x2f91ae1931e13713ac45e811039b27eca87b692d5cb1044541931076aac646e7,904,exists,other,,,0.015
0x6f37b5018816908ea901d7dd3d4218493fa6e609,78416,2015-08-13 08:11,0xf8fffdcb6b8b88372b6ae42257f66d93e5189ac9,transaction,0xc5bd8810dee39c11a9217648c7ae963b9e9f170f7af37d8c3a367136c05de833,476,exists,other,,,0.097
0x6ffb4469de9d4a4118710ff6651933ee92f6b205,78439,2015-08-13 08:16,0x227ca79e7b445f12032e295a64afe0451269bcc3,transaction,0xab11b2fe142ceffc5ffac77a04e17a77a50800a5e19407948dedd76018b154c0,457,exists,other,,,0.038
0xc2d72e968df598134529475769b6c8befe2d4786,78494,2015-08-13 08:30,0x008fc7cbadffbd0d7fe44f8dfd60a79d721a1c9c,transaction,0x8039871e13acb0a23bd36e2b3ca1af2a83f02da635cd136615e29682240a6df6,1377,self-destructed,other,,,0.027
0x94501ff386c3e84cb8fe37924daa869151417e55,78667,2015-08-13 09:16,0x008fc7cbadffbd0d7fe44f8dfd60a79d721a1c9c,transaction,0xb90fdca809898aca07350e8e619507dbaebf935f1f6c92d88a5064fbd70f2c5d,1034,self-destructed,other,,,0.037
0xbedd8ff329dcdde43744c467724a4b4778c2c4a3,78863,2015-08-13 10:10,0x008fc7cbadffbd0d7fe44f8dfd60a79d721a1c9c,transaction,0x8e416bb287124cc9a371823b65f22422fb4eefd07fee9eacc7da00da1f24131f,1164,exists,other,,,0.014
0x4d149eb99bdeefc1f858f8fd22289c6beae99f2c,78902,2015-08-13 10:22,0x7cfa3d23636173a3befaabc8ca86846a07c4b3dd,transaction,0x79d02019cf624d8984056ecc57eb2835fd08fdda0df3e33e3699d839062129f1,0,never had code,other,,,0.000
0xbcd159845b81e35a0b5aff57feccd0b3114791ab,79056,2015-08-13 11:02,0x7cfa3d23636173a3befaabc8ca86846a07c4b3dd,transaction,0xd2beb69bae083873fc4a5435ca917779f47f5f0861724d242286d2441c7007d4,316,self-destructed,other,,,0.000
0x047cdba9627a8686bb24b3a65d87dab7efa53d31,79152,2015-08-13 11:30,0xb7576e9d314df41ec5506494293afb1bd5d3f65d,transaction,0x066f065f30eb100aa285d4b90643c9956f43db12b395edbecd5d3f8b1b6a63de,3021,exists,other,,,0.042
0xc634a6b0375d5554116900d0b40a06c2c022f17e,79406,2015-08-13 12:30,0x008fc7cbadffbd0d7fe44f8dfd60a79d721a1c9c,transaction,0x065d633b974a36de2e61e06ad341fce6bb6778f885d5c6cbb696f89680a1c642,1326,exists,other,,,0.013
0x67de0f2f71e29b8003d957fbcde9c9ae393cbe94,79482,2015-08-13 12:54,0xd1826373c4e0938f0b4302b40324f7f9c546492c,transaction,0x9716b06c492bb198dbed0f84bc48b9fc561b05ff8316cdcfeee9e091067e5d2a,1326,exists,other,,,0.013
0xe7b3a5522a9e1fbfc7ccc77b8f0b56c341c76498,79531,2015-08-13 13:06,0x869e88783e4c2e97d967a89e1aca4523eeab3d7c,transaction,0x16f6e8938da6baeca2df08ec86fef873b33eaff0dcd31b60bbd36080deac2d91,799,exists,other,,,0.000
0x21748fb7cf936666f1b826f67fa61f265d29d42c,79614,2015-08-13 13:29,0x008fc7cbadffbd0d7fe44f8dfd60a79d721a1c9c,transaction,0x9f789faff864ca840babb965f9f8d9644e27eede785b91670754e811254cc2a7,1326,exists,other,,,0.013
0x4da64d12aedf38b1aa68404784a86059c7077ef0,79653,2015-08-13 13:39,0x008fc7cbadffbd0d7fe44f8dfd60a79d721a1c9c,transaction,0xa0edd2d8174da6e0134e182c31b7b44ce8550a5ec8cff1d565326c380ff2ebe7,1258,exists,other,,,0.014
0x9aa0f92cd89f8f2bf77d13eb0415b3504ca0dc9a,79729,2015-08-13 13:57,0x34c57a97df78772fac54ff75cef9590457fee4d9,transaction,0x750f03159130ff12d88475a06c16b0655c5450e64789bd1007d762e504310c92,476,self-destructed,other,,,0.097
0x5d6f0e293786f1ec9feec3851c03951dc8c6112a,79963,2015-08-13 15:00,0x008fc7cbadffbd0d7fe44f8dfd60a79d721a1c9c,transaction,0xc042a9d73e9fd3ebcd376f0064a3238e48f35914e01f0ef15e68bf74656c60e8,1326,exists,other,,,0.013
0x5f99d7ece6b00868103dab44ceeab57b9197edca,80025,2015-08-13 15:15,0x008fc7cbadffbd0d7fe44f8dfd60a79d721a1c9c,transaction,0xf4af7c8d2f5c9719b7aa7fefd2b838df96154f81c0d837786b1d538ab3766a7e,1326,exists,other,,,0.013
0x5659b5e6fdc892130a9ebdfcf0b0af99f3631f01,80570,2015-08-13 17:37,0x16893e10b99a59afd2c60331e0b49241d4d4d7cc,transaction,0x12756bb6d021721a51cbdb877656bcfc9b28a2f38a69d3b2c314085cf6f857dd,0,never had code,other,,,0.000
0x4eaffb2b5436d10d8d1c75f4d3de552174130e0b,80740,2015-08-13 18:22,0x869e88783e4c2e97d967a89e1aca4523eeab3d7c,transaction,0x914f30c3e5aa29f405782a245afc9dd0c9fd4ccd0d2f9c34f455ce55aa63737f,799,exists,other,,,0.000
0x2e99062e3eb5cf5b74ca258b79ad151a1a69eefc,81090,2015-08-13 20:01,0x16893e10b99a59afd2c60331e0b49241d4d4d7cc,transaction,0x227fa2b6a5111295041e0ee378317823ba82ec0835795f986eedf234248e132f,3964,exists,other,,,0.026
0x19df848c0e45e0ff7c2a78c173fd80afb195278a,81284,2015-08-13 20:53,0x227ca79e7b445f12032e295a64afe0451269bcc3,transaction,0x7db094313d748bd37c8c4fa6a1ceaaee4ce1037daa27dd9a6b999ff9768634a3,463,exists,other,,,0.038
0x353f52ad27b13cbed1678aaef0ba64b46af54a19,81338,2015-08-13 21:08,0xd3cda913deb6f67967b99d67acdfa1712c293601,transaction,0xd4e6fed60953e4d195f030347554a64f822d23c591ed2178a996e7081601a5bb,0,never had code,other,,,0.000
0xdf4f03a9752a13a38de19dca7702f834d16ae22b,81418,2015-08-13 21:28,0x227ca79e7b445f12032e295a64afe0451269bcc3,transaction,0x2f77e5db8a6d43835990dd9b64361cf04a0860dab5ee58708647dbee54dd4a62,477,exists,other,,,0.031
0x1f3b190cdedd9f2c33d7d342985a8eecbe7c161a,81603,2015-08-13 22:22,0xd3cda913deb6f67967b99d67acdfa1712c293601,transaction,0x7725b1734b63765ceb1fa0a796ee9255e28dfc6e178de4199be8c9212388ee03,0,never had code,other,,,0.000
0x91d050e1a0ee2423a35f2c7191f1c5405854ba99,81645,2015-08-13 22:34,0x16893e10b99a59afd2c60331e0b49241d4d4d7cc,transaction,0x69cf2d0b1e89bc1c707b5e137217a3534a457af64bce5c3a8e0e597493aa3209,4321,exists,other,,,0.025
0x0cc09bcc3f3d73304f4eef5eb29082e4181484e8,81655,2015-08-13 22:37,0x297d128041190ec4d477cd476d194efca4e9cf67,transaction,0x277c52349a4ec5a372f91a78214ea778e352a071909108cd3b8e2d83a64b7a57,0,never had code,other,,,0.000
0xdc3153c4a6bd1f8dfb76ec59e8ae4e7b1ca8f965,81666,2015-08-13 22:40,0x91d050e1a0ee2423a35f2c7191f1c5405854ba99,contract,,3101,exists,other,,,0.037
0x07adbb40e244124595fb57f9bc444421d3d2557d,81675,2015-08-13 22:42,0xa605684b5727ee93d15ce6f56205b7a43ac58c68,transaction,0xabba221718a121319393382b0187ff2199ae5973a315cbd9aff582048263072d,0,never had code,other,,,0.000
0x54302cdad49413689aca2a6fb49161e5b56faf4a,81753,2015-08-13 23:06,0x0d82cd113dc35ddda93f38166cd5cde8b88e36a1,transaction,0x411419deecb9b5c7bf0a6d1c180ca6f3ce38b807ab1431e3d5ef0ed9caaf6e19,155,exists,other,,,0.000
0x3cb6797fd58b6a4a6d3107f686f09df04b62f6e4,81943,2015-08-14 00:02,0x0d82cd113dc35ddda93f38166cd5cde8b88e36a1,transaction,0x0ca81e140cf95a590808c8add906a48e8ab41026519b3552fbeb941be2787108,214,exists,other,,,0.000
0xb8cd5067227fdec355c5531accbcdf734a0869e8,82651,2015-08-14 03:29,0x1c11aa45c792e202e9ffdc2f12f99d0d209bef70,transaction,0xc7e27c447aa53c9eac90ddd62950d872affbb97b087f8a8d5ff492566c52f96c,0,never had code,other,,,0.000
0x49f5e353aaf7a6850f934e757a230e6e4c7ecddb,82710,2015-08-14 03:46,0x1c11aa45c792e202e9ffdc2f12f99d0d209bef70,transaction,0x2bd3345ec6dd2956752126b5085de9d720f33310c99ff6ebc636b07ac9dd9460,0,never had code,other,,,0.000
0x5bb953f700f1967a8103aeaa69cd89f6655c6012,82715,2015-08-14 03:47,0x1c11aa45c792e202e9ffdc2f12f99d0d209bef70,transaction,0x69af01efa542414e586633f8a30b1f65dcd1fb40e0cb086a86be326cf61baee9,0,never had code,other,,,0.000
0x35f0729966012509bfc40c495f469d538e531712,82719,2015-08-14 03:49,0x1c11aa45c792e202e9ffdc2f12f99d0d209bef70,transaction,0xdec033430745a74ce3f1c879b984bd272ffb942c04d101570ad8d409076cb32b,779,exists,other,,,0.000
0xb090c8dd5ddd7f505a2a4b66879a8a2b0962a963,82748,2015-08-14 03:54,0xc30f3e11b4f34259ce948a5558f73f64fdc9ed7b,transaction,0x4b301c9e2f5ea8f46ea9b2144f910909eaaf499f23c55525dc3405bdda891fe4,213,exists,other,,,0.040
0x2e2f3fbd31ae1f93ef889f0e20a500d284ac90f2,82786,2015-08-14 04:05,0xc30f3e11b4f34259ce948a5558f73f64fdc9ed7b,transaction,0x1f7b2b61ae8d7404c231e708382623c4cf292685f56420d1694f6efdd81ddb65,476,exists,other,,,0.097
0x5eaa4180e1ecc408f65cae32711c794bd04c1267,82833,2015-08-14 04:18,0x1c11aa45c792e202e9ffdc2f12f99d0d209bef70,transaction,0x7cd4fdcac26fd065b8ee00d42affeb754194efe39f9ccbcc1866ec7aedb4f4d5,856,exists,other,,,0.000
0x3983237438eb69d0c7b9aa3a4619f3738105c7f0,83018,2015-08-14 05:04,0x1c11aa45c792e202e9ffdc2f12f99d0d209bef70,transaction,0xd55b8894e7b906a800c6b153833ea4fe202ac72edf1ae991346b6a973166f868,856,exists,other,,,0.000
0xfce0dd46b8525a500e84902ff12f3b7268dd94cc,83066,2015-08-14 05:18,0x2ac36246b388f762fdc3ca30e749a1494fda99ee,transaction,0x8af3708d3b06178c4d53b74342fe0ae2825481881f35c0a2973c89d9303aaca8,0,never had code,other,,,0.000
0x1ecec47ec9f60c6040bc2241d60fba13ede0e83f,83257,2015-08-14 06:11,0xe30fbff0f73d76643501b77772abc74377dace64,transaction,0x9188ae1a55a33efb4d193eb4d4729d0890cee036dce110ecc506c5e431fb32ee,843,exists,other,,,0.100
0x0a105bf0e4ed0d55f1867694aca81cc84e613d32,83685,2015-08-14 07:57,0xe30fbff0f73d76643501b77772abc74377dace64,transaction,0xf5609e598da1fb270227ab2e6ca19b37094e3b83d35d8e6cd0f604eab2056d2f,888,exists,other,,,0.094
0xa1fa1a8e56ccb5d148c428f88ad8f514e3e1e365,84546,2015-08-14 11:18,0xc4c6baf00209a0f33331e4b7cb1c7b680a3d2f79,transaction,0x2abec4b3f28790a24546026b32888267f1a3ff20360d5bde2ca520227a7db28e,850,exists,other,,,0.058
0xc5ef7b474002e8f28788546a710c400787f0e8c9,84772,2015-08-14 12:13,0xc4c6baf00209a0f33331e4b7cb1c7b680a3d2f79,transaction,0xd315aa94142ac243307f8660c99e4c43e03c3a59d3d57004425cc9d57eb3c20c,850,exists,other,,,0.058
0xad8d3a5d2d92eb14bb56ca9f380be35b8efe0c04,84865,2015-08-14 12:31,0xc4c6baf00209a0f33331e4b7cb1c7b680a3d2f79,transaction,0x236345b95633ab9580f6b03182fd7dcb3626b9038e3f2e6afc36b3e089596010,850,exists,other,,,0.058
0x20d06f9aed8f4cdfb3e717f18321f7a17e28bc73,85018,2015-08-14 13:03,0x4b85e9d2e433d7eca29f8a7a859cf0346702c89a,transaction,0x5f497922eb0c6eb00c5e600f53fdb2a34864990530eadf8d4b0b7c2750716a27,476,exists,other,,,0.097
0x70791019dcb20f5507c64a94d21dd573105c5d32,85533,2015-08-14 15:11,0x2c3b2af7a5f5d5066a0adb4ae3142d2c24cad77a,transaction,0xdc1db0285e53d3e7c43fb9ba66b1e277328bcf9c7dbd8e5d434da963ea769ed5,316,self-destructed,other,,,0.018
0x23abee4915c1ba642c285f17cb33a5f0531a77c3,85671,2015-08-14 15:42,0x76df61770a702069fe1381eae55ad11a03deca93,transaction,0xeb478502e281015ade5ff5f6cffc3b99caffd909544e29f0ed3c4b0d6a98271f,476,exists,other,,,0.097
0xed3754be081e3d77dfc75a5dfb904f28d9ce4339,85684,2015-08-14 15:46,0x07dd04f7355e91a3556482a927dfa3122a2ad580,transaction,0x33d4c6bcfbf695955177983b2f367381e142e2944888ed10e56b0eba9c6a35fa,476,exists,other,,,0.097
0xaeb2ac01f4812144ff1b42607b812b5cdfa5fd37,85691,2015-08-14 15:48,0xd3cda913deb6f67967b99d67acdfa1712c293601,transaction,0x7b47e1943d718c972764a87a6c5e8bc48d6516d629993c6b20a44546e72e6a85,0,never had code,other,,,0.000
0xf1d3271d6d10826af877d99233869d7238aa0455,85716,2015-08-14 15:54,0xd3cda913deb6f67967b99d67acdfa1712c293601,transaction,0xc62827c6bc4057d730c7285c524618c3b44ddd3a36c7c185ce861be7f0f9f2c0,0,never had code,other,,,0.000
0x3e5e1fe257a6a28dd2001ba84561bfbf9c7c78cd,85787,2015-08-14 16:14,0xd3cda913deb6f67967b99d67acdfa1712c293601,transaction,0xdb63cc54cd5ac231dd31b8866c699dd8a659a78206d9fe775efea9586155e853,164,exists,other,,,0.000
0xc6810e1f97ba430d2c8605b30c09393ab6db4e6f,85942,2015-08-14 16:52,0xd3cda913deb6f67967b99d67acdfa1712c293601,transaction,0x40492550cc56a06650235a2315482b881998bb4151706918cc1f1d37cc9deee5,1182,exists,other,,,0.097
0xe40337cf3eede621947697795aeab9aacc1a23f8,86004,2015-08-14 17:08,0x76df61770a702069fe1381eae55ad11a03deca93,transaction,0xbf4e4b1347de3dc2fb2e5f297ac3f7418c8ed9d57091c0d0fb56f504f2e5a58e,476,self-destructed,other,,,0.097
0x4a17e8aadb151f9e220ca165c65128153951cfb9,86315,2015-08-14 18:23,0x48a33958a96276e41c11e1359a9989bbadfdb74a,transaction,0xc943df31119885a191485e47f85cffb9d7b31e86bd2ea47ff976921b1c279145,850,exists,other,,,0.058
0x432a20d509de59361b86274732e6349d48818341,86777,2015-08-14 20:05,0x77b97786b0fb73e55d9e92d4b182befbf346f979,transaction,0xf7dd9f12aef36ac5df95ddc8c5bc35798f49e2a971104ba41be19c4f25159c1c,612,exists,other,,,0.022
0x94c81a1dbc5c41a5e9962a2d6da5aa5ff684259f,86800,2015-08-14 20:10,0xd3cda913deb6f67967b99d67acdfa1712c293601,transaction,0x30db69b70db81a2102cbb46bc0180fb586069ce3c50716ad77d77a5a87c2874a,1026,exists,other,,,0.026
0x61c5e2a298f40dbb2adee3b27c584adad6833bac,86833,2015-08-14 20:18,0xd3cda913deb6f67967b99d67acdfa1712c293601,transaction,0xd3961e340049c8becf92e3b24372355bee334dd5d3ef5434e55791f560287828,583,exists,other,,,0.004
0x6386315cb57c9fd19d979f7a3537926a11fe1d9d,86833,2015-08-14 20:18,0x61c5e2a298f40dbb2adee3b27c584adad6833bac,contract,,328,exists,other,,,0.016
0xf95011f89fbc78988720a4f21b8c510600a9e996,86934,2015-08-14 20:39,0xd3cda913deb6f67967b99d67acdfa1712c293601,transaction,0x3986a91455330981349789254aa8a512cf4a36a61b12ad335cd4478058569cd4,522,exists,other,,,0.016
0x8bf269df72a8fc66e58d563bf7637f4f0b57fb0f,86969,2015-08-14 20:47,0xd3cda913deb6f67967b99d67acdfa1712c293601,transaction,0x0923556082fc3bce8118c952989e08bc609dd62ea20601481902e767d2ab8257,328,exists,other,,,0.016
0x5ade470457c5effd582d028191b468fa27e1c9e4,87882,2015-08-15 00:36,0xf2ae859397af92154241ead0ac7c4ce3bea76e8f,transaction,0x3ce3037335e8f77b391b965210a931c9af75822667290703564d6e1fdb2a9bda,476,exists,other,,,0.097
0xa50156cf80fa9ec2e16899e4fb7e072300787417,88069,2015-08-15 01:29,0xfd2605a2bf58fdbb90db1da55df61628b47f9e8c,transaction,0x0d3ba97ae0c707c2eacf428e3aa52ea587478844025e9677043f12f555818d0d,2138,exists,other,,,0.014
0xe28e72fcf78647adce1f1252f240bbfaebd63bcc,88090,2015-08-15 01:34,0x1c11aa45c792e202e9ffdc2f12f99d0d209bef70,transaction,0x68113bfbab5de60bca362a887d46b7dfe461b71b640fb9315ce1f297abffa57a,856,exists,other,,,0.000
0x412c794424c331d8794edf9aa54b4fdaece5f4fd,88095,2015-08-15 01:35,0xf2ae859397af92154241ead0ac7c4ce3bea76e8f,transaction,0x9da181c004faad818e84b48f46a653baf2eb2e710273b70fdcf83de23d2a6a53,495,exists,other,,,0.005
0xe7ca5a8e75ef17f845c14a85c50e39b0dd30b8b7,88206,2015-08-15 02:06,0xf2ae859397af92154241ead0ac7c4ce3bea76e8f,transaction,0x5a67f1f1959a357f7e7e4ec44d9469ca53fb7b0135e9cd9776960cb8b1ca5759,495,exists,other,,,0.005
0xbc0b62bac4707ec60da31da636842f63c488ed18,88345,2015-08-15 02:45,0xd3cda913deb6f67967b99d67acdfa1712c293601,transaction,0xc29608e271391c499072053ba322268406d760c953843d8fdbb67174c11bca76,522,exists,other,,,0.016
0xf66759a7c3ed893e916d27565b3576f52a4fba5d,88357,2015-08-15 02:48,0xd3cda913deb6f67967b99d67acdfa1712c293601,transaction,0xfd51a3394a88bbd9ca518f864ae5bfeaf064c6a1d1982d08607f3f514f8d21fb,328,exists,other,,,0.016
0x1377065d347f9e7bee6abbe02302d5d97078ce8d,88369,2015-08-15 02:50,0xf2ae859397af92154241ead0ac7c4ce3bea76e8f,transaction,0x068ec2304b20c9ad929c92f1714c869ebd67c02b5ba515a6cb50fd5e02bdb462,495,exists,other,,,0.005
0xf4a44adddb8d2b0d3e54016e9ac07359b6be9446,88371,2015-08-15 02:51,0xf2ae859397af92154241ead0ac7c4ce3bea76e8f,transaction,0x96885ea341003be9227f46609c957195d08916370af1b441fa469e2b209f21ea,495,exists,other,,,0.005
0xcdd1f57f5513918999e308e5d223dc4745615c1b,88380,2015-08-15 02:53,0x5e0320bb4d82ab8bb5d7291f2c67d1c99abb3c05,transaction,0xe039c057082d3c542e871dafc903c00941c36e54c8484255c5a92eb40fd9d381,476,self-destructed,other,,,0.097
0x2bb8ac48f518e7ccd502bd1817ccee6c407d20b7,88449,2015-08-15 03:08,0xd3cda913deb6f67967b99d67acdfa1712c293601,transaction,0x4487b16eeadd46efc82d549459c53da3f8a1e1fd7b1aab07bea41e5a89e6a8fa,640,exists,other,,,0.016
0xafdacfee6395bc1e480a900943f1803f854bc20e,88452,2015-08-15 03:09,0xd3cda913deb6f67967b99d67acdfa1712c293601,transaction,0x53aeed30a916f162ce4056ee1721350e5bb8b6d25bfa86f1fb8a986a1bcd39b3,446,exists,other,,,0.016
0xb98b580532f3d6e190a9792aa5efb9a3bd48f9de,88460,2015-08-15 03:11,0xd3cda913deb6f67967b99d67acdfa1712c293601,transaction,0x6591631c992d72ce5aad5904215d130d11e32773f1cb0233a362c23c3cde01e7,446,exists,other,,,0.016
0xc4a23a06e6642fa00989b89575f0b9f783259159,90913,2015-08-15 14:02,0x5e0320bb4d82ab8bb5d7291f2c67d1c99abb3c05,transaction,0xf04c0c82bd8e4733e4bcc0ac8e8becf60fad0d99e83883c34887937956a40c3b,495,exists,other,,,0.005
0x12878a32adcab891f5149aed65528373d79f81c3,91510,2015-08-15 16:41,0x9b65f5224dab0793bc1cadd6640686a1a1d574ea,transaction,0xc6ccf8a51489b8a1febd307c8a25a1faa44d1da7e3b6d3073a30ff1babed6e1a,476,self-destructed,other,,,0.097
0x45b9bb86b94aeff2d99632b43332cee84ff4d3ca,92002,2015-08-15 18:58,0xd3cda913deb6f67967b99d67acdfa1712c293601,transaction,0x83a08187a18270b2f9a7f94b99c4b6ceb2ef3f32d2c58ff77080b3c676e51bf4,640,exists,other,,,0.016
0xa72f859f9c5d6bfcfe3b157049dd234e3fa5674c,92014,2015-08-15 19:01,0xd3cda913deb6f67967b99d67acdfa1712c293601,transaction,0x83d86f41594d1f800329248e9b5039521fc54d7647092489a3a3328527fc0563,446,exists,other,,,0.016
0x4d6387f3b967da39b11de111158d49754c31985d,92362,2015-08-15 20:34,0xc469e0161968f12a38e4c1a1c153a18207e040c8,transaction,0x880f9bb95922a5fa71eb8aae65d4d9be636a3a6978e3acda55b93fca752da461,1356,exists,other,,,0.045
0xa73d31450476be898fa94937b7994276639de51c,92985,2015-08-15 23:12,0xd3cda913deb6f67967b99d67acdfa1712c293601,transaction,0x5cde7d06e3573c87e90ea91ea1c03909003511349356bfa020af408fa2472078,966,exists,other,,,0.016
0xd7239c5a25dd62983c2b071b25d50111fe009ec1,92989,2015-08-15 23:13,0xd3cda913deb6f67967b99d67acdfa1712c293601,transaction,0x3f5fbcf44f3efa2f31eb86845ce2918e52138756e1fb437573450d0f3deb9bfa,728,exists,other,,,0.016
0x4113caa93a1b90a0659314052305fbe94d2b3d8b,93199,2015-08-16 00:29,0x797e99024a03481ad2a00ffe9c98fe145c817969,transaction,0x91d6caefcadf4b071b6f0e6f6811182e053a8cbdcd830bd833e0e1aa4d2d2662,476,exists,other,,,0.097
0x4a94787103a50a04f64a95cdce2c968643d05abd,94379,2015-08-16 06:41,0x4b85e9d2e433d7eca29f8a7a859cf0346702c89a,transaction,0x8477238328debbd61a50d09e89217afbce963aef1a89ec7bbe5c965b638f4322,495,exists,other,,,0.005
0x594dd7b6a1fc77e2bbf944e212b27871c715f3a9,95875,2015-08-16 13:20,0x8991f62808482bde546e7e5bd7c91d26c405dd3d,transaction,0x1e582a2d440de247e77d66dd9004a640274d1f2c3121970dddee8d4e22a564d5,476,exists,other,,,0.097
0x0ac69d34098404007841c517ef4f555a865706e4,95913,2015-08-16 13:33,0x8991f62808482bde546e7e5bd7c91d26c405dd3d,transaction,0x03bcfd6b8d2c20a3a079ce53bfa9cdfcd7ee85b7056b15396a65d8b15d1c0468,476,exists,other,,,0.097
0x580e45f982a0a01cfab3b36b3ec8df63fcc5d290,96025,2015-08-16 14:02,0xa14cf6cec1c6aae4b608458f6e14692863a937aa,transaction,0xeda9959b63506088c8fa9da73e1e02aca1e7ba18002c769858b2354bd0768d17,7010,self-destructed,other,,,0.023
0x5b02e5df994497cb6d50237ca83f295e18c4a841,96107,2015-08-16 14:23,0x07dd04f7355e91a3556482a927dfa3122a2ad580,transaction,0x0037df6849b9c9d58f09342454a1e8da96081f1b570771895214e41a85a0ca02,495,exists,other,,,0.005
0xa1a5122773e891fc306d970fd8d056a7ca31bcfa,96252,2015-08-16 15:02,0xca8f4fb1a28593337aee456acc76abd4c3c83257,transaction,0x8ac230db13feec03d0899c40d2b68485a19e2297d0b5eea08e4efec661ea21ec,0,never had code,other,,,0.000
0xe2a16801a8b45f8c37e9c18590df7fb9ad834092,96698,2015-08-16 17:00,0x83dc9eb1bc2caf3a00d93b76b822f749f417db0a,transaction,0x6af553bafb09eed14e82d120eab872e5f4f97139fdfa64350ba78b0fde5cef96,476,exists,other,,,0.097
0x14c1dc4170f3e9c9ee48e1c8dba89b9d5be51752,96983,2015-08-16 18:16,0x83dc9eb1bc2caf3a00d93b76b822f749f417db0a,transaction,0x7d9487bbddce2833b8976a40739c45ae68bc468f2c5ef65a427e56422a5a18ab,476,exists,other,,,0.097
0x5817e80df02122d86831622f0b72b45335352f68,97123,2015-08-16 18:52,0x4bbc2ef7e5482b88e8c9c4bc05c5a3d3ff2b03c7,transaction,0x24c3ec664f120614c5ce2c1eed449b02401db532df2b6207bff758ab1e3354ac,476,self-destructed,other,,,0.097
0x86cfd9e993a39f516661c445c2aae627839ae03d,97227,2015-08-16 19:22,0x4bbc2ef7e5482b88e8c9c4bc05c5a3d3ff2b03c7,transaction,0xb476f75978522abcf8ccfcbc552497b430cdf40718e684f654df82812b57786c,476,self-destructed,other,,,0.097
0xfd8fae660d861036728b466c620c24f745b61974,97240,2015-08-16 19:23,0x4bbc2ef7e5482b88e8c9c4bc05c5a3d3ff2b03c7,transaction,0x6159d315fbbdc5dc143e6c61d11489b446cdba7b5121d4a36182cac3787c992d,476,self-destructed,other,,,0.097
0x80ca78e0dc617c07ab1c3384d96cd1ea8d6cfa45,97261,2015-08-16 19:29,0x4bbc2ef7e5482b88e8c9c4bc05c5a3d3ff2b03c7,transaction,0xef356f40ca01a834ae5dba9f6493aca0907a3708539697893a19251156c6926e,476,self-destructed,other,,,0.097
0xae07246d1a65f10106440af2a3bd29ad124792f2,97268,2015-08-16 19:31,0x4bbc2ef7e5482b88e8c9c4bc05c5a3d3ff2b03c7,transaction,0xc9abea9d597a6f7f4dbd95385d0800c173efac1854d9cf8285df3bb78480be1b,476,self-destructed,other,,,0.097
0x4d4d551bd6244b854e732572902f19f4ccaa6996,97281,2015-08-16 19:33,0xe324bc8cb83b45cf7ad7d440b92ed2181161302d,transaction,0x770efebf0a20a4e5878ef82a7f1849d5ec946458ec8399f5a1812ffc58a50ca2,0,never had code,other,,,0.000
0x7aeb94b5db9ee3474f03b974adc40b409ac78f98,97296,2015-08-16 19:38,0xe324bc8cb83b45cf7ad7d440b92ed2181161302d,transaction,0xbe4df4edd9ecf9b7dd4e972721e44c823a83db43f50b411dc3a5d6e322b60e9e,495,exists,other,,,0.005
0xe6391fff899cfccc80e19b7ba39bbee15393554e,97357,2015-08-16 19:53,0x4bbc2ef7e5482b88e8c9c4bc05c5a3d3ff2b03c7,transaction,0x0a417b9efd5af5a42c2a3fdf8832330fbfe4bdca10c44491cac3601d93d1b600,495,exists,other,,,0.005
0x08fa71df368d8ed1efb3822d9c06dd2530c12a14,97451,2015-08-16 20:19,0x5e0320bb4d82ab8bb5d7291f2c67d1c99abb3c05,transaction,0xa279219b516ab4315559e515d42acb596d0ad9f9ef013fcb305ca2daf920f7c0,495,exists,other,,,0.005
0x1c89fbf5750ea4a2cdd8615de1e173836fe937b8,99937,2015-08-17 07:54,0x7a2f47c09a9436e8b7fcfeacdd4e7ee10a0d00b7,transaction,0x2179512bf72faa63319e09db657d6b27835834f4a2ed163414e2e6b5fefe39cb,476,self-destructed,other,,,0.097
0x3c7771db7f343b79003e8c9ba787bbe47764ed05,100490,2015-08-17 10:28,0xd268fb48fa174088a25a120aff0fd8eb0c2d4c87,transaction,0x8a498ada724d7b5070fa67d0294c66bf5e9e844e195d7cd5960b66e7900952ff,45,exists,other,,,0.000
0xeb94bd9eaf26f033e32b33d1178dd2b5b532271a,100689,2015-08-17 11:23,0x387d649ec193bbbadad77eaf0a42e0ea8c87448c,transaction,0xbeafec04e9df5b0644bd9cd55b0a140e1b2542a8aa5609978ecd3d10eba11134,0,never had code,other,,,0.000
0x449c5b639e9852ada644ffaacfe325dfce6e6e0a,100885,2015-08-17 12:18,0xace365e4cd93314ccf1c389f17216ffc5966bb1f,transaction,0x0045766c72795df12c5ecac4752f4dd91cb9a3380dc4af3be2e6be9f77b8d87f,1339,exists,other,,,0.031
0x6e146dc6fd2c5a7308dbe65a57e38df154db7b28,101285,2015-08-17 14:07,0x8674c218f0351a62c3ba78c34fd2182a93da94e2,transaction,0x7e050aa3b0fcf8191d6375b3854288a0571abd4c5e08ab660ddab86b2960c249,722,exists,other,,,0.034
0x6b211fdc0d944a84bba8534d631fad9262ba80b8,101358,2015-08-17 14:29,0x8674c218f0351a62c3ba78c34fd2182a93da94e2,transaction,0x7acdcbc3500dce2bb08994413935e673ec5ad9425a160460f3724bc78289ecd6,851,exists,other,,,0.034
0x8efe9a62099820c58f81bb1573d8619c7f9dffbe,101535,2015-08-17 15:12,0x8f7f160d267b54245003aaeedb71b3cdd3a8bb65,transaction,0x4e5de74bc9b95a6c8392b4dde58e8de95b75556edbf39669b1582a5d735cea29,476,self-destructed,other,,,0.097
0xecfd49e5fe88bccabc13d548552c2b906b196334,102182,2015-08-17 17:55,0xa4443808f939d8f77f6f6f4be908490ef9a3e7e5,transaction,0xc575a13332cecc5139a22be19474cbbc8d818e19db69cf4473a8c62de9fe0c86,0,never had code,other,,,0.000
0x0a0cb39d974f8492f7b1b200b430cec972619c20,103174,2015-08-17 22:02,0x42e6723a0c884e922240e56d7b618bec96f35800,transaction,0xd1896091b4a3c80a133ff869738f2e27378f5cd53b3b24a2b27f47b69a1ea7a9,694,exists,other,,,0.033
0xcf2405263b7e0d11eec326b2da9d4b0d5463246b,103892,2015-08-18 01:16,0x77b97786b0fb73e55d9e92d4b182befbf346f979,transaction,0x58dd6ed58d72d890f7a01213e2d3224b97f5d3bbd29f7b6414b32726a585c2da,10097,self-destructed,other,,,0.029
0x3cf26c54635ba585b436701112a0d38e20b6a8e1,105174,2015-08-18 07:32,0xdd38c62d238be6bb72162afec32ddccedd3a0a51,transaction,0x2d1fe82dd3dd13a824a08a18bdac40a4ee5f6362405efc36548b57a59aab6227,931,exists,other,,,0.000
0x56ce7721786745086f47df29530c535147b44745,105249,2015-08-18 07:50,0xdd38c62d238be6bb72162afec32ddccedd3a0a51,transaction,0xf8b93a50d22dbda28e6b218b7e0d3722a93c0f9fc7e3687c36203afe8d267891,1528,exists,other,,,0.044
0xc784626571c2c25cd2cfe24192a149cad86d40d8,105847,2015-08-18 10:40,0x8674c218f0351a62c3ba78c34fd2182a93da94e2,transaction,0xfdb70fc70fb54a9a4a0277180cbe22d4193044e51be4b271aad4a0ce250e86b2,0,never had code,other,,,0.000
0x30f78fd12c17855453e0db166fecf684bb239b8c,105878,2015-08-18 10:47,0x8674c218f0351a62c3ba78c34fd2182a93da94e2,transaction,0xb264b907d8b2337ae31b91bf0d385a7b0e3e9e01f0a3ffbd5896ecf8569e54d3,0,never had code,other,,,0.000
0x5f857e29e0f20f3706b36458b10c1b7bdfb420bc,105895,2015-08-18 10:53,0x8674c218f0351a62c3ba78c34fd2182a93da94e2,transaction,0x466030f28b86109f8580c16aa59ae71d3a9b6927a6862b5da332c5bd1da2b7e1,3676,exists,other,,,0.048
0xa8667d6105df3e17c0bb3a1d4fbc2fc535a1db98,106625,2015-08-18 14:20,0xa55d7191414077d72850992a603fa1db834bfb74,transaction,0xa3647df764151dced576ddd83b9ba0d66103c4c0c820129e16181c4b8fa7c98c,476,self-destructed,other,,,0.097
0x7820280130bb24ce8c8305366b86296bdafe0359,108210,2015-08-18 22:20,0xb2423e4aeca605283fa6a9caab01325d1c71ca7d,transaction,0xc216a9aab1a426e1ca255c9a7084026363067f02d98cff0cd726f2f6e87d2177,147,exists,other,,,0.005
0x8b6f500430dac53af11b20bf2878e1f5d4902165,108244,2015-08-18 22:31,0xf50466e3f27955334fff159e9d6e325c11eb85d6,transaction,0xb399d3367da915384c2323146156bd80c3a9a2d71535c098ad3b3a14f13070dc,0,never had code,other,,,0.000
0x9c0586ddc3117e360e52513fa59f7aa6fa6cf2b8,108983,2015-08-19 01:55,0xad220cce3937674e425c9693786e3ec3615c900c,transaction,0x0a848dc33686c8306f257f8dfcf855927287c3de99246a09ae6b26aaa7d395b1,0,never had code,other,,,0.000
0x40447ea85464f629a06ad4ae418b6d5091e7f2d8,109188,2015-08-19 02:45,0x13f26856cbacaaba9c4488a31c72e605fae029fc,transaction,0xcd5ae8d26513e30ccd41eaa9db2347fc14d0de0c76ef55d8482b68b531c2f442,476,self-destructed,other,,,0.097
0x47071214d1ef76eeb26e9ac3ec6cc965ab8eb75b,109557,2015-08-19 04:28,0x13f26856cbacaaba9c4488a31c72e605fae029fc,transaction,0x3aebfd751912b8fdb932a7a5b2e11f0fe5afd41d5c7b5ccb3341b047716d6ed0,495,exists,other,,,0.005
0x84de2b14014d96df07bfef8792ff85ba929c8656,109587,2015-08-19 04:36,0x5d4ee23e18ec9ded020b58e37c2184ce48ac5959,transaction,0x00a015232b84b11db0578e503fb552429dd53f6de4c4af5e50523762ca51295b,109,exists,other,,,0.000
0xfc0c93135c31a93caf6add1775713862ad8efa6c,109888,2015-08-19 06:05,0x5d4ee23e18ec9ded020b58e37c2184ce48ac5959,transaction,0xe883ef9062b5c617763287a3fe96dd31f955a8419392f5941827c8ca5cbf01ce,0,never had code,other,,,0.000
0x18bd02634e3fd2249a3e8a693aa05442f4747642,109990,2015-08-19 06:34,0x5d4ee23e18ec9ded020b58e37c2184ce48ac5959,transaction,0x7944edcff2568d99064b67fdcca055ddfa04c699dd87aa61456f35a922a42e59,0,never had code,other,,,0.000
0x6b321fd0a57e6ce17c5663546fe56535c9f39cb0,110030,2015-08-19 06:48,0x5d4ee23e18ec9ded020b58e37c2184ce48ac5959,transaction,0x0e93f68b1c793dce0711f39b7bb45cae555c70255262268de0bc6e07d63725b2,0,never had code,other,,,0.000
0x21ccc283f44a7d22da4e3728e659a29b247030df,110174,2015-08-19 07:28,0x5d4ee23e18ec9ded020b58e37c2184ce48ac5959,transaction,0x91539a8b4a2247eea0eb116fa7986ffb7c89cc7c87f2bc54ab0fe407b0a3ea8e,109,exists,other,,,0.000
0xaefd94f2b04b219ae2156b3a00a5e415bff061c0,110226,2015-08-19 07:42,0xc30f3e11b4f34259ce948a5558f73f64fdc9ed7b,transaction,0x7daf8651b364478fc6657c871c19df9d5a9ba83e8e0dda0d1ce458f8d3dc6eb6,2880,exists,other,,,0.026
0x5f8940e52f4b8552f62773717ac13794d6342b2c,110238,2015-08-19 07:45,0x5d4ee23e18ec9ded020b58e37c2184ce48ac5959,transaction,0x18e1f5edbbca6b940a900f909f329d7a48059abacbf6dbc5ae6357d7a7f79dcb,109,exists,other,,,0.000
0x97fe6106a62a4b4fb6d929a154e075b3a5fabb34,110249,2015-08-19 07:48,0xc30f3e11b4f34259ce948a5558f73f64fdc9ed7b,transaction,0x6e48d5ff13dd18bea88410a45c1b27fb613dbf1207521ee789abdd61da4d46a7,152,exists,other,,,0.000
0xa580086125d040fddd3af9d563285bd0ec4d13e3,110599,2015-08-19 09:27,0xbd744e3f13d79b33f6c8e1d5e32f8e9ba2866c46,transaction,0xf1e3951fea436d97bcc0e90d2e8dc173efbdffe25862f738bc61830790971651,0,never had code,other,,,0.000
0x65c4e65113db14f8c15702883791cca9e66c5ed2,110635,2015-08-19 09:36,0xbd744e3f13d79b33f6c8e1d5e32f8e9ba2866c46,transaction,0x0d98fc83042b9713ed36c12a3eaf393f44ab2f29cb811449dd85481d2ce6f689,344,exists,other,,,0.000
0x4efc6389b88569a375668b7b3bd4a9b6c8f4a942,111257,2015-08-19 12:28,0xb1a2b43a7433dd150bb82227ed519cd6b142d382,transaction,0xe5ab84eb9379d9e0b60b0644dd9abe14b8ed88c8f4bc6075a96366cdea25a9c8,4014,exists,other,,,0.025
0xb20e50d4de13c4459a111971633c082a09c977c9,112879,2015-08-19 20:03,0x13f26856cbacaaba9c4488a31c72e605fae029fc,transaction,0x6a8ea07fdd7ba73695492a3b308b25e1a32551c0744a633984101db2442d351a,2032,self-destructed,other,,,0.027
0xa4cb6be13c2eace6c0f1157553e3c446f7b38b10,112912,2015-08-19 20:13,0xbeb3b1d443791e4b2207a9866800e02dacf19c02,transaction,0xcafaf14f33e450e56fbc72f73228df6dc64887b17449ee2df59b42592bdb2f96,0,never had code,other,,,0.000
0xd6b862cf0d009bde0f020ab9d8f96e475069c5c6,113071,2015-08-19 20:51,0xc876c021ece519a8cb7d3d1b8eea2d1cee9929ba,transaction,0x7603c9f9f5b835c90da79d5b66b06d5f0b12ae1783fcdb3c11882195e04989ee,0,never had code,other,,,0.000
0x55ec1a78a1187428dc0c67cbb77ae9fbdd61cc2a,113083,2015-08-19 20:53,0xc876c021ece519a8cb7d3d1b8eea2d1cee9929ba,transaction,0x04bd5d7e808c8ecf3e993c38f9be149fd8eb38c12137dc8da07f09a7b802b27a,0,never had code,other,,,0.000
0xdb65fa14e772de8e6d4643a06a29fbb582239adc,113123,2015-08-19 21:04,0xc876c021ece519a8cb7d3d1b8eea2d1cee9929ba,transaction,0x413ed5ea178da2d8a2d5a206cfa39ce7138ca22605fe85f9ba1e615cf4a9b2c9,471,exists,other,,,0.103
0x5f6aa25f22edb2347b464312e2508cbc4c6e0162,113489,2015-08-19 22:47,0x2d11763b4999fb3b61ca8d19c8c77a743079f7bd,transaction,0x26dd632e8ae45f870ff6e6148f9ccf765538db78edca41712647e081b48d0756,0,never had code,other,,,0.000
0xb3fb883cbbccb0551daf1507f87426fd38da087e,113489,2015-08-19 22:47,0x2d11763b4999fb3b61ca8d19c8c77a743079f7bd,transaction,0x01d153e3bafa4eed691cdec9e7975fb725b0f04a2838d1d34a7703821150421a,0,never had code,other,,,0.000
0x4b9105d0861a72a80b5013852abb60ccbc7ea144,113621,2015-08-19 23:26,0x2d11763b4999fb3b61ca8d19c8c77a743079f7bd,transaction,0xd364fd87ff4b439541d336cf854aa9d4eb5c34395ae148ea7bd5a89b29a31d15,106,exists,other,,,0.000
0x49352616584dea1d1b3f63a834d3da9f00e0e342,114093,2015-08-20 01:39,0x42dd879f8eb7e9b43036a5b4c97b02c6176d6b99,transaction,0xa19c93820205d72ba899dc8485d637594f37adf56bbc57a7658c4b49333f7be1,2180,exists,other,,,0.037
0xea6e19bc3fc5445b31b2298fe516a1a4bf858831,114093,2015-08-20 01:39,0x3cc517f003fd4b5c22975feb2db7e73e6d830bc8,transaction,0xab46de24e132a8a5057970aca30eb4871f5427433ad117ff65b855f33cc13138,476,self-destructed,other,,,0.097
0x3eddc7ebc7db94f54b72d8ed1f42ce6a527305bb,114402,2015-08-20 03:02,0xcd063b3081ea55535e5b60a21eff7f14e785a877,transaction,0x1a98a201ae2b97a68fa0245beedec6b06a65e866cb604b08b4a0b9315233c192,1901,exists,other,,,0.038
0x5aa3acab3d4f9bce810c3d6cbde94f476dda12ec,114760,2015-08-20 04:45,0x6d134bff5434a4cce5992a7fb698ec4755a9b601,transaction,0x8837fe35e23a0cc4ba2b87a192a578ef88cd8faa50fdfcd31e5ebc99f28aab05,476,self-destructed,other,,,0.097
0x1414de7662d7c696e9db0b57e264962eb497073e,115274,2015-08-20 07:05,0x9b22a80d5c7b3374a05b446081f97d0a34079e7f,transaction,0x05a09ffb74b00618a0275e36e1edc4f961be9905a252108afdc1710ea51c61ca,4014,exists,other,,,0.025
0xcf7280d4bdfb483c6c79d3c16850f90648cd5d25,115418,2015-08-20 07:48,0x2bcc16248fec82100d969224df6b88525e6048b4,transaction,0x49c3026f98634aa8b3a79c3ed2ab1424f2a006532315108b1708d15dd060c79f,0,never had code,other,,,0.000
0xf6ed6e73a8109ef79baec6389654233455f510cf,115568,2015-08-20 08:30,0x9b22a80d5c7b3374a05b446081f97d0a34079e7f,transaction,0x29200dd423749b2b4497deecf3774154bac9a6534fa257c0fbab277e77def2fc,45,exists,other,,,0.000
0xfe8ad7dd2f564a877cc23feea6c0a9cc2e783715,115693,2015-08-20 09:06,0xcda0ad7542e30bf520652a05056ebe0105c7e49a,transaction,0xe10ed7c7564e7b1439219a086a2d215614235785fffbe3fbbfafd9b4759f9ce0,4014,exists,other,,,0.025
0x29a7750c825aef71c50f3e04f0a47093317cf22e,116013,2015-08-20 10:34,0xc876c021ece519a8cb7d3d1b8eea2d1cee9929ba,transaction,0xc20b98f1d65a992543d5df1471b1927ea0464a25e4ab0561d33db57744713d3b,431,exists,other,,,0.107
0x44b10ed35f9933240903a0cbab663572f60dd430,116114,2015-08-20 11:02,0xc876c021ece519a8cb7d3d1b8eea2d1cee9929ba,transaction,0x3eee0d52b85a72c4fd179cc273e8a028cd71fa115577921bbb6cb2236b85fa95,280,exists,other,,,0.120
0x9168414b724033d9ab0bc6dba06e26c851190953,116114,2015-08-20 11:02,0xf15b7384b900a75f5909f72be3f0100221d88c1f,transaction,0x6c653e07b6187dfa891b91a9828bda6f3404e34bca87bf30019c5af531edcecc,476,self-destructed,other,,,0.097
0xef550c2f1f8848d5d0d2466b9b0867c5d5ff98bc,116135,2015-08-20 11:08,0xc876c021ece519a8cb7d3d1b8eea2d1cee9929ba,transaction,0xbc87bac0de1e05fd70301e938d76e63c84ebdd944cac138ebee0b6f5f7d8f951,280,exists,other,,,0.120
0x49e77af7f52eec4b042a52b957c96df1d7c1d31b,116155,2015-08-20 11:15,0xf15b7384b900a75f5909f72be3f0100221d88c1f,transaction,0x98ce8cc161f146c10e004ce2ad4dce571531517ffa7a2f123effe9431ac0cd32,476,self-destructed,other,,,0.097
0xcddbaa128ab4ad84cb689d8d841b3335c8f86a90,116164,2015-08-20 11:17,0x51c6a5f0248d9a4f7ca205080e2ba8b0962fd8ea,transaction,0x8dd2593f3f8f3d84c040e71f8b9af0367c8ae7782552a999108735dbb53131d6,0,never had code,other,,,0.000
0x661efb97e5a16a02d9e56a850dac945710365787,116172,2015-08-20 11:20,0x51c6a5f0248d9a4f7ca205080e2ba8b0962fd8ea,transaction,0x481ea35700f3c3be2cb673ed45b3973fdb7753a879a2fcde41b6e7520ddbd33e,0,never had code,other,,,0.000
0xe344c40460f30e2cd30d8687204d9906ea322236,116244,2015-08-20 11:38,0x51c6a5f0248d9a4f7ca205080e2ba8b0962fd8ea,transaction,0x4b978cf61d1030212cb158ac40ddb9e1cf6b62006465bf8b4604300fe2ff6409,0,never had code,other,,,0.000
0x4d95fbaf35fc5a815983f9df94821c1c089dc02f,116496,2015-08-20 12:53,0xc876c021ece519a8cb7d3d1b8eea2d1cee9929ba,transaction,0x0dc510ff987a629b15c57e33a7472c3710da7bf104aa3c81247dd8ae028e0cc8,280,self-destructed,other,,,0.120
0x2c785fa15498fe27f1fc5f809bcd9c10c9481752,116524,2015-08-20 16:38,0xb1a2b43a7433dd150bb82227ed519cd6b142d382,transaction,0x4a4b5d30b2956ca6938916e46549f24f2d9f7a8370e4e72ad0e9679cc5db453d,45,exists,other,,,0.000
0xb2d7f8fda0c194f8ebcbcba97e17e2241d9c6743,116524,2015-08-20 16:38,0xb1a2b43a7433dd150bb82227ed519cd6b142d382,transaction,0x20a93b5c81d9b3f192d54ba0f05beb453d8a26bb2c5286ea4d7aec947264837e,4010,exists,other,,,0.025
0x252568abdeb9de59fd8963dfcd87be2db65f1ce1,116525,2015-08-20 16:39,0xa9ac1233699bdae25abebae4f9fb54dbb1b44700,transaction,0xa392f013e41e604c2fed7c9fb5f49689858f3ab87b2e5a75839bbd6847a1ed86,476,exists,other,,,0.097
0x45603aa97b67965b42b38ddc8884373edbcf2d56,116525,2015-08-20 16:39,0x13f26856cbacaaba9c4488a31c72e605fae029fc,transaction,0x7219290fa2e2ffb306b3fd1a8dbc4ed966282abd3d5af3200a9a9ce0ed7b3681,0,never had code,other,,,0.000
0x6f5678935f3b6055a77a37b33f326d4534693918,116525,2015-08-20 16:39,0xa9ac1233699bdae25abebae4f9fb54dbb1b44700,transaction,0xd1d0bdadc9b60a4d12184ea90142629fc1d2c26741451b75f2e226f0beb406f8,476,exists,other,,,0.097
0xb214cbce30676bd117f95a8695d34427295cd6f7,116525,2015-08-20 16:39,0xa9ac1233699bdae25abebae4f9fb54dbb1b44700,transaction,0x8ae9bf1e608ed578412b32911c3435c9f5ce9d0f233812c128fc8aea3926015d,0,never had code,other,,,0.000
0x273930d21e01ee25e4c219b63259d214872220a2,116526,2015-08-20 16:40,0xb1a2b43a7433dd150bb82227ed519cd6b142d382,transaction,0x3010140fbe38c0af0cc1020a82f4c1cac76f5cbb34abb90f6f480572e10dc7b8,4031,exists,other,,,0.025
0x2945a11956a46eb63fe5bb376738ad75a2f4d0ed,116526,2015-08-20 16:40,0xc876c021ece519a8cb7d3d1b8eea2d1cee9929ba,transaction,0x985b6c03ac5fed49764e17857063a10271bc7e7712c2ed3dd122b89cdbfbfe1e,280,self-destructed,other,,,0.120
0x14c20fd59e3e20c445562d39dca76f802cb21315,116530,2015-08-20 16:42,0xc876c021ece519a8cb7d3d1b8eea2d1cee9929ba,transaction,0x966829ad70faf465fcc8a4058ac76bd6fb8faeccca38671d4c4799590fec0e3a,0,never had code,other,,,0.000
0x26b13c1bf44c603faa299a841e29ab29b945c55d,116530,2015-08-20 16:42,0xc876c021ece519a8cb7d3d1b8eea2d1cee9929ba,transaction,0xe608280a24ef2f3e5f50edbf84292f735973f8a542f527e0b70a21a85c536ac2,0,never had code,other,,,0.000
0x539dd9aaf45c3feb03f9c004f4098bd3268fef6b,116558,2015-08-20 16:59,0x00f59a27876a4d06a8e8dede3e2d32613583abca,transaction,0x516c871acd7e7c9b263df21212755705593742cb7a545a5605e0f652ed6ef8c3,46,exists,other,,,0.000
0x7a19a893f91d5b6e2cdf941b6acbba2cbcf431ee,116558,2015-08-20 16:59,0x00f59a27876a4d06a8e8dede3e2d32613583abca,transaction,0x3cefa4118547cde013e110dbc99d3b2442e6d7fd9f166fec2d882835a7ee5d9d,47,exists,other,,,0.000
0x959c33de5961820567930eccce51ea715c496f85,116558,2015-08-20 16:59,0x00f59a27876a4d06a8e8dede3e2d32613583abca,transaction,0x6be135c0d04b9e61f11119f0f6c1eb0be38dc53f59660cb7583b7edda14e801a,47,exists,other,,,0.000
0xc8158da0b567a8cc898991c2c2a073af67dc03a9,116558,2015-08-20 16:59,0x00f59a27876a4d06a8e8dede3e2d32613583abca,transaction,0x9c8884a4ce7993c76c5a10b603690a26a587f9748c1367cc1a47bc52e5d1bf2b,47,exists,other,,,0.000
0xf070658cd7e54bc4d8942d66b922af803c33bf7c,116685,2015-08-20 18:11,0x276e2f360f94f35ddc4a45f16ca8771a746a4582,transaction,0x19f5cefd5bd9439015bbb6c8bcecf53f40fa1a4ddf2dea6366fe4647da080035,476,self-destructed,other,,,0.097
0x816c42608bc6ad894a7d788129c408a18241ff55,116719,2015-08-20 18:30,0x9b22a80d5c7b3374a05b446081f97d0a34079e7f,transaction,0x6949ed76c1353ca9958c0122c9f1b2a2848e08cb93b5c4892f4eea548bb178b9,49,exists,other,,,0.000
0xe6f13c5af166f8c732873ae069f53fa4cbf1230f,116883,2015-08-20 19:35,0xc8ebccc5f5689fa8659d83713341e5ad19349448,transaction,0x92c1aa45ffcd3ee2e6882979f53123f34627bdf7cd2bbf9c72da0bf65886a491,268,exists,other,,,0.000
0xf5d2aed0588d62f5b5df07bd9ad05f5d738d9533,116929,2015-08-20 19:50,0xb1a2b43a7433dd150bb82227ed519cd6b142d382,transaction,0x2b66e8d3d694a8ad29d67f08d6c5c6d8d7e4ff4f6b24d44296694a46543d6209,49,exists,other,,,0.000
0xc4f14b38020bd9d1494aca3ee8c88ca0265ecb08,116978,2015-08-20 20:07,0x36b113901a68e562ce082b2da82eb6027af3b375,transaction,0x28a3e35f51d0ae7cba3fa0088ec7f054e854d9231d916cf7958a96f72a0313d5,476,self-destructed,other,,,0.097
0x1c294eaf56dfe667f0a4d0781f11f0dad53b9e49,117394,2015-08-20 22:12,0x4c225a03584d0d8e46dba7f48ea5dbd7642011db,transaction,0x74d1bb49639f8a6f77d2cc4594a2000a51511e7edfb6a3c786d4373b03a85a85,49,exists,other,,,0.000
0x12a595641d8bd57abd0538dcc2e69518a4a3aeae,117823,2015-08-21 00:12,0x17503ac6bd7f64aba0b186c354e25c68dbe9bea7,transaction,0x54f225b49d99926b12188b4b2a1fb6be1a00fb715122ae605e582b43f9062455,476,exists,other,,,0.097
0x67b0daefc2b124cfdb1e52815efa89a84a097be8,119015,2015-08-21 05:35,0x34c57a97df78772fac54ff75cef9590457fee4d9,transaction,0xa58d3d0a0fb3d6a472b36d6f966a9200808310c3297ac71b063046a7b96681b2,1656,exists,other,,,0.036
0x108645f0cf8df0369bb718bc341e1fe9aa08ea0d,119405,2015-08-21 07:31,0x34c57a97df78772fac54ff75cef9590457fee4d9,transaction,0x212170cbaf3f8cbca1017f88457be29796d6eaf822a01c317968fabd44f932e7,1656,exists,other,,,0.036
0xfeca44bdcef59d54e2545bdeb8029eaf26038153,119405,2015-08-21 07:31,0x34c57a97df78772fac54ff75cef9590457fee4d9,transaction,0x2fbd99b7f6abdbd784a24aaf87502afa21ffeab4ad6af5def3ff8046928d4712,2470,exists,other,,,0.049
0x03e1f1bed310cc46fd69dc12db4a4089bf19ed5b,119409,2015-08-21 07:32,0x34c57a97df78772fac54ff75cef9590457fee4d9,transaction,0x560571209d63469eb1786d82971944fbb2332620d2159d1a51a65de9d6d275d3,1656,exists,other,,,0.036
0x0ad0f3c60696adece09367a9a11c968fb88560bb,119431,2015-08-21 07:41,0x34c57a97df78772fac54ff75cef9590457fee4d9,transaction,0xa3c8b63c4aef12c300acb0c19524ef75b0302e0068cb3287ae887aa2e8f9de3e,0,never had code,other,,,0.000
0xb3de3fbf82c14d6ea7abacff5bc8ccce34d101fd,119444,2015-08-21 07:45,0x34c57a97df78772fac54ff75cef9590457fee4d9,transaction,0x656e24ec390908b7ba6878b47eb326a1c4e98f643ec1b0161ed33096db347877,2470,exists,other,,,0.049
0xd2f06b96b41a6cbd916e3e762e837193ac74e89b,119651,2015-08-21 08:41,0xee38df16452bb041e346caa6679efc57c8bd4603,transaction,0x2742bfcfa731e732a1ef71412518d2485c485c3976a3eaf9ddd6d2d40d914385,49,exists,other,,,0.000
0x3cc6cd0229daf29f60cc0c24ac0de3a7d9d431a1,120024,2015-08-21 10:24,0x34c57a97df78772fac54ff75cef9590457fee4d9,transaction,0x0977ffcee219681f53cbd9f24156c8b4dfb4704a7711cae17e839516775002f4,2466,self-destructed,other,,,0.049
0x07bb818a498a68e1a52a7457181efa52980109a9,120056,2015-08-21 10:34,0xd007c3ce0bfcfe50559e15a3737c236f8fa15bbe,transaction,0xbcf424ac9757fcad971d2f11c7b94fb3c6fbfeb9bd976e22721ecf53d45cfdd3,429,self-destructed,other,,,0.107
0x8bf35a1d792c29f5daadb21a570ec8365ed6ecdc,120104,2015-08-21 10:46,0xd007c3ce0bfcfe50559e15a3737c236f8fa15bbe,transaction,0xcfbb46d9bfe01c9bd656b4eea5df40feaad9478d753972aa7dabd226fccac85e,429,self-destructed,other,,,0.107
0xef514634519d0d610f2cfd020859cb1157b1807c,120126,2015-08-21 10:53,0xd007c3ce0bfcfe50559e15a3737c236f8fa15bbe,transaction,0x379f9a36d8b1ef245e3f89c93c7ea10968430062e03aa5b13155ac0cfef10b99,574,exists,other,,,0.081
0xdb368f7b36d972b2db133b8c62478f5f2c7f028c,120611,2015-08-21 13:16,0xd007c3ce0bfcfe50559e15a3737c236f8fa15bbe,transaction,0x575b158fdf46e45563c6d7883eee0fa8b90e2566dc21935e423ea984c0f4fda9,983,exists,other,,,0.093
0xdca13a5c7dd58d3690214586c5096958ba240238,120635,2015-08-21 13:23,0xd007c3ce0bfcfe50559e15a3737c236f8fa15bbe,transaction,0xeb4c111038c8da495bb0307dfd1881002637a66aa8cd4579a54c263961204ae5,983,exists,other,,,0.093
0x325e36e383630422b27df8dbbd7c72bd40fb4f8b,120665,2015-08-21 13:31,0xd007c3ce0bfcfe50559e15a3737c236f8fa15bbe,transaction,0xb650ed2b45cca8715812264a5d586f8719222927c4bff31e4ac72a41ecef536b,983,exists,other,,,0.093
0xa1a040d54c897b7e7476cea14525c5c2ab7c3c00,121313,2015-08-21 16:38,0x276e2f360f94f35ddc4a45f16ca8771a746a4582,transaction,0x387d2f577c028c255340c8ac6ce542985d87722eea4627e99c9fd949be5e53c2,495,exists,other,,,0.005
0xdd16be53c9cfba8bff49d772d575bb3104147105,121796,2015-08-21 18:44,0xb735bf53abc79525a4f585a004a620d08cc66b27,transaction,0xe8fb48fede70bcab30ebbf61c8cdd535ea541a36a08be5a26a8c706ceef0d74f,0,never had code,other,,,0.000
0x0157cd67f9efbe2f7d0981a2ddccd8b6c07793dc,121816,2015-08-21 18:51,0xb735bf53abc79525a4f585a004a620d08cc66b27,transaction,0x7e04190c0a5308ce6d2a3b6f3de56d19936f02c9c01dec56dc788fa3336aaf31,2227,exists,other,,,0.046
0x2c9775bbd244dc0591cf2b4df77407599ac9c59b,121817,2015-08-21 18:51,0xb735bf53abc79525a4f585a004a620d08cc66b27,transaction,0xba873263354b8fe4247a6bce5c7ae41d908b1b4c610d181cb0774c6f6389484d,2227,exists,other,,,0.046
0xa7b91a5d2d5f7bb49598d9f00c76be300aa69758,121818,2015-08-21 18:51,0xb735bf53abc79525a4f585a004a620d08cc66b27,transaction,0xd887c51e286be0deab809f87331d885df32104a754417c342a28533114c22d44,2227,exists,other,,,0.046
0xc1fde2af03bd15fcaf2d4a0db8d7e532c381e016,121822,2015-08-21 18:53,0xb735bf53abc79525a4f585a004a620d08cc66b27,transaction,0xec8c0d16cc866465027aedf0dbe1bf88de7199bf67783c140da6c2e5d83831ad,2227,exists,other,,,0.046
0x028f56a1bf4a12b97bd481a3eda4450a8d3caff1,121823,2015-08-21 18:54,0xb735bf53abc79525a4f585a004a620d08cc66b27,transaction,0xc4f2291c009b6f9438ca33961f210849f9a88bc132a09ac3a1c22025341490d0,2227,exists,other,,,0.046
0x47f53b00f6d67da01dd67f1d6ea6e9fbe7416adf,121824,2015-08-21 18:54,0xb735bf53abc79525a4f585a004a620d08cc66b27,transaction,0x37b4a22ec59bad6152b5cf35be0583cc9b2ff17c3e2c5842f395064501da2fd2,2227,exists,other,,,0.046
0xba95c0e91e06cf60197f247f4bcff03fc32300db,122096,2015-08-21 20:15,0x59b7ee394b4f4eed8494c7920103d7e7e7e2bff4,transaction,0xdae50a9be63aa2e23e3bd121bfa0065d2935c2746915b5983d7de3507ffa82c0,0,never had code,other,,,0.000
0xdf415bb7ae2363ecbb6a595f07cbc2fc0fd417d3,122130,2015-08-21 20:24,0xb735bf53abc79525a4f585a004a620d08cc66b27,transaction,0x87c3f6224e7f3a19d02e5e474427e009e84856804cc7dae29f053242c6019008,2230,exists,other,,,0.046
0x3dffffc010d080f35887154454b5518023c7cd51,122174,2015-08-21 20:37,0xd007c3ce0bfcfe50559e15a3737c236f8fa15bbe,transaction,0x3484bd8656bf9e844fcee3c7693e92ad82b4fb5844a8b4cda8d8b43bf98ddd88,816,exists,other,,,0.103
0x0360977f2a812174149db52a89448bc85629d3bd,122279,2015-08-21 21:12,0xd007c3ce0bfcfe50559e15a3737c236f8fa15bbe,transaction,0x15a601d2b279d24ac2329ad81145720d350059a9de9abcfd70d88b65e766022b,680,exists,other,,,0.107
0xe0381e00e1f4e8f39afebf6d93ca0c31a3b59a9f,122372,2015-08-21 21:41,0x276e2f360f94f35ddc4a45f16ca8771a746a4582,transaction,0x6e5e9d6559ac0e5aa39cb5f8ac59b6d9e303c5b4e96684aadb24ecffd14efc2a,2032,self-destructed,other,,,0.027
0xbf495a1e24ac2156d88f0b4cffaebd45e7589801,122687,2015-08-21 23:13,0xa090f450f0f211a962a13e4181e710e0472264f8,transaction,0x2d1858aaa0a0c893734090432dd31aec2a42743e6b505c1acda27a92e0bee349,0,never had code,other,,,0.000
0xd291f28554448128d42dd361e8d9c717164293f2,122696,2015-08-21 23:15,0xa090f450f0f211a962a13e4181e710e0472264f8,transaction,0x14b6201954cfc5aa4d925a5c8b6d26aef17f535ff8d7d28275a57e9081904fe7,0,never had code,other,,,0.000
0x49cf95bb10807f18459a3f163844847220a20bfa,122760,2015-08-21 23:31,0xa090f450f0f211a962a13e4181e710e0472264f8,transaction,0xb5a7f176fa2db224140b66985034b9ebb852d62fa2fe31453eba13b99546dd01,0,never had code,other,,,0.000
0x57a63e1a875d17c1e3d8bed749d14c015e2bbd1e,123191,2015-08-22 01:37,0xa090f450f0f211a962a13e4181e710e0472264f8,transaction,0xbb8ee9866ee67277986b6f40775469c7a674810ce99dce3caff0d1117c8dcdac,0,never had code,other,,,0.000
0x9255ba5273b02a8d3191747d745ad95e4d057f49,123776,2015-08-22 04:15,0x30f9b6467cce3420211d37485e786435cec23cfc,transaction,0xd27df54e11a7d253236eb2b15ad132f95979bb02a3e38cf6fe3899bf8bc29e4f,476,exists,other,,,0.097
0x9dd9e1ba1eadebb6201947c47ae22d8312be22c8,124391,2015-08-22 06:55,0xa748fac76b1d857e2f77484a0f816463e8b56edc,transaction,0x32a8559b2a0390e143592e9379f000de86622a1d7cd500463d973e205130502b,164,self-destructed,other,,,0.000
0x338e7292dbf9b3d326866fe46d35d04ccb750cb4,125026,2015-08-22 09:48,0xa9ac1233699bdae25abebae4f9fb54dbb1b44700,transaction,0x25947f5cadd8d322a11858eb7a186bb674c87cd6e679bcfd3403096c4d2713e5,0,never had code,other,,,0.000
0xf7412232a7a731bca2e5554c8ee051274373c17c,125037,2015-08-22 09:50,0xa9ac1233699bdae25abebae4f9fb54dbb1b44700,transaction,0x1b4afdb595ab320cd5e41eda7cf544bb3312e66b687253f757ea2479a1bc41a2,0,never had code,other,,,0.000
0x3d7ed156f48106b3ff76ddf3d1e06a584f246503,125049,2015-08-22 09:53,0xa9ac1233699bdae25abebae4f9fb54dbb1b44700,transaction,0x45ea225be2ab2510fe81d39a84b1d2e4f7be7ac39e596515732c7bb1b8c0bd94,476,self-destructed,other,,,0.097
0xf2352e5f162877c8250bbebc9ed52f859875dbd2,125091,2015-08-22 10:03,0xa9ac1233699bdae25abebae4f9fb54dbb1b44700,transaction,0xbbe1a5fbffabb4003a14b1fcba3bac884c960841daf166ba689220344b22159e,495,exists,other,,,0.005
0x0cb61c9690c48a38dbb06d80b8ea8f0406ad1227,125796,2015-08-22 13:06,0xa9ac1233699bdae25abebae4f9fb54dbb1b44700,transaction,0xa55840fdf716d3c1ce3306fd5a14d6712bc8294a17a493d6df5fb0bcc2972dbf,495,exists,other,,,0.005
0x9d8b0da90da4dbd2d5040370f766b5deedbc6e65,125811,2015-08-22 13:09,0x001356974cded070ea3beb7dcf61f6878bea6c22,transaction,0x019e4903b4c9261fc92f4baeddedcb64927be2fad0a8c310c891970cd5d53c26,0,never had code,other,,,0.000
0x1f1058dd8700a9247fc585c61aeef2c838edaf2b,126318,2015-08-22 15:27,0xa9ac1233699bdae25abebae4f9fb54dbb1b44700,transaction,0xe763ed9a0c55bee3a469010065e373e6b1be6db6259fecfc6d1cc83a9d42bd6a,476,exists,other,,,0.097
0x8e6f6a5a04adb1a4858c7eb0bca87599405d9651,126347,2015-08-22 15:34,0xa9ac1233699bdae25abebae4f9fb54dbb1b44700,transaction,0xead36a875ab123113a7dd71abea567f8d41e848180ee1dfd83f0d97ba6cfccb0,213,self-destructed,other,,,0.040
0xa96904cb3c5d4714147ae2ce1da3652739f7ffda,126750,2015-08-22 17:32,0x5e0320bb4d82ab8bb5d7291f2c67d1c99abb3c05,transaction,0x04e3ab2231493bae89030a2261c17998ce7ec7d70214558fefa42bd15cb38ad2,495,exists,other,,,0.005
0xb0533d8a5dd60882a08905b71201781cc5875390,126799,2015-08-22 17:47,0x1434016a8e239e1ac695362abe4c4c0fcd031489,transaction,0x0af8af5952edae8c792dafc252488d867646fbf1f14d5d78ceeff8185854c70c,2032,exists,other,,,0.027
0xe0abfa34869ee760b3901804242a6a43aa56cf33,127733,2015-08-22 22:10,0x5e0320bb4d82ab8bb5d7291f2c67d1c99abb3c05,transaction,0x1316cf0b92506e2576732ae4d0dd32a101aaddecdcd43f50ec7ecd6d2d480814,495,exists,other,,,0.005
0x8175dc93c897dd26b48b76be509022c1047dea00,127742,2015-08-22 22:14,0x1434016a8e239e1ac695362abe4c4c0fcd031489,transaction,0x2919ea822657003f3b313ece0ee5ee1a836b56b034fa987af3412c002f22059d,495,exists,other,,,0.005
0xf96f610d1302a6052a3f5632752e7b73fd4ffc9e,127809,2015-08-22 22:30,0x00b73a0758fb2f2f8503661b56a6b8d210c521ee,transaction,0xb4312e9dce6a06205521e314f9b5e1d273125ffa6e4d4d64d31161aaea26fa1b,476,self-destructed,other,,,0.097
0xcb09a0f188d34fb5fc2d47984668d35523e5dfda,127820,2015-08-22 22:33,0x1434016a8e239e1ac695362abe4c4c0fcd031489,transaction,0x36cf493412c56d050355893639d07838e7f43fcae9a80edd9418d3d52001eeed,2032,exists,other,,,0.027
0x3d4a5a4b17fe525026adccb019eae2e437468000,128179,2015-08-23 00:11,0x1434016a8e239e1ac695362abe4c4c0fcd031489,transaction,0xd134a645c5a039d9841d615a7a7cb093683577c6a97526ca7e0d3fb8a110cbff,2032,exists,other,,,0.027
0x2748b9d23a1f253883ae07829c305e23e46d789b,128636,2015-08-23 02:22,0x9266c0400dd47cd2ee990dae8b38cd3f8db0363d,transaction,0x8027dbda32d39bbeaa2970b43a634e90c1951ace48573b493d6257d1f65c9d9a,0,never had code,other,,,0.000
0x240688263185805053f0c9e129612ba92d0e5954,128647,2015-08-23 02:27,0x9266c0400dd47cd2ee990dae8b38cd3f8db0363d,transaction,0x84bbb19b7df0e38a8835788495ffb933a7e5628b91a560abfe929fd94cd29130,0,never had code,other,,,0.000
0xf1d3cb7d452d473f9a09d731eaf37bfbaa67938f,129114,2015-08-23 04:42,0x30f9b6467cce3420211d37485e786435cec23cfc,transaction,0xaeff0ffb64177ae284bd3de7031af9cfdf09f626129d8ebb3727f3b2ef6fc17c,527,exists,other,,,0.032
0x2dea8677a17abbde274d4e917ec0aa5733eaeb5b,129131,2015-08-23 04:45,0x30f9b6467cce3420211d37485e786435cec23cfc,transaction,0x2570f4d68d81e11d064ff2b5387dade280f93bc6137e9f19f00fd2cae0640144,527,exists,other,,,0.032
0xcd53ffa7edb8b1a4e12efcbaed04ce53ac1b6511,129329,2015-08-23 05:38,0x34c57a97df78772fac54ff75cef9590457fee4d9,transaction,0x20e4d29f8d7540cf62321e9b3254ba19d502a8bc1b5bf39887f3ccc060958b10,495,exists,other,,,0.005
0x25ebb1294d87c7efe83f1dca5672752dd3df5c69,129405,2015-08-23 05:56,0x34c57a97df78772fac54ff75cef9590457fee4d9,transaction,0x72c0b6c548fa02c7c9f218c42badc07a37c853890adbe8469ec36e005a16b9c4,2572,exists,other,,,0.048
0xd068e1a62cbb450fcb391bc745b045aef58ba349,129407,2015-08-23 05:56,0xa9ac1233699bdae25abebae4f9fb54dbb1b44700,transaction,0x71515c38fe6eb8c33c3b5272f77ff3a51f5c261e98be21ce6117608ce92c2f14,0,never had code,other,,,0.000
0x319ef44ef10784907e09099f100f56b33a2da878,129424,2015-08-23 06:03,0xa9ac1233699bdae25abebae4f9fb54dbb1b44700,transaction,0xa35c757ec1e4b55c69c730e2488b9d70d35471aef9ae6bde4205e8ec88460449,0,never had code,other,,,0.000
0xf794d631e7cdce71b1ff97351a02d147ed16bb45,129427,2015-08-23 06:04,0xa9ac1233699bdae25abebae4f9fb54dbb1b44700,transaction,0x1f7758eceb8fa8c9aa9e53a992f233a42f4aac00d1c9521069ebc3ba5da36e5d,0,never had code,other,,,0.000
0xc3e95b681db598217ee260653fb5baba83507cfb,129448,2015-08-23 06:09,0xa9ac1233699bdae25abebae4f9fb54dbb1b44700,transaction,0x142f4d368e60048503e809b4d05b25af9c6c1a76927a7cc58b77c49cf8c3a62c,0,never had code,other,,,0.000
0xbbd53362529f4b682b991c58bda5708b10ee843e,129455,2015-08-23 06:12,0xa9ac1233699bdae25abebae4f9fb54dbb1b44700,transaction,0x545787231c2ba82e3f6a69cfe9b06c789b006ec674026dacb648bf2825d1360b,476,exists,other,,,0.097
0x81e9e4c61fb544d658b68690db33f50c999d5283,129484,2015-08-23 06:21,0x77b97786b0fb73e55d9e92d4b182befbf346f979,transaction,0xa501410b0b66abae3fbc795bf885192c0a419b4f9373aec4bbebbf7c4c176f3e,10379,self-destructed,other,,,0.027
0x6fd8e86c2be7d006c88a76ce3d188fdffbea9b03,129529,2015-08-23 06:30,0xa9ac1233699bdae25abebae4f9fb54dbb1b44700,transaction,0xe3ab1fd1a903b21d5cb5d66c8753485f6262cc36a97f35af8a14a25a88469942,0,never had code,other,,,0.000
0xf0d247b4bc367bf9d3d4770018e6d219a60b2cb0,129543,2015-08-23 06:34,0xa9ac1233699bdae25abebae4f9fb54dbb1b44700,transaction,0x49d07a7c5991df92d9d6d02e7481c5c22af9873136e5b4c2496e7bc8d8bc1555,0,never had code,other,,,0.000
0x6a330efadc671852afd8ac94561f5a4b3190b8f5,129550,2015-08-23 06:35,0xa9ac1233699bdae25abebae4f9fb54dbb1b44700,transaction,0x3f8657cfd258e1a7aa114a29e16e9d6acf3ea7b9563b92c6e27a50d9392c45ed,476,exists,other,,,0.097
0x365e164e34dd018a140ecf20dcbafb15b5e59334,129562,2015-08-23 06:39,0xa9ac1233699bdae25abebae4f9fb54dbb1b44700,transaction,0x5590c42b805997d0c38a56c78a1301e32c95a29ee144a07c2667898f5967f051,0,never had code,other,,,0.000
0xd59ad85b44d11a41678af413f08eaa5ca55043d7,129572,2015-08-23 06:42,0xa9ac1233699bdae25abebae4f9fb54dbb1b44700,transaction,0x7503af91e20b6ea44bba4bfb2e8f779b3c5cceee879c7c7ae8a5552e6de38835,0,never had code,other,,,0.000
0xa6b0209315a821170867f958056cc9f336b43bba,129577,2015-08-23 06:43,0xa9ac1233699bdae25abebae4f9fb54dbb1b44700,transaction,0x0e9b1204c6b8dd95f88433e98fdb91dbab114de00d352bbd038aad65e26c50b1,0,never had code,other,,,0.000
0xb4add7c15cc2176e3330c385a0af30f4e8fb23df,129692,2015-08-23 07:16,0x34c57a97df78772fac54ff75cef9590457fee4d9,transaction,0xe077e3b3ce544979b7bc17aa1a61f3f7b907153332b025b2c1c7cfa9d3fea81c,1696,exists,other,,,0.045
0x98a8816995ee368796c0b72ecdbf06a2b149388c,130572,2015-08-23 11:23,0xa9ac1233699bdae25abebae4f9fb54dbb1b44700,transaction,0x4ee2bbfbaf90afef640c6ddacde696e6c4b81f9f644fc8c78670b910f922236b,476,exists,other,,,0.097
0xd4473ca8c61fee2b5cfdbb40a7d4edab8fad0cc7,130580,2015-08-23 11:24,0xa9ac1233699bdae25abebae4f9fb54dbb1b44700,transaction,0xe93c6b20f2205672ab0034c1dcdb9186862206ad4d022c803a569fbcc9efd236,0,never had code,other,,,0.000
0x5eab75a5cbcac6cfe5f4c255489fdcfa74913bcf,130865,2015-08-23 12:40,0xd007c3ce0bfcfe50559e15a3737c236f8fa15bbe,transaction,0xefedf9ddd6a8ec47ef1fd4a1bdce322b5100dd8bc3be56037c6e5e13f0a9ce67,913,exists,other,,,0.097
0x3320e23c0f3a98be343b89291f47812d3e3e7237,131197,2015-08-23 14:20,0xa9ac1233699bdae25abebae4f9fb54dbb1b44700,transaction,0xe5609e2cc98e54c936bff58690e081e734ca6a61d5e4c2e366c2cbe64b6045e9,0,never had code,other,,,0.000
0xa04be656aef62e46ad0ab093ac41eae6f5f5c587,131207,2015-08-23 14:22,0xa9ac1233699bdae25abebae4f9fb54dbb1b44700,transaction,0x14bf6d7f71f15c8d8b723cf7fe2ad261a116d1fb4bd07f5a85ead656f53c965b,0,never had code,other,,,0.000
0xccdf5acd3b13062d6695b582105feb0d77537631,131217,2015-08-23 14:24,0xd007c3ce0bfcfe50559e15a3737c236f8fa15bbe,transaction,0xf1636c9eb4981f8986bdfb921868a1004c166bcd39d938d593a84a1dd380a7f4,906,self-destructed,other,,,0.097
0x248ef26da8c1b71bb31be16abda6c01d114e8598,131218,2015-08-23 14:25,0xa9ac1233699bdae25abebae4f9fb54dbb1b44700,transaction,0xbd99e9e15bbbd45dad315f2cf487df39caf2c2e945c5e537428a8ee09fac6979,476,exists,other,,,0.097
0x985fe3bb6623c741463785e824135fb636263257,131241,2015-08-23 14:31,0xa9ac1233699bdae25abebae4f9fb54dbb1b44700,transaction,0x6df314e229467897f5756f6afba9c65d66a566eeb3467f8a388d7233e55f20b9,0,never had code,other,,,0.000
0x5ac9c871fb1be8a3fdeb82b54e636395b26304f2,131265,2015-08-23 14:36,0xa9ac1233699bdae25abebae4f9fb54dbb1b44700,transaction,0xe2d2434de434fcab40a8d70abd33a88c057c05ad45b81857b83f54979a89862f,476,exists,other,,,0.097
0x9336511e77338df89d009b8a5447440748a5d4b7,131300,2015-08-23 14:50,0xa9ac1233699bdae25abebae4f9fb54dbb1b44700,transaction,0x808ed0085aca1a9884af3bebe254f36f03d7e142adb985caf1448a87c89954fc,0,never had code,other,,,0.000
0x59540bfd087729dd4583287d50bc69641c6ed54e,131304,2015-08-23 14:51,0xa9ac1233699bdae25abebae4f9fb54dbb1b44700,transaction,0xf486ef31049d65cf85c76713babb66d51252725a13f6989b158231a320e8cce2,0,never had code,other,,,0.000
0x0e75b718f494e5b6468fb6b292e3ee5b0ef4d29e,131312,2015-08-23 14:55,0xa9ac1233699bdae25abebae4f9fb54dbb1b44700,transaction,0x2874cc1e4708e74427efb87d1d6ba0662aac48a752eb6c39f1f77290daeed965,0,never had code,other,,,0.000
0x27887b9264fdea77b5ce5df84943dcb2349fac65,131328,2015-08-23 14:58,0xa9ac1233699bdae25abebae4f9fb54dbb1b44700,transaction,0xb122e7a3c0b6c675f73a9abd568fc0e391a6fc3e6f84d5fd1ccbf75a4296e5a9,0,never had code,other,,,0.000
0x8245ddaaad559ed153f460fd191819a5d37c19b3,131333,2015-08-23 14:59,0xd007c3ce0bfcfe50559e15a3737c236f8fa15bbe,transaction,0xe725a7c7329c278f54302fb5c023a820d363a4fb2e4974bec61ea5cf155cdf2c,906,exists,other,,,0.097
0xb1f1171f13699b071d793c64fc9422b246f8dd63,131347,2015-08-23 15:04,0xa9ac1233699bdae25abebae4f9fb54dbb1b44700,transaction,0x4d8acec168df23b1a9dc83128203ca6c38bb1ecfbce26b054d38e4c3155509ad,0,never had code,other,,,0.000
0x3b8c387a09bf88c88d41f47c4e15c991167c67a4,131396,2015-08-23 15:19,0xd007c3ce0bfcfe50559e15a3737c236f8fa15bbe,transaction,0x51993998af7937ef05fde0dcda58239bfaa87b9f3507d0861ba0c732b173d09a,1027,exists,other,,,0.094
0x788822606b137bd5ccd2d47416d0ccfc3767542b,131454,2015-08-23 15:37,0xd007c3ce0bfcfe50559e15a3737c236f8fa15bbe,transaction,0x8103779f92a2f836edb83058207e6a434e9a04e48f3795b510166dbff1668a75,1142,exists,other,,,0.094
0x43b2cd9b87d938d13cf13cd922d15a59c0fe3ca9,131472,2015-08-23 15:41,0xa9ac1233699bdae25abebae4f9fb54dbb1b44700,transaction,0x116fd963271fefc6dd79b28bd43668f4fc323e92f07c0ece8066c8e53140c9a1,495,exists,other,,,0.005
0xfcd7b825fbc8cbff3838901c6e9791d4daed0c9b,131483,2015-08-23 15:44,0xa9ac1233699bdae25abebae4f9fb54dbb1b44700,transaction,0x79238b560eae3738191a3f136962df05859bc297b3b40ac0504f2a6ac4cfeec9,0,never had code,other,,,0.000
0x7a161862bf7c8fdb92c091021137bf1345a801fb,131520,2015-08-23 15:55,0xd007c3ce0bfcfe50559e15a3737c236f8fa15bbe,transaction,0x623dee1e9afe0473b235dd053a7b8a5b2eed3e40cad0e1cf8f4bce8d49c1eaf2,1567,exists,other,,,0.086
0xeab122a102c25e6adb42cc110366414733719d7c,131581,2015-08-23 16:12,0xd007c3ce0bfcfe50559e15a3737c236f8fa15bbe,transaction,0x66f9b3176ff9fc1546d3668a31d0b87e47fb08639631a54d1b2a18f2ebb21554,2063,exists,other,,,0.100
0xd4094f48fb19f246c423d832e11136c2719ccdc3,131593,2015-08-23 16:16,0xa9ac1233699bdae25abebae4f9fb54dbb1b44700,transaction,0x091af3bbe15a3b2dc9837d59ddc2a72bef97567e6f2edbaa38eabfb4b963cc01,0,never had code,other,,,0.000
0x611a0fc548459f1ca27db61f42c42505e007e966,131598,2015-08-23 16:17,0xd007c3ce0bfcfe50559e15a3737c236f8fa15bbe,transaction,0xa7c59a9366a9a0c17585b5fb9f19cdf2bbe0bddab1f13bfa435112f07584dabf,1733,exists,other,,,0.100
0x485c50e6ef834ecd0d9089dc95422c93b6de675f,131605,2015-08-23 16:18,0xa9ac1233699bdae25abebae4f9fb54dbb1b44700,transaction,0x4d41d0308ad57932db0b097d518df120a60de25627e0a873e5fbe109918a1711,495,exists,other,,,0.005
0xdefa1049dd55abe7c1f63e339854c5972add6b73,131615,2015-08-23 16:23,0xd007c3ce0bfcfe50559e15a3737c236f8fa15bbe,transaction,0xfd34923c739eb24ec9329a9f06d7cd82f2ec36a0a6e88c9d34ad0fa03ee842aa,1839,exists,other,,,0.086
0xa80fb59eee33ed9ea3f2d5a725be3f0e2f8b8545,131640,2015-08-23 16:29,0xd007c3ce0bfcfe50559e15a3737c236f8fa15bbe,transaction,0xf693e9482a562b4cf1792d3e4afd2db23cf9ecc927a761bd072e1d4a87d69460,1839,exists,other,,,0.087
0x73a69fd210ab7203d54bff2ea60c8645c6d63494,131643,2015-08-23 16:30,0xa9ac1233699bdae25abebae4f9fb54dbb1b44700,transaction,0x9d659078088762ff6129fc6be703ec64528b8d4c5fe1479426717a1fdf853662,495,exists,other,,,0.005
0xa48c5265492c19dbc9f330c4360f3b931b4b2ada,131650,2015-08-23 16:33,0xa9ac1233699bdae25abebae4f9fb54dbb1b44700,transaction,0x92dce5247f6cf3b15e00e195144ab35a7c3211204517a828e76e75c391baaa8e,495,exists,other,,,0.005
0x8dd416f90c4a3da8e9c80037dad7025d9d72d358,131670,2015-08-23 16:38,0xa9ac1233699bdae25abebae4f9fb54dbb1b44700,transaction,0x778e8cc90ba7ccc58d591b2c55858ce25377517b971eb2a79476f56cfc651502,629,exists,other,,,0.094
0xb90f2f074f1ed8e6ed952fa5a4b428d7ae56ef0b,131693,2015-08-23 16:43,0xd007c3ce0bfcfe50559e15a3737c236f8fa15bbe,transaction,0xe4c273c9983957ead1b972543b8d3629b90377d652cfa0c2f3a32e3b0426a667,1972,exists,other,,,0.080
0x88866dd7105d66c54754fc6e5d47d027fb749fdb,131719,2015-08-23 16:50,0xd007c3ce0bfcfe50559e15a3737c236f8fa15bbe,transaction,0xdad45e16cd699e0869ed9ff7c918fb38b6071e2ba39f4c8d55151cecf76b7037,2142,exists,other,,,0.080
0xa773887fc367bf05adb6fb8ce53a4e7213a1c90c,131747,2015-08-23 16:55,0xd007c3ce0bfcfe50559e15a3737c236f8fa15bbe,transaction,0x6e629571539429a0d91010b1ea9295c8fa831d8cdb2ceedd95bba5a3f7578733,2206,exists,other,,,0.080
0xd22ee845703d99eb722ce97525dd6917e6bb06b4,131758,2015-08-23 16:59,0xd007c3ce0bfcfe50559e15a3737c236f8fa15bbe,transaction,0x12b52a4b9b3cffb604d7903940ba37ce2bf9e0c80c1d3668d327debd83cc7a8e,2206,exists,other,,,0.080
0x2b8ad9e7dbefd7049b3cf17c534f1b6950a7ece4,131767,2015-08-23 17:02,0xa9ac1233699bdae25abebae4f9fb54dbb1b44700,transaction,0x5a5813828b8d911d81d3919110d5ac38c7a9d7a053e722e0c80a835fe503b0f4,504,exists,other,,,0.094
0xbdeb5b87843062116b118e574a68a58f511a30e6,131784,2015-08-23 17:07,0xd007c3ce0bfcfe50559e15a3737c236f8fa15bbe,transaction,0x15894ed62d738d59b5ce46ec13b6e6ed230c5ab9b5155ea9690cd39dd6d25961,2195,exists,other,,,0.080
0xfc4cd838576b7daf7fc8c6961e50d937fed13bb6,131800,2015-08-23 17:11,0xa9ac1233699bdae25abebae4f9fb54dbb1b44700,transaction,0x7ce4f161c1bac6de0eb6b584f1ff55c94a07790c4543dbcfda40b240396844f4,495,exists,other,,,0.005
0x2c35edecfea0b247f1cf47514846a06cced6f760,131816,2015-08-23 17:16,0xd007c3ce0bfcfe50559e15a3737c236f8fa15bbe,transaction,0x35e54175366d8fa43caf999942c0c53b9e58067fc4e2b8b6234345e426048c4a,1597,exists,other,,,0.094
0xfa2b463eadaf9ce458dfe6a79603af8e6e182d46,132046,2015-08-23 18:20,0xd007c3ce0bfcfe50559e15a3737c236f8fa15bbe,transaction,0x6f70f04a62107348f75f0df58d28b2710eaf4c3d069742a6fd9063c170e264aa,1592,exists,other,,,0.094
0x2935aa0a2d2fbb791622c29eb1c117b65b7a9085,132616,2015-08-23 21:04,0x77b97786b0fb73e55d9e92d4b182befbf346f979,transaction,0x339eac01ff67c718c62e0f4838f63aa99a3c979031fa4dfc792973be9d5eaad2,10442,self-destructed,other,,,0.027
0xdb4c1118eb1b9760765a8715ec1cee84c0a6ccce,132618,2015-08-23 21:05,0x30f9b6467cce3420211d37485e786435cec23cfc,transaction,0x6fbd69de803f278628ea25cb59ecbbacf361ae10fa352b00ab3d3d23f9446dee,128,exists,other,,,0.000
0xb02b493c6451e07579bd7b5bb301eaf97ed42966,132739,2015-08-23 21:45,0xd007c3ce0bfcfe50559e15a3737c236f8fa15bbe,transaction,0x743fb666db6d348148e4f6bb162437ec428581c3e231a6f1602e39dd15b721cb,1672,exists,other,,,0.081
0x8aa5a9b7c20c76dc43955200850752dbdb9c2acf,132816,2015-08-23 22:12,0x00b73a0758fb2f2f8503661b56a6b8d210c521ee,transaction,0x16fb02782af21642d089740bfc566fe8b823cf0d8d261c1bc1087c36124fc0fd,495,exists,other,,,0.005
0xea66273f5c5a117c7e4762102c7ce7ee80148436,132973,2015-08-23 22:57,0x4aa9950530c116b0bf5fcaf9c1f0e295dcc98d0c,transaction,0x32722458a16d65d61a9dcb6b88dc42259fc2c676ed11807a6502b5572914f5c6,476,exists,other,,,0.097
0x014d8eb4c7ecd16a59074c198f44c24786e27f25,133007,2015-08-23 23:11,0x1597be8113c378d96eb3544551fae0f6d0d58a94,transaction,0x29ce1be00f03372132e411a1ae679dfbd012fc856e257f6bf726f5edd70243ca,476,exists,other,,,0.097
0xab14827510411b26031a677183112c2c454a2d67,133220,2015-08-24 00:23,0x1597be8113c378d96eb3544551fae0f6d0d58a94,transaction,0x597e6f1a4b6bf93e3c49751c60ec78777a8adfb892dcdaf652a45264ae018612,476,exists,other,,,0.097
0xff9bc7de36e26b8b1505073ec7cebc38033ea8d5,135577,2015-08-24 11:10,0x4e9a1252fe231b0be60e07c1dae03eef0c9c9d47,transaction,0xb522e973067c95184cb9d6988a14fa0d7a9275e7657c953a00f9edb9758f4b6e,476,self-destructed,other,,,0.097
0x4219cefd011576915c244756864a53f027ce242b,135619,2015-08-24 11:19,0x4e9a1252fe231b0be60e07c1dae03eef0c9c9d47,transaction,0xdab6fda611677160af9689f7f70dd673ca4e0696e2578c1c7df7abaff1f7718a,476,self-destructed,other,,,0.097
0xc9f5e3f64557530780e4062f8f30ce98a586da86,135843,2015-08-24 12:22,0x40c3d836633a7ed2266f5dd628ad9d857a24e6cf,transaction,0x028775863d5b2948ecf02934e0361f0e985d7ba5bd0d03016f9e7dfe29808ea8,476,self-destructed,other,,,0.097
0x355df8116962306b02218143c97c37943670d9c3,136133,2015-08-24 13:48,0x943800a6196105b4937f48570dc5d0232a962da5,transaction,0x7823825253b9d0d24af18a3030181d01bc7639de50896ae8a0ebcfffde3f5e73,0,never had code,other,,,0.000
0xf5a888d74e8ecf55937dbd0a5254518a76f089c6,136138,2015-08-24 13:49,0x979447a0e5d0d232347978cd131a9e8e5de0991e,transaction,0xfab697364151d1a63df785c91a5137b0e7c74f05124f1f615ede98b45d2a77fa,213,exists,other,,,0.040
0xd5f5120d1fdfda5ef60fca1f81d709f0432738af,136950,2015-08-24 17:35,0x77b97786b0fb73e55d9e92d4b182befbf346f979,transaction,0x11bd2acefd8529736db07dd24d6dd4f91c445c420428741c5d827dbce1100cb7,1183,exists,other,,,0.011
0x714de2dae81f0fab36a09b9472d31cee5a197554,137810,2015-08-24 21:41,0x02603d7a3bb297c67c877e5d34fbd5b913d4c63a,transaction,0xe40467b2100f49ea82eb62951502378385f56f3423b97456431a18568f46074f,476,self-destructed,other,,,0.097
0x2963fb5fb6381f4961668af9a42d23750944e682,137863,2015-08-24 21:52,0xc8ebccc5f5689fa8659d83713341e5ad19349448,transaction,0x03d4a829918690fb94cad67c5a13f8be2eda38d7d764f7a6bc30eb680c06ae00,49,exists,other,,,0.000
0x318143cfd742fb637f4833ff0eafee66c9a35327,138935,2015-08-25 02:58,0x8394a052eb6c32fb9defcaabc12fcbd8fea0b8a8,transaction,0x2329438cd9d24d73eba223deb6c7698c2b1007591422674f2cc73158b7f06b84,1209,exists,other,,,0.029
0x640fa67076dde91b73189eb60fb3492365b57e8a,138935,2015-08-25 02:58,0x8394a052eb6c32fb9defcaabc12fcbd8fea0b8a8,transaction,0xf0cdc357cb2eb96fff17dcf6a82377b8075e99adad5a1e499b9a780966adffdf,1209,exists,other,,,0.029
0x67b1e40d8e5c28b155e7fa9f7469fa03c693f74d,138997,2015-08-25 03:15,0x8394a052eb6c32fb9defcaabc12fcbd8fea0b8a8,transaction,0x3c620fb3112130ce02ef5caf8d1acd8b4365a6ae9183b5f76cdc5a778257bbd1,1946,exists,other,,,0.036
0x32fba3c059bb9dc91227f102e708cc0255feb8ee,139052,2015-08-25 03:33,0x8394a052eb6c32fb9defcaabc12fcbd8fea0b8a8,transaction,0xa1139e62a17a0f0dd15f713efc4e655a11e862c8da0ff5c591eb70af27765a74,2880,exists,other,,,0.026
0xfe9bdbaee499b58fc25d458cbfa7d8114cf45efd,139052,2015-08-25 03:33,0x8394a052eb6c32fb9defcaabc12fcbd8fea0b8a8,transaction,0x927755e59bac04773b879b0f176dbe6e35d9cc066d2c968daea8224cdd7281d0,152,exists,other,,,0.000
0x99dc6a2ed3140aff0e78641d30a7abbbf9bb0c69,139057,2015-08-25 03:34,0x8394a052eb6c32fb9defcaabc12fcbd8fea0b8a8,transaction,0xca254bb48a033a9d352764521b8c80e90768f042086231a081cf5fd7ff6aa32f,193,exists,other,,,0.000
0xb1c448f29b5e54a82cd7206fa08e73158f10010a,139149,2015-08-25 04:01,0x8394a052eb6c32fb9defcaabc12fcbd8fea0b8a8,transaction,0xfb0d9fafe57d135d9b10fc09e3f000ddfe6ccabcc76ff73af20bc4b457d3fba9,152,exists,other,,,0.000
0x6fdad584846be6b1ab7d1eedb1c3e4bf5d86f5e1,139152,2015-08-25 04:01,0x8394a052eb6c32fb9defcaabc12fcbd8fea0b8a8,transaction,0x640e4f4467ed635915390ba3e485ceb0e66628bf4049caf0f33da7b486923e9c,193,exists,other,,,0.000
0xe4f1b77d135df27ebc754c7e205787c3ea0a1579,139224,2015-08-25 04:23,0x3dab6e047d342c7ab68febd12751abbee1780485,transaction,0x1d803651da1caa901a3d6a6b358bed8f358f27e98d65030dc3e63e5ba77bf92e,152,exists,other,,,0.000
0x56019161b5fec9830c3c6c31bf261b84b2807971,139299,2015-08-25 04:44,0x3dab6e047d342c7ab68febd12751abbee1780485,transaction,0x6bf9db2a72b08942ba4cb5a527086a889c49eebe5672b298741eb540b627ca33,193,exists,other,,,0.000
0x7710e593d30872095c7c7b0d962abf935c63a195,139302,2015-08-25 04:45,0x3dab6e047d342c7ab68febd12751abbee1780485,transaction,0xa6da244d2533f8a4346bf8a6a939e4a3f06e9a29e62f802f70d46b6008cb4f9d,152,exists,other,,,0.000
0x3d986c7e1bcbedd41957851b17b9fc1ce7da234b,139402,2015-08-25 05:13,0x3dab6e047d342c7ab68febd12751abbee1780485,transaction,0x22ac9ee014fa1890cc17d8928de03195f988099c93ef2b47a5e817824998a177,109,exists,other,,,0.000
0xe76f218ed471ac32b041fbe02b0025016c16e944,139487,2015-08-25 05:36,0x3dab6e047d342c7ab68febd12751abbee1780485,transaction,0xb6decc3727382c83611067fa537b2be5821fc942aee9073566d860a774a77a4c,183,exists,other,,,0.000
0xfeee3a42551fa765d8d1e6a87575b71c60d1d0b2,139492,2015-08-25 05:39,0x3dab6e047d342c7ab68febd12751abbee1780485,transaction,0x9efd5e90b099fd7ae508b4fff3ff42ec545b214536b26823d20de16998793f9b,168,exists,other,,,0.000
0x46d8a41eb187c352f680ce027bbff58b1ecdf48d,139536,2015-08-25 05:49,0x3dab6e047d342c7ab68febd12751abbee1780485,transaction,0xef7df8414273d8384924023cf0105d59095d44e62a95b07d00a644d773d17792,109,exists,other,,,0.000
0x77045e71a7a2c50903d88e564cd72fab11e82051,141257,2015-08-25 14:19,0xcd2a3d9f938e13cd947ec05abc7fe734df8dd826,transaction,0xf945a484081c75b3ebc27caa775484eb34cb0963c987ea46a11dfa53047e5cec,96,exists,other,,,0.000
0x539f2912831125c9b86451420bc0d37b219587f9,141391,2015-08-25 14:55,0xb735bf53abc79525a4f585a004a620d08cc66b27,transaction,0x40922f35b3aa75e0bb9dd761a130b429eb7cd62263581b9cc0434388bed986cc,2709,exists,other,,,0.053
0x7c95893669ecb3714ef06179bfe36de16cf864a3,141447,2015-08-25 15:12,0xa9ac1233699bdae25abebae4f9fb54dbb1b44700,transaction,0x8599427323b955184ffe84d679eeb787423482d491fad288ed83dfa450aeb607,495,exists,other,,,0.005
0xefef5a487410f7ba8b034cdb5a08cc1e3ba89b3c,141518,2015-08-25 15:30,0x8394a052eb6c32fb9defcaabc12fcbd8fea0b8a8,transaction,0xcdc6eca46b0a13245a70e1b70847fcd1373f1f26126ff0667ec98a665b922cc9,2880,exists,other,,,0.026
0x5ccdc75f617a2679533319a1e098863bde50b63a,141519,2015-08-25 15:30,0x8394a052eb6c32fb9defcaabc12fcbd8fea0b8a8,transaction,0x24f2df8b26ef9b179fc8c40ec8813f77b6a5c169010942b4d1342e375935215a,193,exists,other,,,0.000
0xef3e524c56c3e8d8869f19d7aec3443655e4dfec,141519,2015-08-25 15:30,0x8394a052eb6c32fb9defcaabc12fcbd8fea0b8a8,transaction,0x4a35c10bf434f0767e5ea5f1a16c0f88e996cd6d262fe422eb7980595f2c45a0,152,exists,other,,,0.000
0x6808c5ce5ef4780fd94dce16c0c162f69d21ed50,141526,2015-08-25 15:32,0xa9ac1233699bdae25abebae4f9fb54dbb1b44700,transaction,0x79d5e0e9ab55b45d64841564d8b95f0a9c06ea352d2a822188de74204fa16870,495,exists,other,,,0.005
0x62697e0027c36579f6146a99da8527b737085ce0,141547,2015-08-25 15:37,0xa9ac1233699bdae25abebae4f9fb54dbb1b44700,transaction,0x1039153a55321fca50fc5ccc6feb26050c0356521c81f4ffa31b4e35953b3db0,2032,self-destructed,other,,,0.027
0x27b86cb2dd960a2f31a15ae9f108b2990db091fa,141790,2015-08-25 16:41,0x2e59a8a06077fdbc2edd663b359e93a6ae3a803e,transaction,0x98ea5aea377c2af9acc9d2c6e8371b4bf1955fe1b1ef17d0007b8bb54042d824,476,self-destructed,other,,,0.097
0x9eea4c6efe411ec8ca0d3099fe0c71c9aca2708f,141930,2015-08-25 17:22,0xa9ac1233699bdae25abebae4f9fb54dbb1b44700,transaction,0x921ec12aec7d61d268b65cd30ad2b10579f555b5d530dfb497b14b13e876c203,476,exists,other,,,0.097
0x7e5bbe7bd1f3374484845c6f917a11ecbcf93f94,141955,2015-08-25 17:29,0xa9ac1233699bdae25abebae4f9fb54dbb1b44700,transaction,0xbf7f4ecfa01d3c69bc7564bb57f75bc0e16c6b3909bad01d7008d534848a38ae,0,never had code,other,,,0.000
0x89370c858da0ce5cd640e84d9c85220aaf587ce9,141955,2015-08-25 17:29,0xa9ac1233699bdae25abebae4f9fb54dbb1b44700,transaction,0x849f8898ab3f90ae1eba447ad1a1aae636f31275755db60ea51468cfcb8aae3f,495,exists,other,,,0.005
0xd9ccf0f2476e2a98e298223c578e60db2e4ceb28,141955,2015-08-25 17:29,0xa9ac1233699bdae25abebae4f9fb54dbb1b44700,transaction,0x9a57d61bc1586628113788bfc4322f50ba44890d813813f5fa81be2167e9e175,2032,exists,other,,,0.027
0x2ac71138b0f57a2a4deb69a6bac6cce1a34ff9f9,141997,2015-08-25 17:39,0xa9ac1233699bdae25abebae4f9fb54dbb1b44700,transaction,0x0da0f1cad440d614cc1bced2450ff8844fb42585c59af34430bc5b8fd316e00c,495,exists,other,,,0.005
0xa7ccc24fac44cc181f7bf352de8f468d8bd9cd63,142001,2015-08-25 17:41,0xa9ac1233699bdae25abebae4f9fb54dbb1b44700,transaction,0x4bb131a70743dce6feafb1cf9db86a249cfb3ed60c215a369a0d223d1c3cc82c,2032,exists,other,,,0.027
0x27fd1c9abcfb81e4e4db717f823724516f3f38b1,142037,2015-08-25 17:50,0xa9ac1233699bdae25abebae4f9fb54dbb1b44700,transaction,0xba2a115300158d2b0ee67d62305e6526df2c9e3d764b587fea98c3753a31ee10,3499,exists,other,,,0.022
0x08ac66e3a13d44c6c671183a5af11f7ac284e44a,142591,2015-08-25 20:14,0x7931c90100285910556fd3c6406942995930ad34,transaction,0x05e0007721a4369212940ed8de3c6df6af744904587265f0fe08892d3bf940ba,476,exists,other,,,0.097
0xc5055c47cfd281d3e6bfb544af51f2a8cb73e5f8,142887,2015-08-25 21:32,0x02603d7a3bb297c67c877e5d34fbd5b913d4c63a,transaction,0x4806059fdd006eef52a59042a601444efbce47187a276b3cff05e940205bf2d9,2321,self-destructed,other,,,0.055
0xec79eb978e452b693507dc9f40a56b97253903e2,142900,2015-08-25 21:35,0x30f9b6467cce3420211d37485e786435cec23cfc,transaction,0x1856bdc91637e1e4e8bd4e90351c7c8a325cd00821949041df5bbb3fad56dfef,923,exists,other,,,0.026
0xb8b4896dc15396f7be6690785205788d86a8557c,142937,2015-08-25 21:45,0x02603d7a3bb297c67c877e5d34fbd5b913d4c63a,transaction,0x60ecb38ca6c34ac7de64abc8c5ded498876138d0cb09bb85cf68add944421ab7,2321,exists,other,,,0.055
0x6a48525845109adcbe2ca672a67f1a0ab478ce58,142961,2015-08-25 21:49,0x3dab6e047d342c7ab68febd12751abbee1780485,transaction,0xf2501a7230e9d82d7b5f9485d4e2902aec4a744af6b1949ee4df58fb1630690b,245,exists,other,,,0.023
0x7368911d7ef2298f45d2f8e4c2ab21fc8e474515,142966,2015-08-25 21:50,0x02603d7a3bb297c67c877e5d34fbd5b913d4c63a,transaction,0x898d60fb20be444ae395f12c97950dd4122d2ce09909602e46429bf3ada735f4,2321,exists,other,,,0.055
0x32060a0948c8a8068f6145ab225452bdb2c6e650,143059,2015-08-25 22:16,0x3dab6e047d342c7ab68febd12751abbee1780485,transaction,0x221c5ad036aeeadfb5fe746fcb0a8f471dc029fafb23d8ca5b3de62e38c1e050,245,exists,other,,,0.023
0x8a89151c38c3883e0182ade89630f795beca487e,143440,2015-08-26 00:04,0x5e1875ff67fe9d3a3f4562f6e08491819e6040a9,transaction,0xd8ec237a72d2a621d62818bb515d5114cefcc809e2028a7c8c3a4a8fe72ada8a,476,self-destructed,other,,,0.097
0x5b04ac73400e8995ae8a6ad59a63b39ef7d993bf,143509,2015-08-26 00:22,0xa787ea0a6b98614c25e0c00e1a0a608633c17436,transaction,0x12d72c67c71896ee0845a24b6967557c201e710d2903df808c25d27b09681a33,0,never had code,other,,,0.000
0xdeed9fbeaf217b7ac19912edd4c8fec6c98caea8,144110,2015-08-26 03:08,0x4aa9950530c116b0bf5fcaf9c1f0e295dcc98d0c,transaction,0xc3672ccfa5e5ed81fd8832c6ab3dde6e3087b0b5d7f452bbe5a5b44aa66d3a97,106,exists,other,,,0.000
0xc2654a41eb42f1573ec89850d1070a884207cc97,144631,2015-08-26 05:29,0x092a5172f796d4c3cd0e03520134317fc25b74f6,transaction,0xf9bd5801e7cce28dd6460c08cf99bd64515c615a9eebb9d573a48b14d3b9c07c,109,exists,other,,,0.000
0x96d95bb975b80502c80ff2370e400387c226f998,144632,2015-08-26 05:29,0x092a5172f796d4c3cd0e03520134317fc25b74f6,transaction,0x0e8ca9af244f4676166925c09fb3a95b371cd8a8e55c518502ab554f900e044a,159,exists,other,,,0.000
0x179333d916493a1a04babdf4a5f1f7ebf13e84dc,144675,2015-08-26 05:41,0x092a5172f796d4c3cd0e03520134317fc25b74f6,transaction,0xe4358cb49b03839e13d0056fde5ea33fd74431c4bbf394cff2aa765308977fbe,192,exists,other,,,0.005
0x297346071c1ee96a85d21c5c9f0987994303e8de,144675,2015-08-26 05:41,0x092a5172f796d4c3cd0e03520134317fc25b74f6,transaction,0x43591da8c30ecc48f1ffe68277582770d65c53059da025addcc2826409189f26,109,exists,other,,,0.000
0x5fda63db52beb47215b33620c71f45c6a49df1f4,144681,2015-08-26 05:42,0x092a5172f796d4c3cd0e03520134317fc25b74f6,transaction,0x85d3152002708327b54c100fa440d439d8fd6a61e264c9eb823cf51fc1a8fdea,159,exists,other,,,0.000
0x31116bc5965fcd78e4ef3b78e46a1d25b53d2633,144817,2015-08-26 06:21,0x092a5172f796d4c3cd0e03520134317fc25b74f6,transaction,0xeac3fea8e4d12680bf2725d971932a5bcac44374108d1484caa5134decdf0ab7,109,exists,other,,,0.000
0x41b321a82da5d809fe3a5534ed5f168411f3cfb8,144819,2015-08-26 06:21,0x092a5172f796d4c3cd0e03520134317fc25b74f6,transaction,0xfc8243f5cb5e9658ce8cb58f78f5a2fe4c33e7a56c5df087c4c641c7e1f09bc3,192,exists,other,,,0.005
0x94f6584bb08a737f6ed44da8bc18a05da3e90acc,144821,2015-08-26 06:21,0x092a5172f796d4c3cd0e03520134317fc25b74f6,transaction,0x104a84c75894c548cd044a2670b89901589ab1d2d53ae93902e7f6c65a2a784e,159,exists,other,,,0.000
0xab0799b9dda65fd9206b9d0b6dca8af5215bbac0,145128,2015-08-26 07:49,0xca938cde9566679384cb69dfa4ae56aa5336a745,transaction,0x4cd96f7e70396eed4c549d9d6455f1ddb82fc46f77f31ae6f6592b068b0f3bf0,476,exists,other,,,0.097
0x10142fbac4c6492e21f490babcb47f201d64ff82,145172,2015-08-26 07:59,0xca938cde9566679384cb69dfa4ae56aa5336a745,transaction,0xac9a204d9d4061e9e40df4c80e750f055facd6be1fd72387739f487295412c3d,476,exists,other,,,0.097
0x67147bea40432876fab9b93e59bf86393bf68cf5,145449,2015-08-26 09:27,0xca938cde9566679384cb69dfa4ae56aa5336a745,transaction,0x5f7172d0419d7f4ee30a3579d98261a92ed7aa746b062361b5cd98a313ab6216,476,exists,other,,,0.097
0x69cac8e1400768af7d94986ecb1ac0b0a1852cf4,145590,2015-08-26 10:07,0xca938cde9566679384cb69dfa4ae56aa5336a745,transaction,0x08d03e315765addffc860910e83bab7d770b0e69aaf847dd80b5a149cc4c8f2f,476,exists,other,,,0.097
0x418b25158a556ac70f07c85ff4b29d58078cf395,146599,2015-08-26 15:05,0xa9ac1233699bdae25abebae4f9fb54dbb1b44700,transaction,0x8bd3052aecec0c56f2614257706e9c0e9c88b44321bef636611951e5b8e71760,495,exists,other,,,0.005
0xc7e2ad6a152e2f6becd06017074e915024e49c8b,146601,2015-08-26 15:06,0xa9ac1233699bdae25abebae4f9fb54dbb1b44700,transaction,0x6fbcc86ca5c09b55de0d649ad5662da78043feed86799c1c42a12f0f8aa9a7f9,2032,exists,other,,,0.027
0xd8c9dc07a267f92f9a518b218b3f0e24414f2940,146635,2015-08-26 15:18,0xa9ac1233699bdae25abebae4f9fb54dbb1b44700,transaction,0xc6307d5e78be2d52cad23e7153300246ddde6f46b883d023d380b098ce059954,3499,exists,other,,,0.022
0x759ad41608dded2e704cc370ede5279d24239a87,146970,2015-08-26 17:01,0xcf684dfb8304729355b58315e8019b1aa2ad1bac,transaction,0xa47bed2c2ea72826e59e90ae8ea67da5c769f7077d49e815fa5672b1edbc2265,155,exists,other,,,
0xf96023111267d540396ca5c4161b3846375c3b73,147064,2015-08-26 17:26,0x16644332bb8f5f2229c6825285958a13cbf127e7,transaction,0x2385153b0d268f62ea44148f7d52f4fb1b664a047c854007b40b44d2bf89f44d,0,never had code,other,,,0.000
0x048f938e044de9753d3876e280a3d164c22326ba,147213,2015-08-26 18:09,0xa61e151af0007b7406d969dce51740caf0d69088,transaction,0xc55a42c6bc6526118f5cb323abd09c971453fa227bf783139c74011131072afc,495,exists,other,,,0.005
0xdc6f354c54cf308114fee92a8db3a84408acebad,147214,2015-08-26 18:10,0xa61e151af0007b7406d969dce51740caf0d69088,transaction,0x6a8c1c24ab1289f04a3db7ea27af2b8e7bf71e383aa30bd94f8685633b126a21,495,exists,other,,,0.005
0x87f5db4b0e8eb5dbef7068c5e996cb172481939a,147226,2015-08-26 18:14,0xa61e151af0007b7406d969dce51740caf0d69088,transaction,0x01fe45ac97e4f1730f2f8ecf18e547b69d806360bcb8c6b55ec56115cf02ad5f,495,exists,other,,,0.005
0xfedd20ef3e0e8b25b169ce78caefb65393eca440,147246,2015-08-26 18:19,0x7931c90100285910556fd3c6406942995930ad34,transaction,0xebca16cce76478d2e444ec3d404a97983f29554dfcf7060d6fcb65817964d4c3,495,exists,other,,,0.005
0x899ac32b5142de6dcdf340d5e31982e7c93a13d9,147284,2015-08-26 18:31,0xa61e151af0007b7406d969dce51740caf0d69088,transaction,0xca4b4c3de5868e528f44354f7fafd5e78df4c05cec19f7557500c5fb55e6db58,495,exists,other,,,0.005
0xb55fe813b1bd93b9e7720c07fb7d600221073bc9,147293,2015-08-26 18:34,0xa61e151af0007b7406d969dce51740caf0d69088,transaction,0x344777da41dcf2441855ed86c704511459f4dc53134bc709328446e6b3e1ebc3,495,exists,other,,,0.005
0x6d28db24dbf437942ffdaa5cc273a8526c69a5c6,147386,2015-08-26 18:59,0xa61e151af0007b7406d969dce51740caf0d69088,transaction,0x3b9882c5d115b81e342f7df0371ce77206f5e28ac23621f3000524daf58ca47e,476,exists,other,,,0.097
0xd0dca47e54a8b6ac0d05e0d7e3d55b6cb924426e,147386,2015-08-26 18:59,0xa61e151af0007b7406d969dce51740caf0d69088,transaction,0xd250cf911561e5ffa1e85ec6cbcdf08fd28618326eeadaefbae3456443b05457,213,exists,other,,,0.040
0xf17eb6b07dbcf9ad183c6a941b7551651d41a153,147386,2015-08-26 18:59,0xa61e151af0007b7406d969dce51740caf0d69088,transaction,0xcbfa513181a801e04991f67ccee6be4b22018f491672c100f219e601bba1877e,476,exists,other,,,0.097
0xf274972688d5c7e455efe327a2ae43de6216c8ba,147386,2015-08-26 18:59,0xa61e151af0007b7406d969dce51740caf0d69088,transaction,0xe971f7b3d0353f34482104749acaaa9cc44a16207b89a270a205425da95bef62,213,exists,other,,,0.040
0xfaf0d41194435089f7412baf9bd70febdfa3c5ca,147497,2015-08-26 19:32,0xa61e151af0007b7406d969dce51740caf0d69088,transaction,0xc3d019407e4b3c0da62e85de0bc1b1486c6b2af8f29dc44d2e2e010dce2a7d83,476,exists,other,,,0.097
0xddcd64ac7155a26dc1473afa8bb50a8c08a08e7b,147585,2015-08-26 19:52,0xcf684dfb8304729355b58315e8019b1aa2ad1bac,transaction,0x842be003a7df047a2da3cb24b8da6a0ed150e63fd2ec4b30b9a4907ed2a46659,476,self-destructed,other,,,
0x4e73d5ba686c12d11090ca115577d66e02b999d0,147652,2015-08-26 20:14,0xa61e151af0007b7406d969dce51740caf0d69088,transaction,0x506e983b4872a085aa578f754600148dee5a23a0814fba6ac14427be1c4a7878,476,exists,other,,,0.097
0x5cde8cc57e6f2428277540042becb7fcc24c0455,147660,2015-08-26 20:16,0xa61e151af0007b7406d969dce51740caf0d69088,transaction,0xdb12ad8c4b405ceab381432a5327a940bf53fb6accd945d1667f27f738929f1a,476,exists,other,,,0.097
0xdd1111b94a590dbd17d2e66f8d2b1c79475c4595,147663,2015-08-26 20:17,0xa61e151af0007b7406d969dce51740caf0d69088,transaction,0xcf89a85f10e52d5394a743dfabc2f2321f7b112e6e7416c80b59f6014d1801ce,476,self-destructed,other,,,0.097
0xb57068f9099c9985807fb1a63600a90d18a9ea59,147666,2015-08-26 20:18,0xa61e151af0007b7406d969dce51740caf0d69088,transaction,0x88faa92d1e9858f0bf53a3292d22dcb4edc9488d4bf14fdee3bdcb999127b501,213,exists,other,,,0.040
0x68a04d1a0e4b39d2c72d7e65f6ef457b272a28a1,147675,2015-08-26 20:21,0xa61e151af0007b7406d969dce51740caf0d69088,transaction,0x7ead2d62fed8a78d6afa6b799aec7ce80b9e5bebcbcf50710f36e92dd3e55051,213,exists,other,,,0.040
0xc38a04be7ae78e7e17c4631ddf486dc79a02dfa5,147677,2015-08-26 20:22,0xa61e151af0007b7406d969dce51740caf0d69088,transaction,0x95b92b3c7f29f53e8a8090dbcf310682d2aa122cd8a98285884c3876566f53c0,476,self-destructed,other,,,0.097
0xe049f0c7bfd4ee4bc21da45dafbf54ce11286de3,147686,2015-08-26 20:24,0xa61e151af0007b7406d969dce51740caf0d69088,transaction,0xc3fd6e877a47cd715196a9f7239eec4f29b6a1f864886503c01d97496c5adfbf,495,exists,other,,,0.005
0x930dbd387d59b080c5cca2943da7776ccdca51a5,147690,2015-08-26 20:26,0xa61e151af0007b7406d969dce51740caf0d69088,transaction,0x4cee34062c574b579d1cb13e5101c3549fac3867f1a85fb6191d4a8e0999ffbb,495,exists,other,,,0.005
0xaebffd05f90df9c0cb3967d6c6be7d3d1dddadb2,147846,2015-08-26 21:08,0xcf684dfb8304729355b58315e8019b1aa2ad1bac,transaction,0xc1eace34070c5477cfcfa389b654293954f7934770ef22129debd406657f8d18,276,self-destructed,other,,,
0xae6653df274f16f73522e5f6d22940051f1271fd,147866,2015-08-26 21:13,0xcf684dfb8304729355b58315e8019b1aa2ad1bac,transaction,0xf2042211c7c33a2642f069d452992ca8a348e2cac344ae229e0d3f389a6d1db8,333,self-destructed,other,,,
0xde8ef995df2990792ffb6d4aa8978ca82e4cf285,147904,2015-08-26 21:26,0xcf684dfb8304729355b58315e8019b1aa2ad1bac,transaction,0xfd858ca7022880cb359da2d1093e77a1ac57306c48b923b8a6c9ffa0857fa7e9,690,self-destructed,other,,,
0x4e31f9bef4e63e90fddc5af71458957458903cbc,148297,2015-08-26 23:21,0xace365e4cd93314ccf1c389f17216ffc5966bb1f,transaction,0x8ff0eac3959aac85be11013e508c605a58abaaaf742046686fe75ca6c0e98ca0,1339,exists,other,,,0.031
0xaa6bde0e945b44951f8a53b96a159cc334d36bb2,148664,2015-08-27 01:11,0xf2ae859397af92154241ead0ac7c4ce3bea76e8f,transaction,0x0b1511aa0dbf3dc5f32c014a265e581595b44658c92e24cdfbe50f7413471185,495,exists,other,,,0.005
0xf96ba9c4a4305df22d91776e22c587c7a35e53dc,150593,2015-08-27 11:03,0xa9ac1233699bdae25abebae4f9fb54dbb1b44700,transaction,0x07e6b54a9d489c1f4cc8669b8c81e96b4a31f73174ee88c4db34734b8c3c1a21,0,never had code,other,,,0.000
0x078df6a361e48adc27a83c17e13a308dec346bbf,150611,2015-08-27 11:08,0xa9ac1233699bdae25abebae4f9fb54dbb1b44700,transaction,0xc1e486c7907e92a85597c6d160bcbd0ff523d51cbcbca2127292cdef6f6018df,1162,exists,other,,,0.020
0x6e278cfecfe96fa5e6d5411ba6eeb765dff4f118,150920,2015-08-27 12:41,0xa9ac1233699bdae25abebae4f9fb54dbb1b44700,transaction,0x3b1f4a2d69b2d3afcc90e7c1f87c9251f1ddd3456b1d63badae7fe9399d698aa,0,never had code,other,,,0.000
0x03a81faf699715cf9563d03565d9414ada137053,150938,2015-08-27 12:46,0xa9ac1233699bdae25abebae4f9fb54dbb1b44700,transaction,0x0dc522539574772d1a228b05ae578dc921785160d84909666e4874de82fa37ef,2459,exists,other,,,0.026
0x35cba42a854817b8bb8b5a02bb987916acf11cc4,151348,2015-08-27 14:53,0xa9ac1233699bdae25abebae4f9fb54dbb1b44700,transaction,0x47a517c4b71ddb97571dda1d58e672eec1560d00e34a2a716146272f44c276d2,2459,exists,other,,,0.026
0x0ba6d45f5c59ce2f283c6f088471afee17faf287,151428,2015-08-27 15:16,0xa9ac1233699bdae25abebae4f9fb54dbb1b44700,transaction,0x7f28becb461a4504344a5bea60e50ab46927ba5c6719d05a8f3dcb9c10633a65,2459,exists,other,,,0.026
0x5d30ef988cd50c6d4634008e632af8e077b94058,151429,2015-08-27 15:17,0x5e1875ff67fe9d3a3f4562f6e08491819e6040a9,transaction,0xe2018afd9a4077ebf982ba9c2d605bf0947de568952d7b2f93e8537c9c3d6e66,476,exists,other,,,0.097
0xa1e9111de82087d44d1fcdd5ff3da0042d9889cd,151452,2015-08-27 15:25,0x5e1875ff67fe9d3a3f4562f6e08491819e6040a9,transaction,0xa8d682f457c33ec22cfa2cb234a5c8a5eede3014a6c03d7b5432c6b66cb72920,476,self-destructed,other,,,0.097
0x27f7eb7870cc119f454d574dd812cb27aefac218,151536,2015-08-27 15:48,0x4aa9950530c116b0bf5fcaf9c1f0e295dcc98d0c,transaction,0x374fa4a97d05662a2f73706294b401b1f709677b7ef514f9b962c43b8591307c,86,exists,other,,,0.000
0x847a061e2878a10639752b8f86279faa442de482,151576,2015-08-27 16:00,0xa9ac1233699bdae25abebae4f9fb54dbb1b44700,transaction,0x7a31b074637f390839ad3e4fd7d79c57c5cfdec9444a3016811a83b82d28f38f,2459,exists,other,,,0.026
0x6d04005ed3c369dcace88d669e0c6ed18934ad57,151580,2015-08-27 16:01,0xa9ac1233699bdae25abebae4f9fb54dbb1b44700,transaction,0xb6b6938d07c7eed82a87905aa535d3fae0f4e05f26e6c9b7bcacb93ab858b508,2459,exists,other,,,0.026
0xb329a517db00508744165d1125608f7c4fff7dff,151728,2015-08-27 16:47,0x4aa9950530c116b0bf5fcaf9c1f0e295dcc98d0c,transaction,0xcf303bcc12995a6d633a8fdfb771f46576306067b85303b6d9fa59fedf6a689b,117,exists,other,,,0.000
0xfd32fb5c25b7fcf5c6fc3df929a4da9e8c043e56,151894,2015-08-27 17:43,0x4aa9950530c116b0bf5fcaf9c1f0e295dcc98d0c,transaction,0xdabf22cb362eda229540217905a7c667c9f900043a187f8408ec08003f4976f7,266,exists,other,,,0.037
0x9f6f1af5219f055ab3165c7f2df5ad981ddd323a,151960,2015-08-27 18:03,0x4aa9950530c116b0bf5fcaf9c1f0e295dcc98d0c,transaction,0x1cbffd47048e52fffd3a3bc73410f6afdc5c89cd0a69a32e1f6952097e217561,731,exists,other,,,0.035
0xd39a3877f51099867b2f57f13673967f69722bab,152025,2015-08-27 18:20,0x4aa9950530c116b0bf5fcaf9c1f0e295dcc98d0c,transaction,0xced18b98d5ed28a9a9c93fbabb94125ef7ddd3793cdc41085164c012568f75e9,793,exists,other,,,0.035
0x39686413825d51cecec10016d55eff7bb4d0edb7,152602,2015-08-27 21:19,0xb735bf53abc79525a4f585a004a620d08cc66b27,transaction,0x72d8ff94cc688c31a24988d92cc84c3e206aaa3fcfca7c400ddec3bb1c7b3786,2684,exists,other,,,0.053
0x694cd355c941ead85b3734e5b6618fcbec43cc1c,152603,2015-08-27 21:19,0xb735bf53abc79525a4f585a004a620d08cc66b27,transaction,0x31d4bda8d25f03b3032ba576a9569c2ef5eefb65250155155ee7f352cce31ee4,2684,exists,other,,,0.053
0x5bbe3d09de3932796b64d2e7f8c19da547f3ac84,152619,2015-08-27 21:23,0xb735bf53abc79525a4f585a004a620d08cc66b27,transaction,0x8cda160926363388cf3e40bfdb3d5cecd9eeda89b5b1a4da2cd595dda74472be,2684,exists,other,,,0.053
0xffd0ac6ed8ac4ca70f214598a542664e28e02821,152670,2015-08-27 21:35,0xb735bf53abc79525a4f585a004a620d08cc66b27,transaction,0xa5d2cc5b9345232b4a5d9107216e08da1952e37416a87a2c1a10172f5da0f725,2687,exists,other,,,0.053
0x1a04e4fced95f6feeb35ac3cdfa4406cc58613c9,152673,2015-08-27 21:37,0xb735bf53abc79525a4f585a004a620d08cc66b27,transaction,0x92e5dd98fcab1ecdebf5454978393a4caec70a04bc7ee26c71edef0b67442fbe,2687,exists,other,,,0.053
0xfef1f3d23055e39b85eefc2f37864ccf5b92cad3,152862,2015-08-27 22:31,0xfd2605a2bf58fdbb90db1da55df61628b47f9e8c,transaction,0x3e884ecb71ed2c4c12bb1af6ec5a35ce38d59065cf6ac3751e00c196b58c3a41,89,exists,other,,,0.000
0x23bf9a3f7db387946dfc9c6420cc08c1880c1f9c,153259,2015-08-28 00:33,0xb735bf53abc79525a4f585a004a620d08cc66b27,transaction,0xe5c73a63d265e522994de82991245cef789bc2a292a7da5ab17f6e25d573ed91,0,never had code,other,,,0.000
0xa1efc5d05406a9d401696bad501bcfb5cee0a9d1,153283,2015-08-28 00:40,0xb735bf53abc79525a4f585a004a620d08cc66b27,transaction,0x08459e10616eb6e29fb872879971ba38be127f582054e7280970df8ba85ccd36,0,never had code,other,,,0.000
0xf9530b545bbc92f85b4ab0b76f272f070440eb6b,153283,2015-08-28 00:40,0xb735bf53abc79525a4f585a004a620d08cc66b27,transaction,0xd26cd1e0bde617e3122643408ca730fc081c315bc41f1ab1bf4dd0fc0663e32a,0,never had code,other,,,0.000
0x034faa3883d1eb8ccfd3b2ce1791aac79aab9b42,153286,2015-08-28 00:42,0xb735bf53abc79525a4f585a004a620d08cc66b27,transaction,0xdbfed81af467416a24eb3a512810c88cc271cc89a76c6e46a98c849820e07297,0,never had code,other,,,0.000
0xcf34876663b6cb1556153e120b5dd4bf12d72c20,153289,2015-08-28 00:42,0xb735bf53abc79525a4f585a004a620d08cc66b27,transaction,0x709ac107fd610febb7a7e56c0a1892bd72e515aa21e34d591ad8189e767d9494,0,never had code,other,,,0.000
0x313fe4977c6630f1b4ffd9f57864e08ea4ff72b8,153293,2015-08-28 00:43,0xb735bf53abc79525a4f585a004a620d08cc66b27,transaction,0xd7ec3f34f0723896f0b1a66ddd7e38338d1f81636612e2d7115f0634a8088cc9,0,never had code,other,,,0.000
0x25df0f86e89c041ded6362224441833817896b28,153331,2015-08-28 00:53,0xb735bf53abc79525a4f585a004a620d08cc66b27,transaction,0xba3c847dff0db4a49002592ed3e564d974325b2cb88a0f3e80574a15972910e6,2687,exists,other,,,0.053
0xf013ad45c8f0fdcbc4f77ea7ae7ef152e4751990,153892,2015-08-28 03:39,0x42e6723a0c884e922240e56d7b618bec96f35800,transaction,0x2588286de58619a4f4ae07a1bbb3891549b0a459559b442f4f343947b9e5b42a,670,exists,other,,,0.032
0x7627e10d702f62bcef458b33520aafc9c5a69d9d,153893,2015-08-28 03:39,0x42e6723a0c884e922240e56d7b618bec96f35800,transaction,0x746440d85cee5580f1888dfc811637b9103b9f51903a7088b3f6b1dc68b00686,670,exists,other,,,0.032
0x3fce69da6682b0352e7c6b8488fe5ec83bcc9a2d,154637,2015-08-28 07:18,0x65c13da4feb34aee002678a0b44835ed43142bdc,transaction,0xd0dce47695236d0afb3bfb6dc86c8f537fd27e992a2a83fa5930aa32977a406e,476,exists,other,,,0.097
0xd9d3c812c9b508da606ff5b0945d9af5385d47e5,155161,2015-08-28 10:08,0xd0f9597811b0b992bb7d3757aa25b4c2561d32e2,transaction,0x325b1b51219fe2cca9219709887847011f1846e5a3fb03833902423eb9aa6fb1,2885,exists,other,,,0.058
0x2c62c7b5fd245fa08cb8bd2fff4417eb3efe2aae,155691,2015-08-28 12:50,0xd0f9597811b0b992bb7d3757aa25b4c2561d32e2,transaction,0xad73dbc4bf21c86201dc8df1ae7982b23e13ec47f171bf6b2b16f2a4f256d0cb,2236,exists,other,,,0.022
0x1b5e6a355a84ef8e90a689668053be5b10e19bb9,155838,2015-08-28 13:37,0x682f53815537b37e68acec167f396a9f603cc521,transaction,0xa3244b263b92753d919f1ec942bb98a2adde054014364a0bfccc2243a851527e,476,exists,other,,,0.097
0x0d353331597ce2cdbfbe4937ce7dce106c2ff773,155865,2015-08-28 13:44,0x682f53815537b37e68acec167f396a9f603cc521,transaction,0x4b30ec1d814de77b00f436d5b5ef33a0c1c3eda9bb47fa5c3d87c5ffad7d7a0d,476,self-destructed,other,,,0.097
0xb57f391fd904a96a8d0e36bf4c547a847032e95d,156036,2015-08-28 14:30,0x092a5172f796d4c3cd0e03520134317fc25b74f6,transaction,0xbc803c77c9e230945150907e6ea1344fcd4c12940ff2df158c11cae35c55e94e,109,exists,other,,,0.000
0x2ab516c9a76461f6cbe18f6a6836d05d9e02ceff,156090,2015-08-28 14:47,0x4b85e9d2e433d7eca29f8a7a859cf0346702c89a,transaction,0x183cef49b3ab165c32ad8864ffaac248356177545b33ae2f21c2975eefb197ae,2880,exists,other,,,0.026
0x11b8b79eb7b8e5ee97e06f5798e575d90ef3c781,156092,2015-08-28 14:48,0x4b85e9d2e433d7eca29f8a7a859cf0346702c89a,transaction,0xd099edbe39f14eac2990664784e503e9f086aa8ed6362dc43a1adba0ab43a8af,152,exists,other,,,0.000
0xd7f48ba0f0faef2583eb9015983f1dc388c41f6b,156092,2015-08-28 14:48,0x4b85e9d2e433d7eca29f8a7a859cf0346702c89a,transaction,0x863f6ade2c948a3c63b8a4227ccdafaf8ac5676d44361c7011198b4a988341c0,193,exists,other,,,0.000
0x4bf42d0ce494d62c3a7772fb4fd3881361d2e7e3,156304,2015-08-28 15:52,0xb735bf53abc79525a4f585a004a620d08cc66b27,transaction,0x96512bb04afc70cd9a170a88ab63ebcdb779b92dcd5eb4837685ade034eca265,2687,exists,other,,,0.053
0x04b39c2a507ac2fc091eee0c4379b341d890c1dd,156614,2015-08-28 17:36,0xcf684dfb8304729355b58315e8019b1aa2ad1bac,transaction,0x7adb5368fab82f1a631677bfffdc46386ddef91ee4fd9274ef0fda2ee77f5b36,533,self-destructed,other,,,
0x9e16ce8ddeab57f13862440c04ae899f52bb4ac0,156652,2015-08-28 17:51,0xcf684dfb8304729355b58315e8019b1aa2ad1bac,transaction,0x9211078c1c9bb94d2f47eb08563bb599f77911901aa94a4a18d3714197b8e33f,577,self-destructed,other,,,
0x7b2a44f97954658b73a4e846d256bcf1d53f6b3b,156708,2015-08-28 18:09,0x092a5172f796d4c3cd0e03520134317fc25b74f6,transaction,0xbf99762ec24b28dd4b55f6fe5a7410763bd94912156291eb2f2088b0f99428a2,109,exists,other,,,0.000
0xbea678e58758ab86fc731e30139b34e106f3ca57,157132,2015-08-28 20:31,0xb735bf53abc79525a4f585a004a620d08cc66b27,transaction,0x083d04691570dbe40ac846fd8a0b074dbc8205e5f0cd63c4d05e02ef33b676cd,2687,exists,other,,,0.053
0xe64e6cc6e394a6a85de3a1a8d3d52f43b377d16d,157361,2015-08-28 21:49,0x092a5172f796d4c3cd0e03520134317fc25b74f6,transaction,0x205a5371be921e709189e37a817339b1b78ee3dc71b9905fff4ea3638cd1b9dc,109,exists,other,,,0.000
0xff81a9c4703382219c119798fb962966bb67ea6f,157493,2015-08-28 22:30,0x092a5172f796d4c3cd0e03520134317fc25b74f6,transaction,0x1516fed8870e4e7864d8aa66c4cc7b2ec4b2f4a66a744116fa73c0f21969da12,109,exists,other,,,0.000
0xd585c5466008fe39881f026155cc3e021655d9dc,157543,2015-08-28 22:45,0x092a5172f796d4c3cd0e03520134317fc25b74f6,transaction,0x7b88e724bfe27b6a9ef76011ea12b7de244d7cd3d37f4cd76eb8628ad97cc17e,109,exists,other,,,0.000
0xbce2ff4759a0216149a61c5013571124ace10cfe,157570,2015-08-28 22:52,0x092a5172f796d4c3cd0e03520134317fc25b74f6,transaction,0x3174a75f819adc2e7c110aa335d121d158a3a4744265be9091faa262eeaba331,109,exists,other,,,0.000
0xdd9ea7600c911ef7fc75774fcebe4eb16effaeef,157577,2015-08-28 22:54,0x092a5172f796d4c3cd0e03520134317fc25b74f6,transaction,0x05de6132044c56ff505191a24d9d3a97bd87a1d3545a793edbfde5c10288678e,109,exists,other,,,0.000
0xa340b7625eec76b372f2c317fe08a7733f05d09c,157596,2015-08-28 23:01,0x092a5172f796d4c3cd0e03520134317fc25b74f6,transaction,0xc741249633227bcdf0ab5e8a591f04a34ba1ac66c74ae37db377ba2f38957a54,0,never had code,other,,,0.000
0x6464f0f96a29934087a955c67a6b53d5ed852e49,157617,2015-08-28 23:07,0x092a5172f796d4c3cd0e03520134317fc25b74f6,transaction,0x2d3a19170a3d943b37ca8ec2e62092b35eac6987ac11f55d86b0e28618f3def9,0,never had code,other,,,0.000
0xb9deaa9f32b43c32240650b23fb01a6b422bfa5e,157619,2015-08-28 23:08,0x092a5172f796d4c3cd0e03520134317fc25b74f6,transaction,0x5e2ebe632947aa4f8fe90e4e85c9eb7b87554f9e48093e77a608f116d9c83d71,109,exists,other,,,0.000
0xdb685d5a1ca224f9054152669bb46d5d41d68e91,157636,2015-08-28 23:12,0x092a5172f796d4c3cd0e03520134317fc25b74f6,transaction,0xe3187669404546e84700a41308e79a42e608aff4ca455aa7cff1c214f16f001e,109,exists,other,,,0.000
0xacb17dca110db022b1aceb5399acba1e9bf577e3,157676,2015-08-28 23:24,0x092a5172f796d4c3cd0e03520134317fc25b74f6,transaction,0xd1af147639a0e571a94502f4dec56a35b682ec3e04c33966cbbee54a7e176ad9,0,never had code,other,,,0.000
0x465cb9df2f6d3c8a1c1ce3f2338823f0638fefa5,157695,2015-08-28 23:31,0x092a5172f796d4c3cd0e03520134317fc25b74f6,transaction,0x61c2baf8017fa8d6ee631d85f6d4acdc442d4b3092dfcd0ca563de36890427e3,0,never had code,other,,,0.000
0x01a3dd7d158e3b4c9d8d2af0ddcf3df0f5e14463,157752,2015-08-28 23:51,0x092a5172f796d4c3cd0e03520134317fc25b74f6,transaction,0x538352664e555fca3368f9a45f9e77db711f58914ff4e38187b44dc3dbb8d3aa,0,never had code,other,,,0.000
0xe6655208bd812d833238b560e847014b0aab3b51,157819,2015-08-29 00:09,0x092a5172f796d4c3cd0e03520134317fc25b74f6,transaction,0x0ae7d6c561ec4974ce73d57930e38d7d82b800f32e83c5b6b8caff2afb89ac25,0,never had code,other,,,0.000
0xd30a82f7d9840892923a60914199e4deb2786f14,157968,2015-08-29 00:54,0x092a5172f796d4c3cd0e03520134317fc25b74f6,transaction,0xa9b3bc1dd60d7c1736ce32ca4e638a0974b43febf6172f1d5ed5b74cbf1225fd,109,exists,other,,,0.000
0x051fdd88505afae4c955360514f2314d589f0723,157982,2015-08-29 00:58,0x092a5172f796d4c3cd0e03520134317fc25b74f6,transaction,0x2d39789d6387a66675d5df1aff1644ccc3cae68555bc775b59397caf254755cb,476,self-destructed,other,,,0.097
0x5272fe4e04a13791e52b64bdaef953aa09b5804a,158154,2015-08-29 01:47,0x092a5172f796d4c3cd0e03520134317fc25b74f6,transaction,0xefe928fe037b1b44f87288daf008f9cae8c51fd17249c5f432171f976a0865de,476,self-destructed,other,,,0.097
0x13acd0b47a629ceb16ba35c8e53dcd607271885f,158602,2015-08-29 04:07,0x092a5172f796d4c3cd0e03520134317fc25b74f6,transaction,0x99864f83fd8a1fb7cb43fadb7256512abfdc72a882b58afa16410e03931646a4,476,self-destructed,other,,,0.097
0x4d8ab2ba63a30dd40b784d52be459352c4ddcd63,158610,2015-08-29 04:09,0x092a5172f796d4c3cd0e03520134317fc25b74f6,transaction,0x1bba44a52b6301abbe8d024b36070a6a9067015ab8ebbd0c1d20445c8f91db93,476,self-destructed,other,,,0.097
0x44819157b35e4df0379ebbce71784cb676c69af8,158616,2015-08-29 04:12,0x092a5172f796d4c3cd0e03520134317fc25b74f6,transaction,0x4817f404231621772f28861fe7779d2a5548463285c32cd1140e1aface88d5d1,476,exists,other,,,0.097
0xd24d329740daa4a24878f1c2049322563362b21c,158620,2015-08-29 04:14,0x092a5172f796d4c3cd0e03520134317fc25b74f6,transaction,0x1d7002fe67f1265963ece8d43a9a642da93678f32cdc713417608f5830b6a1dd,476,self-destructed,other,,,0.097
0x42790453e6bf366b0935f2137dd51a71cafef609,158633,2015-08-29 04:18,0x092a5172f796d4c3cd0e03520134317fc25b74f6,transaction,0x07afc1a624f5b4dcbcb94354888f276aff29363c9382124414e3d46bc2dd7fdc,476,self-destructed,other,,,0.097
0x71a8b2afc5b72c01983b638f7151b63b5731e356,158647,2015-08-29 04:22,0x092a5172f796d4c3cd0e03520134317fc25b74f6,transaction,0x6e94e4346ea0c4f5b3defc1004249a10c5301db6ecfb9f6bf6dda4bcd578bd7e,476,exists,other,,,0.097
0x8f8404d12d576ae37982a09e4d7aa6f5ea8e6735,158654,2015-08-29 04:25,0x092a5172f796d4c3cd0e03520134317fc25b74f6,transaction,0xd542715ceb94ad4c297241536bc16d357b2bf48e32b07b1fe2f1163461cf6635,476,self-destructed,other,,,0.097
0xd471025c486b5ae510dadedccf2d5f83ea54c718,158844,2015-08-29 05:28,0x092a5172f796d4c3cd0e03520134317fc25b74f6,transaction,0xde8bf8213281161bb504252af3ed84072ec62731b67b6199594b6423ab9b20c6,476,self-destructed,other,,,0.097
0x6912517d54eed3ce07729a35742ae3e9fc436180,158885,2015-08-29 05:40,0x092a5172f796d4c3cd0e03520134317fc25b74f6,transaction,0x7c13f43ef9e6372e6d7bad6ed96e0a20b7cdb7080dba333c958974e64264c6b6,476,exists,other,,,0.097
0xde06f22e59cf6276ef6d1563bb2047f82ba694a9,159095,2015-08-29 06:46,0x092a5172f796d4c3cd0e03520134317fc25b74f6,transaction,0x1312338341e7a7315b0048d41871d591b348d51629903974a708ad9afb4cf1b1,476,self-destructed,other,,,0.097
0xbb38048902107b62a680db6ba69d6d356d6a8014,159212,2015-08-29 07:30,0x4aa9950530c116b0bf5fcaf9c1f0e295dcc98d0c,transaction,0x586bd606fafe3525376fd6f06e6e82b94368c3841001cc2a5b479c3abf6b9bce,192,exists,other,,,0.000
0x73b0ba1c2e1286081dfbac08bcb54b56e5c9a3bb,160801,2015-08-29 16:27,0xa748fac76b1d857e2f77484a0f816463e8b56edc,transaction,0xc2d7d427c8f67cacb3f1627bba5ea09a21dee99f89527aa21a512a86051f9212,352,exists,other,,,0.020
0x0155ce35fe73249fa5d6a29f3b4b7b98732eb2ed,160921,2015-08-29 17:04,0xa748fac76b1d857e2f77484a0f816463e8b56edc,transaction,0xacce46a4bd4d56feb59d434e3f6546c107c7b2472116976b4ccb68b53379a3e5,353,exists,other,,,0.020
0x4fccc6d161be335a0105aaef427d038ebb390163,160921,2015-08-29 17:04,0x2488ed997e45690030eb4213efb4045cc475b0bd,transaction,0x2aa0fb5feb2e6922fe9a10426f877608294ffabeab994f6c508add41f82106f5,476,self-destructed,other,,,0.097
0x0148be41180ceb38eaadc5e613773c482002789b,161122,2015-08-29 18:09,0xace365e4cd93314ccf1c389f17216ffc5966bb1f,transaction,0xb07fd9b4bbc49f288986a3aa72c4e99ad3c65886fdc9f46c0dadc76a8faf450d,2546,exists,other,,,0.044
0x7829cf70569f9e8285a8a700a46bb03ad5b6347a,161149,2015-08-29 18:19,0x092a5172f796d4c3cd0e03520134317fc25b74f6,transaction,0xd199bfadad0f534d9924a35d512d9e0f2dc9e090dfb71f894b261f09c27b83d0,495,exists,other,,,0.005
0xa15f384cf109064cacef5dda8edcaa029f38e209,161208,2015-08-29 18:34,0x092a5172f796d4c3cd0e03520134317fc25b74f6,transaction,0xd175c3601036544ad4dbc88f9e1c98ecc2b818b99b2228cccd251f6275e2a818,495,exists,other,,,0.005
0xf7bdc6ace9bdebdfe35f167f6c31c88cf8d9925c,161785,2015-08-29 22:05,0xb735bf53abc79525a4f585a004a620d08cc66b27,transaction,0x4877002fcac1abf78245fd0b8b4840070d908255287d27756c423046168479c0,0,never had code,other,,,0.000
0xc4bd04c7d5582ebb61e624b8ce156eddbc234b67,161815,2015-08-29 22:14,0xb735bf53abc79525a4f585a004a620d08cc66b27,transaction,0x99fcbaa45aebb88a238e62482a61daa429a602c13e1685d9830ae2fd61d8a6af,0,never had code,other,,,0.000
0xc45da2f9e5aa77e71fd4babc5b3556ecedf393b5,161893,2015-08-29 22:41,0xb735bf53abc79525a4f585a004a620d08cc66b27,transaction,0x2e50233a4b0fd4b82f2fd264ad8b4e27f663fa522ff7800960f5d0a2027db24d,2687,exists,other,,,0.053
0x5623b8b4fdd1fcb1b71129b82f2f74a676b71bd7,161927,2015-08-29 22:55,0x092a5172f796d4c3cd0e03520134317fc25b74f6,transaction,0x128990edfd8f12b4fb3f616c447660be6608ede64ec74789d15e97239ca93555,2012,exists,other,,,0.027
0xf6c39b8c9084dd606d90399a5dc2d06517f6a8ae,161963,2015-08-29 23:07,0xb735bf53abc79525a4f585a004a620d08cc66b27,transaction,0x9349624856f2e3d8c740894c9c46834cc8b18318c2d8183d06e434d40b98076c,2687,exists,other,,,0.053
0x313481d6df7e652358cdb927108a9115d9db41b5,161970,2015-08-29 23:10,0xb735bf53abc79525a4f585a004a620d08cc66b27,transaction,0x1ed879299477937e36d9ec7df0760171abb65908bb2671564527547a817853eb,2687,exists,other,,,0.053
0xae9175d54a1fd2253be4e5fbdfed1d3caf1aeb9a,161972,2015-08-29 23:10,0xb735bf53abc79525a4f585a004a620d08cc66b27,transaction,0x9bf5fc39158ef7c5c7acfc25f9593951d89fc3e14b1cc975358343101610e0d5,2687,exists,other,,,0.053
0xc359c764199b1136a6fc9e0fe4fa87f7683bec5d,161976,2015-08-29 23:14,0xb735bf53abc79525a4f585a004a620d08cc66b27,transaction,0x05ec1643e506fe3799079d365130660a4bbcb1425a551e537fad061725b58ad8,2687,exists,other,,,0.053
0xdc19030b2e59f021f16fd0c7e0b6fc9e1718d3dd,162040,2015-08-29 23:33,0xb735bf53abc79525a4f585a004a620d08cc66b27,transaction,0x1d31e7be7fcbb07147d2f882f7adc634a2c540106ca2c50118a403f25a0858b1,2760,exists,other,,,0.052
0xffeebcadc81e764be170b4852430106e11f66ec7,162137,2015-08-30 00:07,0x001292c9c0d8e2b18cbc1cde1cf853d8ab070d05,transaction,0x023c519da5cc5fab40efa98b9890fce7e96dc0127425322fd311f5aefbdbc3a1,59,exists,other,,,0.000
0x7b0753f8ec09623d46471fb2c3dcbe498931a816,162141,2015-08-30 00:09,0xb735bf53abc79525a4f585a004a620d08cc66b27,transaction,0xe00178ab467435473bd86fdbc6e3f139ca5a4ada546a7145bbd2ac39fd3d9937,107,exists,other,,,0.000
0xf93278b87173b8d14cc16db699c4e40d55fc16fa,162142,2015-08-30 00:10,0xb735bf53abc79525a4f585a004a620d08cc66b27,transaction,0xa054cdf830b2845f8e54bc30e0ccf6c11edbb97cbb0372ea8db2720a4e38d068,107,exists,other,,,0.000
0xf70c2eecbed10b482c01cf409235e8bb92106199,162145,2015-08-30 00:10,0xb735bf53abc79525a4f585a004a620d08cc66b27,transaction,0xd295fa50623659da0dd07b433a4e5800fc2b2d62bf071c6ab1875968fc772845,107,exists,other,,,0.000
0x23945bde2f7ab48c180aad20a2677257bf578c8b,163565,2015-08-30 08:47,0x4946ff54b42f2436bd98d71ed1b6fc403e2adcf6,transaction,0x32fe04f1f8b89ed5d5304616e48b5ee73529b9657a6c952de68b69fa6c717938,193,exists,other,,,0.000
0xb17f9251125f61a10d635a63272d2bab88af294f,163581,2015-08-30 08:56,0x4946ff54b42f2436bd98d71ed1b6fc403e2adcf6,transaction,0xbe72b7b4b811dd796e2eb5c80a53661beba9e01345b1cc34b3b3184167bc26db,152,exists,other,,,0.000
0xb04a047e690e9864bfdc45b1504cb1da73f0f633,163582,2015-08-30 08:56,0x4946ff54b42f2436bd98d71ed1b6fc403e2adcf6,transaction,0x70db2f10d812d0402189718d632481b77dd1e421905fd12ffe90df55b311b2a1,193,exists,other,,,0.000
0x822964bf8402477833837c86ccff926c169ba550,163618,2015-08-30 09:09,0x4946ff54b42f2436bd98d71ed1b6fc403e2adcf6,transaction,0x6dca2ac004e3fee461014109172767ab935248ec4528de3d71c8b95b6e4e6428,2880,exists,other,,,0.026
0x1d595bc848ac1e49182441370db0d45ccc7e0e5e,163630,2015-08-30 09:15,0xcf684dfb8304729355b58315e8019b1aa2ad1bac,transaction,0x01be7e1520a9c52c2f416e1168b1f269b3fa59b2c28a006907dca6a66bef13ee,533,self-destructed,other,,,
0x26806b66254402d3058a5638f1f4fce7cf529a3d,163634,2015-08-30 09:16,0x4946ff54b42f2436bd98d71ed1b6fc403e2adcf6,transaction,0x65a3a1798bacf9a62dfb0b582d76d7979f73f25f36ea4e5f35be9aa5b9603f7b,152,exists,other,,,0.000
0x6082ef9498df635f9729847f9cb6b23a43cbc744,163637,2015-08-30 09:19,0x4946ff54b42f2436bd98d71ed1b6fc403e2adcf6,transaction,0xce13af1d5a1ab0464266a54756dbeb97fe079d481bf966d628dbc123d06b0870,193,exists,other,,,0.000
0xf66586ac58014ed4a3c46a4e3e1e6e0c9a61669a,163724,2015-08-30 09:51,0xcf684dfb8304729355b58315e8019b1aa2ad1bac,transaction,0xb907141ffadf83173bcb5704c5448894d6ed81d43d9599491f9653d2f082d564,756,self-destructed,other,,,
0x150c63df3da35e590a6d2f7accf2e6f241ea5f1a,164067,2015-08-30 11:47,0xc876c021ece519a8cb7d3d1b8eea2d1cee9929ba,transaction,0x5f963577d202b005dd0237bfd99eca0e36b3bbfbdbcd52c14248f24a6e48bd03,0,never had code,other,,,0.000
0x083e1d37b924ab038fc93734b586f2391f0fb616,164182,2015-08-30 12:25,0xc876c021ece519a8cb7d3d1b8eea2d1cee9929ba,transaction,0x53bf5d4ae0b7495b9f9c69e6359bcd390ba689c6576919f8e3828c1052a24e84,476,exists,other,,,0.097
0x988e26d65eb94edf5b3eb0e096c2caae5270847c,164226,2015-08-30 12:39,0xc876c021ece519a8cb7d3d1b8eea2d1cee9929ba,transaction,0x28a67b8d09ffccd68e6edc5e3e822be66053521a2c4e6f33cb8f1a1b88694b33,0,never had code,other,,,0.000
0x35450941d78fedb068a1fc19d67561dc0c6cc4a3,164728,2015-08-30 15:35,0xcf684dfb8304729355b58315e8019b1aa2ad1bac,transaction,0x4d46501c20a8e37a174b6f58704d0d404cc4ac5fc2ca0a329643d785433a20ee,486,self-destructed,other,,,
0x894a7f8e394c287663ca586f65798b470453a31d,164815,2015-08-30 16:04,0xcf684dfb8304729355b58315e8019b1aa2ad1bac,transaction,0xc242ae75a9a7b6fc7dcf6b6d655e7aa32a73bb3f402e6d45d2f1daa9c0bc8656,369,self-destructed,other,,,
0xe826a3f988d131d99fa090655860fe0366708fae,165400,2015-08-30 19:03,0x6d134bff5434a4cce5992a7fb698ec4755a9b601,transaction,0xb83c70670408af4b0900ac368c2c8cfa8e78387938d7d3edadea31f2d4595c53,495,exists,other,,,0.005
0x5591f2b422a65b60a1155a63f52f133d4addee26,165471,2015-08-30 19:29,0xcf684dfb8304729355b58315e8019b1aa2ad1bac,transaction,0x9aaa19590a666904c111fbbcd7cce9bf374f1681b8e3fd13551392be03231611,562,self-destructed,other,,,
0x62e446f60f9f83b79d5dd35d10189925183bc769,165491,2015-08-30 19:36,0xcf684dfb8304729355b58315e8019b1aa2ad1bac,transaction,0x238caafac46aaca77f33f28e00909f72a43dac12ea7f5ea8ea9ebb932cfccdaf,562,self-destructed,other,,,
0xf7669abab1938c88b859c56e2af42fc7a4780162,165502,2015-08-30 19:38,0xcf684dfb8304729355b58315e8019b1aa2ad1bac,transaction,0x144079b6d8d79539b8e46377fca5c49b3221ea0da041a786ba3b5438aaf270ae,562,self-destructed,other,,,
0xbf67b750e2eaf36a11eff20e0dc077f78819a304,165514,2015-08-30 19:41,0xcf684dfb8304729355b58315e8019b1aa2ad1bac,transaction,0xe01fcce5f0fb0d04d253908ebadbada9308731a8bd0d1f1b37ad3af111e6a055,510,self-destructed,other,,,
0xb37c2f6ee5d13a1c13ca4e9c50072b9f3fb6d37c,165534,2015-08-30 19:48,0xcf684dfb8304729355b58315e8019b1aa2ad1bac,transaction,0xa1dbf154b2455ebd3e9671295de8b53b00405cc81468cb359b2d4f7ae71e16b3,630,self-destructed,other,,,
0xee797ad3704f97dcf5f03404dead401f62d38706,165567,2015-08-30 19:57,0xcf684dfb8304729355b58315e8019b1aa2ad1bac,transaction,0xaea957869e2b29c0c82d0a519f4f7cde4ba09e67cb89449ea949a543da8c2191,750,self-destructed,other,,,
0xf3b6b2cf2a33cf56192a46fbc9249b5f142c6903,165719,2015-08-30 20:48,0xc876c021ece519a8cb7d3d1b8eea2d1cee9929ba,transaction,0xdeaec58c78e7b5668479ddd6de895accfb73100c60b1fb3c5d2e883302fc4c99,476,exists,other,,,0.097
0xc1b31161a6ae0a6d74684f01303155a33b1ae855,166385,2015-08-31 00:39,0xcf684dfb8304729355b58315e8019b1aa2ad1bac,transaction,0x99b731c1781eb2fa6bbd2b9b88337c9cbdc5d0b185f4a0c0b8db224733d93fc7,630,self-destructed,other,,,
0xe57838f777b11fdc428d9e7e67f1187d6251ba1f,168094,2015-08-31 10:27,0xc876c021ece519a8cb7d3d1b8eea2d1cee9929ba,transaction,0xb6506e39251e8bfe7e489a1cc1cd6111989ee0316dfb53a660269ec196966958,0,never had code,other,,,0.000
0xdb9b40d1b691ced3680e539261b6bc195388b3c0,168103,2015-08-31 10:30,0xc876c021ece519a8cb7d3d1b8eea2d1cee9929ba,transaction,0xceb9dab4c4590077e8a04f7166b9f08752dd7e39797e487f0997eef54eeb7613,0,never had code,other,,,0.000
0x6f2ba051b3ce06a90705c22e0241c2b7e32c1af0,168166,2015-08-31 10:54,0xee38df16452bb041e346caa6679efc57c8bd4603,transaction,0x3d828cde2404b885b082a882aa0d2b4cbac539c18936e5a59228f76c374af5bb,0,never had code,other,,,0.000
0x8883c55943d5caf06b6484de9c1d73da8307cd82,168191,2015-08-31 11:00,0xc876c021ece519a8cb7d3d1b8eea2d1cee9929ba,transaction,0x2282451b68a555f2d1a1b963da9dae9c347ae160f3c45dbab3cb10ba25801171,0,never had code,other,,,0.000
0x3ae3afab4981cb9187f1ef139539f3bdb1e4e04d,168222,2015-08-31 11:13,0xc876c021ece519a8cb7d3d1b8eea2d1cee9929ba,transaction,0xfd0d6c22624b676efd0d5bcbc5412da68157c621517c7a5aafbc8c6c5ef0cf45,476,exists,other,,,0.097
0x59d122afcbd68c731de85c2597004c6ddafbc7ed,168243,2015-08-31 11:19,0xc876c021ece519a8cb7d3d1b8eea2d1cee9929ba,transaction,0xa5ee6e60aa2dcca6084e897ce4579f38779848ad41011351ebed936ac59bff99,0,never had code,other,,,0.000
0x74e20aec156674945894d404f8dea602570e62f5,168252,2015-08-31 11:23,0xc876c021ece519a8cb7d3d1b8eea2d1cee9929ba,transaction,0x1404d6f3939424356019eceda3bacff6ad643b63127a86a05c0e1d3eaccb6849,0,never had code,other,,,0.000
0xed3bf94976eb11d55b955d1369a478620872b57c,168294,2015-08-31 11:40,0xc876c021ece519a8cb7d3d1b8eea2d1cee9929ba,transaction,0xe15b3471d8cf2104d4e48d2519096eb8406ae4722ae2cb859bd5719eaca82b6d,0,never had code,other,,,0.000
0x7c9c0bf2bfb39c2d7f486228cb87e29ad1f67fff,168544,2015-08-31 13:14,0x943800a6196105b4937f48570dc5d0232a962da5,transaction,0xb96c1f78f303b022d25a2fcbe2a55905cb004f13c4b5799ebef898c651a671dc,0,never had code,other,,,0.000
0x9af82ec46185641c0ea44679aac8a7e7570be202,168586,2015-08-31 13:31,0xc876c021ece519a8cb7d3d1b8eea2d1cee9929ba,transaction,0x8eebc0c32ca5ecc9c09e86476a9b11cbf75ffe527d5a3e686f971da4accc96e4,0,never had code,other,,,0.000
0x19272418753b90d9a3e3efc8430b1612c55fcb3a,168621,2015-08-31 13:40,0xc876c021ece519a8cb7d3d1b8eea2d1cee9929ba,transaction,0x0cae7d798573736c0e30d2c5bcfcf1e98ff3d5a68e1f555feebf2c2040020140,0,never had code,other,,,0.000
0xfaa3560fe174fdbb8e03c31f02f54d0f6124fec1,168634,2015-08-31 13:44,0xcf684dfb8304729355b58315e8019b1aa2ad1bac,transaction,0xd7388d091eacc0a1ab5a92b216e0453c3420f7d4c21059b145b86883f364e02b,630,self-destructed,other,,,
0x2c081ed1949d7dd9447f9d96e509befe576d4461,168686,2015-08-31 14:03,0xc876c021ece519a8cb7d3d1b8eea2d1cee9929ba,transaction,0xcbdb65b799b3bf548773e1ade9556b74ff38eb0a165719caff38d912537edff4,0,never had code,other,,,0.000
0x5071cb62aa170b7f66b26cae8004d90e6078bb1e,168707,2015-08-31 14:14,0xd007c3ce0bfcfe50559e15a3737c236f8fa15bbe,transaction,0x92f8a4b135d24eed02dcea0a70e7f8991a50a8bfca4d76f347effa0e348e9b90,0,never had code,other,,,0.000
0xb7d2683b59b6316dfc52b9d39bfc8f413b52be59,168722,2015-08-31 14:18,0x50c1d8870a923480993072e7ff726ea0bc167bdf,transaction,0xe2fcabf5a4899b3e28ad998dedf26e578f6226f9789540c59a13480313c24b0b,152,exists,other,,,0.000
0xeaaac2523ed05881583f4719d4af7575c613fcdf,168722,2015-08-31 14:18,0x50c1d8870a923480993072e7ff726ea0bc167bdf,transaction,0xe1ed370c9c3b55a8ae3e10444c423be5cb6f4bcb20569f383621c3089f283e0b,193,exists,other,,,0.000
0x2ce721772675c9d42d639348226de2b99e1337ab,169277,2015-08-31 17:26,0x092a5172f796d4c3cd0e03520134317fc25b74f6,transaction,0x29bd64dcd21057dc36e450427524aac3cb6c8c6348001dd91926eaf4783de01a,476,self-destructed,other,,,0.097
0x2c11186e031e5c2546699d261feb4d350eab8fe0,169320,2015-08-31 17:41,0x092a5172f796d4c3cd0e03520134317fc25b74f6,transaction,0x3403bd51f1ffb7e0ee7e280e976b3cfbbd44fa5ff2d13d4a447f66e165d45f8a,476,self-destructed,other,,,0.097
0xad826cffab6b6721889ed8e726f402c7d6d33547,169345,2015-08-31 17:49,0xcf684dfb8304729355b58315e8019b1aa2ad1bac,transaction,0x2806d34181988a19a27cd04b7ccf7b007a574a33c3677057c868cc10f17a67d7,1347,exists,other,,,
0x3ea0db90d67d598e4a906121ff3e51e99cb922e0,169350,2015-08-31 17:52,0xcf684dfb8304729355b58315e8019b1aa2ad1bac,transaction,0xaf6ff01de701deac889523939d091e05d078f797f1b3ef17a1e10063ad771ec1,1277,self-destructed,other,,,
0x52458a98fe5e345054d42ce121c9491cdf142d61,169370,2015-08-31 17:59,0x092a5172f796d4c3cd0e03520134317fc25b74f6,transaction,0x692cffe180736e614e34278efa4e2cf1d6b08bfb58a2ccb8cdf1888c93d8f3b2,476,self-destructed,other,,,0.097
0x82f533baa3565df2164e4f38666752e9f52f4e71,169515,2015-08-31 18:51,0x0007ca35a2680425974312233a59a74c00d3c040,transaction,0xffc8450fd29e6dc26b7df84328913df16dad4b29b3fbd1df9df2a5d12dabc251,476,exists,other,,,0.097
0x5d291093cff781d55d466ea0e99627c911d8b8be,169592,2015-08-31 19:22,0x0007ca35a2680425974312233a59a74c00d3c040,transaction,0x8a0959b8422a6d1c1291a221635c27ddc5712f76bc55bc6393d19d88e21ca6c0,476,exists,other,,,0.097
0xb08076b2ae85cdc22ff4943ce101a86e48e61b80,169650,2015-08-31 19:40,0xcf684dfb8304729355b58315e8019b1aa2ad1bac,transaction,0xe380557e80cdcfffa5650452cb2adf3544223903e5157246fccda0f862f12831,517,self-destructed,other,,,
0x672e330b81a6d6c4fb2a7cad28b3f2295efaab77,169719,2015-08-31 20:00,0x50b8f981ce93fd5b81b844409169148428400bf3,transaction,0xc0379a6089e55a5c7020618d567c2831a603ee9701ce43e5661972d16fe92269,1272,exists,other,,,0.082
0x40490c9c468622d5c89646d6f3097f8eaf80c411,170007,2015-08-31 21:43,0xc876c021ece519a8cb7d3d1b8eea2d1cee9929ba,transaction,0xe2c175623b8a5db6ff351cd91ad403f8e865dfa628876113d1d3095f7c4f9927,0,never had code,other,,,0.000
0xa0946555574c3b6229d16ca61bb62d1a9a2d42c7,170192,2015-08-31 22:45,0x42dd879f8eb7e9b43036a5b4c97b02c6176d6b99,transaction,0x25f356b378d2172b919b946e115be9a52d6f76c4d8d06107dc14f13315d4b2a7,3911,exists,other,,,0.029
0xc5edca3ebf230f0df3d75b3138d733fe58d234a0,170298,2015-08-31 23:21,0xcf684dfb8304729355b58315e8019b1aa2ad1bac,transaction,0xcd697402970dcc5ef321a921cabb4f5fedbcb4313078f5c79afd599a05a83fc2,2357,exists,other,,,
0x16ae72a82caced4d82c1ced0683b959edeed8cd5,170303,2015-08-31 23:23,0xcf684dfb8304729355b58315e8019b1aa2ad1bac,transaction,0x26bb677caec22423687791b799b7bf597831f09397def848a06b2e3f029dad98,2145,self-destructed,other,,,
0x6c5260be45ca7f773fb1894d30b7f0b2fc50dd8c,170358,2015-08-31 23:42,0xcf684dfb8304729355b58315e8019b1aa2ad1bac,transaction,0x0ef962794163eee566d7ab04ba74c75dd031113f0f291b656072496f8157829f,2139,self-destructed,other,,,
0x7c4409fb053d32f2e559788b0a4076b3d727593f,170559,2015-09-01 01:00,0x50b8f981ce93fd5b81b844409169148428400bf3,transaction,0x9b7693758fd827932bdeb93fdd3d2b161091be13f393b4fcad3b24022b2b6bda,1272,exists,other,,,0.082
0x22c6828879120ed5e456b2ed07cdac5df8c3fd38,170695,2015-09-01 01:46,0xcf684dfb8304729355b58315e8019b1aa2ad1bac,transaction,0xe904c128241630e59dba957a465039f580fc5a4b38519aade838e7a58b0658f1,2793,self-destructed,other,,,
0xc99c2259ade8e6c934e02a63b905d3ea8135079c,171091,2015-09-01 04:08,0x092a5172f796d4c3cd0e03520134317fc25b74f6,transaction,0x3ef72b54f8d2132b5343b4689d2a1bfbf2ffa7356b2993d7de77dbc0a9396600,2012,exists,other,,,0.027
0xd9c44f093825b4bac7ced2208acbcbe9fb73ea24,171181,2015-09-01 04:42,0x092a5172f796d4c3cd0e03520134317fc25b74f6,transaction,0xa91f6e7da51222521f0ed9467fb3329354392e622bdb1360397241a7c8428bc3,3499,exists,other,,,0.022
0xaa42adbe7e5ddaebc9038487361d17e598a8438c,171330,2015-09-01 05:41,0x092a5172f796d4c3cd0e03520134317fc25b74f6,transaction,0xf0aa97d40528cbae3e42108452fee6b287bc147504044b99483295d875d85c2e,476,self-destructed,other,,,0.097
0xe96b8e07855ea3719c14ee7722e6639b36861a80,171362,2015-09-01 05:52,0x1b29f1483232d2eaef8a5d535bc4b641d280f52a,transaction,0x70dedaf22b46d64132f24afb17c00739c127cd4c20d6deec3d269d110adf21dc,476,exists,other,,,0.097
0x8c3bddc70de8ba13b2f5c86f4a8b2c2856458ef5,171464,2015-09-01 06:35,0xd7a122406db2fbfcda7f22acfc442ea0d056c634,transaction,0x765e0c40e9f6bd306782aa31f669198e59f309bf1ff46fef8c81e332ea440161,0,never had code,other,,,0.000
0x0a6808eda06399efe5e0b963b03e3b8587e297a6,171890,2015-09-01 09:23,0xc876c021ece519a8cb7d3d1b8eea2d1cee9929ba,transaction,0x0871f75b47e6517b33e40c5f8fed08aca89d376b918c990377e2cf88ae329b19,619,exists,other,,,0.094
0xcd966d11693b1477306758c57dddf0dfa866c080,171934,2015-09-01 09:43,0xc876c021ece519a8cb7d3d1b8eea2d1cee9929ba,transaction,0x8347163e325eba06eb04c95d7e3cd8b721cf8237c7bf403f00101dc4eced457d,619,exists,other,,,0.094
0xde3b38cb1050e7b5db39b4cbb2b2b63a1e32cbf6,172045,2015-09-01 10:19,0xa9ac1233699bdae25abebae4f9fb54dbb1b44700,transaction,0xb6181ab202d8a309a6c4679e61b75e6f3f10b3d521c58e92a6d73058e8687f31,0,never had code,other,,,0.000
0xeea3967eebb3eb82bc1e1667bd48cf794dd30452,172048,2015-09-01 10:20,0xa9ac1233699bdae25abebae4f9fb54dbb1b44700,transaction,0xfdb719bcbbd3d45ef1f80d21e78e67c17449b509ff7a85ac0b66a0436b9514bf,2463,exists,other,,,0.009
0xe5ec2a15c5c1cd54ec032a18520ec689a3143725,172086,2015-09-01 10:35,0xa9ac1233699bdae25abebae4f9fb54dbb1b44700,transaction,0x2500550a3bf875494e20d91b7733de96c02fb5a97dee4848a2e8694a9e4e189e,2465,exists,other,,,0.009
0x3eb097b0816b61cb5b59375a9e017fe46731a67f,172109,2015-09-01 10:44,0xa9ac1233699bdae25abebae4f9fb54dbb1b44700,transaction,0xf0c342cc7aea918eca96ed3257f311563dec22b379c73354b543c6d4e9b9dc88,2463,exists,other,,,0.009
0x9ac471e080a50e3e3a18003e5e8b2699b3ce6e4c,172127,2015-09-01 10:53,0xa9ac1233699bdae25abebae4f9fb54dbb1b44700,transaction,0x447f01eb442e00fb41317809d3383c0492c15f62f971d5bda3704474c913b42a,2448,exists,other,,,0.009
0x0f5054f9c674b37d15915ca8925f231edb3afa8c,172171,2015-09-01 11:08,0xa9ac1233699bdae25abebae4f9fb54dbb1b44700,transaction,0xf2e8d83d697087f4d7d24e46961c5a5056e9e639691669f6ca7cfe6d0d304831,0,never had code,other,,,0.000
0xd016dd55968fe47825999b92ab81265403ac5c0b,172191,2015-09-01 11:16,0xa9ac1233699bdae25abebae4f9fb54dbb1b44700,transaction,0xe596870391b74657b05ae83ba36c37112064241687d5047f45c6772d4cce2049,2184,exists,other,,,0.009
0x1c72e9f22ed3453f484557b5739f276a2bd78532,172229,2015-09-01 11:30,0xc876c021ece519a8cb7d3d1b8eea2d1cee9929ba,transaction,0x39bed2a2d7d24738b3f79ed523ebf3ca187f8e940c43a74bdf329403ef281dea,619,exists,other,,,0.094
0x6c31f37985f48215d5b8ca4786f24f23684024ac,172296,2015-09-01 11:55,0xa9ac1233699bdae25abebae4f9fb54dbb1b44700,transaction,0xb41902a8017be402a939010dc7785aa90d54a9057e72e7088572305630c91ab5,2442,exists,other,,,0.013
0x82757ac5bd8cf124950253a38021d4ff479ec7f2,172343,2015-09-01 12:10,0x5ed8cee6b63b1c6afce3ad7c92f4fd7e1b8fad9f,transaction,0xc547563c457db74e1416f9607bf6650cf4f1e369d2be6f83583c49adfffeaec1,0,never had code,other,,,0.000
0xefc5d9cabc0bda8124e1b821e8c86c7e7bf1e4bc,172363,2015-09-01 12:17,0xa9ac1233699bdae25abebae4f9fb54dbb1b44700,transaction,0x5e01183694856bd9adeb6c9673f19e5ddc8109d0f29c4f6991af8739051b759a,0,never had code,other,,,0.000
0x2f86de22ced85a7dd0d680fc4266929a72775e27,172415,2015-09-01 12:35,0xa9ac1233699bdae25abebae4f9fb54dbb1b44700,transaction,0xe5b5a9a626d1f86d97c318c8fd88ef2bf6944a86cc08b4d1c25ea9adb9fe48fc,0,never had code,other,,,0.000
0x4938d8507d18232c5fb7fce4d4fc4661f79011d2,172428,2015-09-01 12:41,0xa9ac1233699bdae25abebae4f9fb54dbb1b44700,transaction,0x37824e89587991b4a08c68de4e1fe7bd6430a2ad56c2493d0138fc564ca61c44,4277,exists,other,,,0.013
0xe0b159eb09e1d439bc53a48d02f767af1ea682d7,172588,2015-09-01 13:35,0xc876c021ece519a8cb7d3d1b8eea2d1cee9929ba,transaction,0x706c462c3a13d6efaa81fa94d7ddbc8aab2b3b24a02e33f20bec2f3ca581df5c,603,exists,other,,,0.094
0xba575c0c66ec866a308dcd4cb3dbd3a83d78733f,172600,2015-09-01 13:38,0xcf684dfb8304729355b58315e8019b1aa2ad1bac,transaction,0xbbc58901cc2e63f88bba83c0d9b03b07dcdd221ca3923a32aadf0dd8fec4abd3,2793,self-destructed,other,,,
0x82fa2ab30a566ceeac987eb5510485be9382f130,172607,2015-09-01 13:41,0xa9ac1233699bdae25abebae4f9fb54dbb1b44700,transaction,0x812e7dc454a3ac259ae83beb5b60dbb66f9f1b5e1418e892a01e3a65fc4dd2d4,0,never had code,other,,,0.000
0x522c9f65bc77ad9eed6bcdc3ec220236451c9583,172614,2015-09-01 13:44,0xa9ac1233699bdae25abebae4f9fb54dbb1b44700,transaction,0x8cbb04496b5c046647cb19c2656cb2bab07afd28ed303d183b2159a3fc46a06e,0,never had code,other,,,0.000
0x1404970501adc2d55ce46209ebb4bba622ac6092,172640,2015-09-01 13:55,0xa9ac1233699bdae25abebae4f9fb54dbb1b44700,transaction,0xa01b3dd5c5cc559e8fd73156742ba7b208540266061a14c0dadabaf49b7dc6ba,2630,exists,other,,,0.047
0xf6ddd386c4f7f0b460032c8055d7f9c3503d7140,172641,2015-09-01 13:57,0xc876c021ece519a8cb7d3d1b8eea2d1cee9929ba,transaction,0x797a20c8839587d2e30f06caa99367a925c837adcd1ec90b88781d9aa11e9b67,0,never had code,other,,,0.000
0xe3441b5e5c576209a7cb17072a8ee8671efe0f35,172655,2015-09-01 14:03,0xc876c021ece519a8cb7d3d1b8eea2d1cee9929ba,transaction,0x739103b870d2947cd05b69bbf44d6b2c3e3e32867d786bc4133f928175d21f56,6382,exists,other,,,0.026
0x056c68da52395f1d42c5ba15c4fb956146a4f2c1,172731,2015-09-01 14:32,0xc876c021ece519a8cb7d3d1b8eea2d1cee9929ba,transaction,0xbd2ab56c276d0063f49348fcf29a96d6638420a6bf23bd3be980863b7c6d4316,0,never had code,other,,,0.000
0xf637575261d51490ca167045ede659288dd84b96,172741,2015-09-01 14:35,0x16893e10b99a59afd2c60331e0b49241d4d4d7cc,transaction,0x85c130e1bf42ae947323ddae77896e4c816d7a8b3d9e79bb6cc6d8f9ef1d302c,587,exists,other,,,0.033
0x074ddd35cdfbe7189177c8dbbc0b0c680db70a81,172761,2015-09-01 14:43,0xc876c021ece519a8cb7d3d1b8eea2d1cee9929ba,transaction,0xc2c2b62bf03e9028b220a659f9cb8e29054f807ad1c9223ceec135c211ecca54,6579,exists,other,,,0.031
0xf46fc2f68234e031d95dc7261cb01407b5328ee9,174007,2015-09-01 22:01,0x092a5172f796d4c3cd0e03520134317fc25b74f6,transaction,0x060f0a676ae0498fc327fa87112228923ef6f2d66e64035acfd9098b4c8959ca,476,self-destructed,other,,,0.097
0xfc8ba967d47f659d6dfd71fb9b6bfb43e76e01d5,174030,2015-09-01 22:10,0x50b8f981ce93fd5b81b844409169148428400bf3,transaction,0x02ffdb98203c088dbd84f70bdc6f563d94521bed2f1efc9db83f3a5decff5288,1716,exists,other,,,0.083
0x8b180cf51193c6799b79b032dc2510a4b6c084df,174032,2015-09-01 22:11,0xcf684dfb8304729355b58315e8019b1aa2ad1bac,transaction,0x301321c3a216b63096dcafe88394a2de80ba69f5ed9baa668c6072d0f7b06cb5,2465,self-destructed,other,,,
0x46dce1955e40d23a6ed0b745b517ae08aa3086aa,174042,2015-09-01 22:15,0xcf684dfb8304729355b58315e8019b1aa2ad1bac,transaction,0xc89c6c0c9609b1165d27eb98ad371ac8a8a0892fce9e74c9a8aefe286bf9ac6a,2465,self-destructed,other,,,
0xf41999b168d10132ade310c3116fe6fd6945ccff,174046,2015-09-01 22:16,0x50b8f981ce93fd5b81b844409169148428400bf3,transaction,0x99a6ab49ecdeca95a41829e62cebf5a7e655a8c6305088a5775a1911b8bd04a2,1823,exists,other,,,0.059
0x1c7c3f36d59bcaa4a7dfdf58f347ff6f675bf4d3,174093,2015-09-01 22:33,0xcf684dfb8304729355b58315e8019b1aa2ad1bac,transaction,0x1d81b2dc3c3930edd766e153c30e598994018aeac36a9beee982a392b4bc200f,400,self-destructed,other,,,
0xaee3aaa82d60874fc720764c6e4ae8e3e18e1005,174104,2015-09-01 22:38,0x50b8f981ce93fd5b81b844409169148428400bf3,transaction,0x042a7d886a1d82ce42a91d362d987ec35c23d6a5b770e5215ce9fdd477a1999c,561,exists,other,,,0.033
0x985509582b2c38010bfaa3c8d2be60022d3d00da,174349,2015-09-02 00:06,0x50b8f981ce93fd5b81b844409169148428400bf3,transaction,0x878ce6c27ebe291d0b61f73dbb5d33abe5a4fcdca35f23487fae9fceceae0c8d,2009,exists,other,,,0.026
0x1194e966965418c7d73a42cceeb254d875860356,174358,2015-09-02 00:09,0x50b8f981ce93fd5b81b844409169148428400bf3,transaction,0x3338d0bf265c7d1ad6989ed88324a483c15c53723f2491418b76c2e194560233,1823,exists,other,,,0.059
0x0ece7490dfb644038ae0e11b73552a21305d0a83,174449,2015-09-02 00:48,0x50b8f981ce93fd5b81b844409169148428400bf3,transaction,0xafb11cdcdb6d41cae2b21db7bfe0315b047908216688372afe4e70d6c0e488f6,813,exists,other,,,0.036
0x3e75dc35798ef753f856d501c3d610057078e6a5,174531,2015-09-02 01:16,0xc8ebccc5f5689fa8659d83713341e5ad19349448,transaction,0x11831d8c02aa5e9c41e5c6aae5de1e31afbf35654057099dd20ecc2b511f13fe,148,exists,other,,,0.000
0x69af9223ef34a74d80497b4b1600c4eed7716571,175872,2015-09-02 09:44,0xee291517c6290faf94dee71647c27b9737b2a2d2,transaction,0x8295bfaafedad7e2c2ac0f6cec7be2f8feb804a7a43af7f16e73ad6c7c995756,0,never had code,other,,,0.000
0xf468bcbc4a0bfdb06336e773382c5202e674db71,175893,2015-09-02 09:54,0xee291517c6290faf94dee71647c27b9737b2a2d2,transaction,0x0aff299ba641dd3ebc269bd366a8c91d34d53bc957c5afcb107c08c552232813,0,never had code,other,,,0.000
0xdc907a11b1b3a8edc13244253271f3e9edec0bfe,175899,2015-09-02 09:59,0xee291517c6290faf94dee71647c27b9737b2a2d2,transaction,0x455b516c1c3cc2f7d743a5465236ccf28a51fb9e2b87b0ff0bdf3c18449db303,0,never had code,other,,,0.000
0x52d0e5bb8f5408df469ddd958cd14fda633733be,175919,2015-09-02 10:06,0x65c13da4feb34aee002678a0b44835ed43142bdc,transaction,0x1bb3b65cb84a829efcf1371f416fe7f007cea2672483f6d87e87c5386e4e8440,476,self-destructed,other,,,0.097
0xa21b22389bfc1cd6bc7ba19a4fc96adc3d0fe074,176082,2015-09-02 11:10,0xee291517c6290faf94dee71647c27b9737b2a2d2,transaction,0xdd2a9b6a9845aed3f47cdf53a8315122e501dd0b79430db6ba28445c7346af9b,0,never had code,other,,,0.000
0x596fda821065678b41e46dac8bb631d1b47979a4,176176,2015-09-02 11:49,0x789a4eed0d3e4dcf3ff97e8c7e93ad00541ad355,contract,,621,exists,other,,,0.097
0x789a4eed0d3e4dcf3ff97e8c7e93ad00541ad355,176176,2015-09-02 11:49,0xee291517c6290faf94dee71647c27b9737b2a2d2,transaction,0x8ba175b65af09787aa08f1ee8ba9db278d929a05013527fda60d496844d6eb1c,0,never had code,other,,,0.000
0x341d2b82d0924ef42d75ce053654295d34839459,176356,2015-09-02 13:03,0xee291517c6290faf94dee71647c27b9737b2a2d2,transaction,0xbf720d607be5e0e5cfc12e7d0c57570f8c0094e7b0982f15944d7c4aade7e4e2,0,never had code,other,,,0.000
0x2d29dee67fb1bbd96fab5e979660da33b4d19bd5,176434,2015-09-02 13:27,0xb5de41f7ae6f39b0fdde536c615bbfe4766a436b,transaction,0xa4610e189524e232b1478c6fa68ea7187ec516e7bfbb57d310e9aa1ce67ec66a,2283,exists,other,,,0.023
0x23b249eeeeedd86bc40349f8bb8e2df34bd28f78,176619,2015-09-02 14:42,0xc876c021ece519a8cb7d3d1b8eea2d1cee9929ba,transaction,0xd642d5a268e256f62f93adc20d6f8b2279badc5bfb961acfae87e58ee07f74c3,0,never had code,other,,,0.000
0x548196cc048b1bb55a38859eb7b73261fe43c984,176623,2015-09-02 14:43,0xc876c021ece519a8cb7d3d1b8eea2d1cee9929ba,transaction,0x230ad03dcf39bca6ef3fd56d9c0748eb10009ecacd67e74b8f713f0fb825ab5f,8958,exists,other,,,0.028
0x20921c791ceefe17a7ddadecbe735baf368a168a,177395,2015-09-02 20:05,0xcf684dfb8304729355b58315e8019b1aa2ad1bac,transaction,0xb203670c30ad8387dd92c845392ce788e583a2dcd27c68327d25a4ecb6821ca5,985,self-destructed,other,,,
0x59ec0410867828e3b8c23dd8a29d9796ef523b17,177400,2015-09-02 20:07,0xee291517c6290faf94dee71647c27b9737b2a2d2,transaction,0x77e1304a34105b9f70a076e484fc1bf55945e5ae7ed33c570015dc4cad235f54,0,never had code,other,,,0.000
0x5954f55a00cb1bbb5f2fc9ef29b2983eabff93b8,177435,2015-09-02 20:23,0xee291517c6290faf94dee71647c27b9737b2a2d2,transaction,0x92957ee1d11e3be4d062f42c96745ac6a3ca6c4cba72dff2de64d8061b5630ca,132,exists,other,,,0.000
0xa607fe1c4b992feab4aa3f7096a7db219228a0f1,177442,2015-09-02 20:29,0xcf684dfb8304729355b58315e8019b1aa2ad1bac,transaction,0xbb63ea310e6f8d4fa3240c2a081e567bde45e27f4dd549f20e171a166dda8fc0,1013,self-destructed,other,,,
0x36a042cbcdfca6e6ed2f5af882a2a2dd2bb476e3,177444,2015-09-02 20:29,0xee291517c6290faf94dee71647c27b9737b2a2d2,transaction,0xf5e64a20706cf953267b346b94c4d625c100f0b6428680a159400a22e0c04eb0,135,exists,other,,,0.000
0x823361133c656e84124dff017ad0988c0d2742ae,177499,2015-09-02 20:54,0xcf684dfb8304729355b58315e8019b1aa2ad1bac,transaction,0x1cdd2274f154abe9de00f020991fc9b9500f94eb62be73e248e65f4a1070825d,1947,self-destructed,other,,,
0xf914269e57782d12e289191da1a264ff820a708e,177535,2015-09-02 21:13,0x092a5172f796d4c3cd0e03520134317fc25b74f6,transaction,0x27820e5940a43a55ecac3abaad8f6fcb43037db0e5e913358a6cfe073980aad2,3499,exists,other,,,0.022
0x9741ccd8f741f91e9cfde267cba49cb1bb834cf1,177539,2015-09-02 21:13,0xcf684dfb8304729355b58315e8019b1aa2ad1bac,transaction,0xf58609754e63cde2a7f792291084f540f5999495d092004af6f673b9272186f8,2241,self-destructed,other,,,
0x05e461505e65579b1c3aac742bff3a5c59bb744f,177546,2015-09-02 21:17,0x092a5172f796d4c3cd0e03520134317fc25b74f6,transaction,0x291e0c1c2714af892a0050557f301664a37aac5e3715ad3f3b99a24067257513,2012,exists,other,,,0.027
0x4959e041bfbbfb5c6e149b3384bc46d623f0d5bd,177563,2015-09-02 21:26,0xcf684dfb8304729355b58315e8019b1aa2ad1bac,transaction,0xe93da0e09334627d0ecf14ebe964e75099fb9ac4db9d1c99dc376549fda113f0,2312,self-destructed,other,,,
0x116db66709ada6bc0788a7e5b34c290570611536,177572,2015-09-02 21:29,0xc876c021ece519a8cb7d3d1b8eea2d1cee9929ba,transaction,0x4f2edf2ffdf52f54fe51839fed7850c267f6dfbce42a0cd9b9e27674664d0456,9010,exists,other,,,0.032
0x00bca629f698d95a3ab6a2b379cac78c952eb75c,177608,2015-09-02 21:44,0xcf684dfb8304729355b58315e8019b1aa2ad1bac,transaction,0x59c998590e332bd3fd95f6f2cc542402bb7fdf75ce838670d34d6616a21180e0,2312,self-destructed,other,,,
0xb0824b45f4a4c1ee4df356378d555c7f4366fa4c,177660,2015-09-02 22:08,0xcf684dfb8304729355b58315e8019b1aa2ad1bac,transaction,0x065580a137654a816abdeb27e690e6c96f59dce92a9e8064f6f8c3c49cf0b681,2167,self-destructed,other,,,
0x4ffb551770a12c949fe43e5de7dff7ea57041320,177713,2015-09-02 22:32,0xcf684dfb8304729355b58315e8019b1aa2ad1bac,transaction,0xac79340fcfa4dfc56475d34f0319ab46ee27895a6d2fcb542b8a6da0e02e0d9f,2080,self-destructed,other,,,
0x4780f1d60cfc672855da4046ed07700f995faa47,177721,2015-09-02 22:34,0xcf684dfb8304729355b58315e8019b1aa2ad1bac,transaction,0xe91fc96b2a51f1c2c4231a566b3944bbfe18e38429a0d30661025e09c4c702db,2168,self-destructed,other,,,
0x69a1aa1ee81fb67d0170d70280ce5734cdcdbf21,177753,2015-09-02 22:47,0xcf684dfb8304729355b58315e8019b1aa2ad1bac,transaction,0x73c5aaa31ac61fcfd750bce4fe25a7fc350487c658825d13f5d059a4125374c9,2239,self-destructed,other,,,
0x064b73510a0d3ddcf56056a2d159a1d6035bbafd,177795,2015-09-02 23:01,0xcf684dfb8304729355b58315e8019b1aa2ad1bac,transaction,0x285264ce316893a18cca8d6b5c42d239a3b32c3629ec1681a78f4d001f86fa8f,2388,self-destructed,other,,,
0x18487f6fa9c9d809940b0d6d2626f33f0c729e4c,177814,2015-09-02 23:11,0xcf684dfb8304729355b58315e8019b1aa2ad1bac,transaction,0x03d76e708f155302a41d4e4b866edc5719f01708b98b847c938c97d4fc9af84a,2374,self-destructed,other,,,
0xe631c8d11cab1e688ed6f2863b5a96aba211affd,177885,2015-09-02 23:47,0xcf684dfb8304729355b58315e8019b1aa2ad1bac,transaction,0x29bbc02b6f818d2a6938b93613b11b21f998892a5e764a2fadb185c3ed8b23a3,2374,self-destructed,other,,,
0x26029ec1bb81332ed724dafd59ec69baecb27493,177895,2015-09-02 23:50,0xcf684dfb8304729355b58315e8019b1aa2ad1bac,transaction,0xc6fbc2429651efd4df5ad9c914d786c02be7177d6937db7d4bc20e7038181bfa,2167,self-destructed,other,,,
0xf136871985176816ef46cb138ee6233eedbecaf1,177905,2015-09-02 23:58,0xcf684dfb8304729355b58315e8019b1aa2ad1bac,transaction,0xdb3a627df1f26e092693ca7698615545e395edb05c57eeaa8d3955598f496443,2245,self-destructed,other,,,
0x312407be89dea6ecef5770efce2f9524bae24864,177920,2015-09-03 00:04,0xcf684dfb8304729355b58315e8019b1aa2ad1bac,transaction,0x911f67b969c3093b132f419309907d169606d899d333cf32d6bc34e9cb01f226,2320,self-destructed,other,,,
0x0a4d853ff694be9221532645620235c03689189e,177933,2015-09-03 00:09,0xcf684dfb8304729355b58315e8019b1aa2ad1bac,transaction,0xdee224583b673b5494b5dadb28042b3cf60653ffaff13b91a51e194f19211041,2362,self-destructed,other,,,
0xca32e6f450afac20675fba152ebc2f8d5aa6024f,177951,2015-09-03 00:17,0xcf684dfb8304729355b58315e8019b1aa2ad1bac,transaction,0x0cc6fc7f766b0b57869d3da083c88359f8332235b2c6d75e57044a001c960a0d,2325,self-destructed,other,,,
0x5d2d1d87afdef8a8e1f13db7f195674489800176,177982,2015-09-03 00:29,0xcf684dfb8304729355b58315e8019b1aa2ad1bac,transaction,0x328a8c4b417f73af098f0d726a3d754740b66934faaba7981beff45735309190,2318,self-destructed,other,,,
0xbaa5b71b131d3f28ca8fc2e18a7d9b419a93da98,178364,2015-09-03 03:18,0xcf684dfb8304729355b58315e8019b1aa2ad1bac,transaction,0xf465d46cfce6c152a834cbb6b5cb8753dcd2c60d71074d4141da5606195e9b04,2321,self-destructed,other,,,
0x15e8ea07a538cd779d071339009850a27335f873,178478,2015-09-03 04:11,0xcf684dfb8304729355b58315e8019b1aa2ad1bac,transaction,0x378af6caf303e8d52cd461e40edc80d4f0bd5ea336ed34193d05c6d7bff6c558,2321,self-destructed,other,,,
0x0f76dc3f4bb34c1c1ebb5e50f6e19527c323e8c7,178497,2015-09-03 04:17,0xcf684dfb8304729355b58315e8019b1aa2ad1bac,transaction,0xfa5584a7558f85b5e89eedd832d898cb23e4a9e52e85d0317a08a146971e3f4f,2245,self-destructed,other,,,
0x76cce7151721bf0071faf5b5d513506a343e0388,178917,2015-09-03 07:21,0xee291517c6290faf94dee71647c27b9737b2a2d2,transaction,0x031b6ef058becfaf6925b43ed058ae7efabe900d5fb5d692b7810ecde58a7e6d,967,exists,other,,,0.005
0x7d45f4bd109976dd5c87ffc4d85823613e84e467,179094,2015-09-03 08:36,0xee291517c6290faf94dee71647c27b9737b2a2d2,transaction,0xb4882440352754d074def10823d837a8b7edd854c63389a8f50b861c918cc87e,1136,exists,other,,,0.027
0x8fcb8b6c5f422a3a121a1b995b15387035e6f64d,179100,2015-09-03 08:42,0x8266c4a0e9301661f19c936b7bd16c0dfa37c6e6,transaction,0x1dc9fff07928e818c2e1ad962e59756fe12ff93dea502f2b546c9cc635700437,0,never had code,other,,,0.000
0xd53b6cd40a5cee93a3bb57072cec309488f666d3,179100,2015-09-03 08:42,0x8266c4a0e9301661f19c936b7bd16c0dfa37c6e6,transaction,0x83daf1cb6bd535b2454d5038994df2431a7b70b7ff3570c3fd9eb6fc3f2adc89,0,never had code,other,,,0.000
0x3311c08066580cb906a7287b6786e504c2ebd09f,179132,2015-09-03 08:56,0xee291517c6290faf94dee71647c27b9737b2a2d2,transaction,0x16dcef16b8e02ab1e43d4ad0f0e329e4a3c997b501eee618d2d89b758a97a022,0,never had code,other,,,0.000
0xc3fc0917eb8c0deb57de8003bcb0df94b50ebec5,179206,2015-09-03 09:27,0x8266c4a0e9301661f19c936b7bd16c0dfa37c6e6,transaction,0x4f0237b2acc63131566153073dce48af7d27aff18aa44c3cc4992615ba3817ee,0,never had code,other,,,0.000
0x0edc978bf196544bb006397f095d74debae574a1,179227,2015-09-03 09:35,0x8266c4a0e9301661f19c936b7bd16c0dfa37c6e6,transaction,0xdefc9915403c761830812edb6366350dcc38ee976c7863338128c3013c3d143c,0,never had code,other,,,0.000
0x41e20d434e705e2343728a260582e9e544b702d0,179236,2015-09-03 09:39,0x8266c4a0e9301661f19c936b7bd16c0dfa37c6e6,transaction,0xa4ca7784dd7c381016c084fd2f086d83b1933909bff9539c309b61139a765b26,0,never had code,other,,,0.000
0xeed1c3e2fe1bfc5e16f5cdcb5645f2fcba5fe26b,179243,2015-09-03 09:41,0xee291517c6290faf94dee71647c27b9737b2a2d2,transaction,0x85c8205a6ee650681ea361607358ac6fc6166b5ce9e50c0109bb8abf9147d550,721,exists,other,,,0.000
0x0ffe82b76fb82551350ed3d759f1e64a8fdfd3ad,179245,2015-09-03 09:43,0xf9341d86d232dd5cc485da4e9707c9340e719a3f,transaction,0x5cf97ccd0c598438616a9246f67fef9b7a28689d5a3aee1abe95a1cb2b120b0b,0,never had code,other,,,0.000
0x95df85fd1abbd3a151f186cee21f92bc9225f1fe,179253,2015-09-03 09:45,0xee291517c6290faf94dee71647c27b9737b2a2d2,transaction,0x0738d8c7abf5e6267fa16e4aa0e9eadf9f6d29b0fd483b7b4b6b903e795fc095,653,exists,other,,,0.000
0xb1d496fa83daf3e47a3885128b0b582f253d2a23,179257,2015-09-03 09:47,0xf9341d86d232dd5cc485da4e9707c9340e719a3f,transaction,0x3f05e0dc85275323e56e8fe581275cef095d1c73ab44c645a95f3dc8acc50dd3,0,never had code,other,,,0.000
0xf4883b21724405b19e240f3309a64d16dd89adc7,179319,2015-09-03 10:18,0xee291517c6290faf94dee71647c27b9737b2a2d2,transaction,0xec45d901e4001c8a3523f839c63ba7007a0fb977bb602b3b06eb799c8e58543b,0,never had code,other,,,0.000
0x84cb2fd6f7b123acc0762ba4a8e1e3987cba125d,179323,2015-09-03 10:22,0x8266c4a0e9301661f19c936b7bd16c0dfa37c6e6,transaction,0x14de984b0a112a568d56e1ae7e5191e2fe53e02c844aa17811a3648ee96b32a9,713,exists,other,,,0.000
0x6e557f01c9dcb573b03909c9a5b3528aec263472,179344,2015-09-03 10:29,0xee291517c6290faf94dee71647c27b9737b2a2d2,transaction,0x71135be619f54499fefdcd62854da329f8bb0592575be9b2b0eabea1e23aa4c6,0,never had code,other,,,0.000
0x4c11ac51264a7e9e3c0a3e76d4f8228bba35c61b,179433,2015-09-03 11:07,0x8266c4a0e9301661f19c936b7bd16c0dfa37c6e6,transaction,0x976a412a66d4d57fab21abe503370791ec476731f19f11a3bf22f466374e031d,711,exists,other,,,0.000
0x964ce92fcb688947eedabffb3d37a9ce6233879e,179566,2015-09-03 12:04,0xcf684dfb8304729355b58315e8019b1aa2ad1bac,transaction,0xac632cc1452b0fb32a49491e9be07b5870f332097875924e5e1ad37f1b3eb282,1112,self-destructed,other,,getWhatHappened(),
0x7d4772bfc3621b93643c00ad346dbaab6dd142fb,179608,2015-09-03 12:20,0xcf684dfb8304729355b58315e8019b1aa2ad1bac,transaction,0x38177250db2c06e3a6ceccab20a2ea29f8961979e6759ee817939695a4146203,1229,self-destructed,other,,getWhatHappened(),
0x7f1a3ab885027a5a2d6a2925b083687ddb077447,179692,2015-09-03 12:49,0xcf684dfb8304729355b58315e8019b1aa2ad1bac,transaction,0x6302b70a566534896aa38151e91eb91ffa7eb0f6a5a72ca1b2c1700dfb2ae938,1229,self-destructed,other,,getWhatHappened(),
0x57871303a7d630636a8e84802b6e562e557d7060,180125,2015-09-03 16:13,0xee291517c6290faf94dee71647c27b9737b2a2d2,transaction,0x2b4b89f86c2e940b9a68375b43d6e7109eb1db7a1f8dd7f46550f128c1a0d890,687,exists,other,,,0.000
0x4d0cd1277c4d5438b12f90cd94c1808ec64e6577,180151,2015-09-03 16:24,0xee291517c6290faf94dee71647c27b9737b2a2d2,transaction,0x7fc07b57d9a8bfe851dbd3754495cd4f7671f1a9053fe3029103b932c6cde5ed,779,exists,other,,,0.000
0x346c412dd0b7417760e7b73cceef6ffa8e418c40,180348,2015-09-03 18:01,0xc876c021ece519a8cb7d3d1b8eea2d1cee9929ba,transaction,0xabc180d0c790519ed5c46324ede9a6950247f29f3d72ed95a017dcc9399a1d80,9010,exists,other,,,0.032
0xeabd48a259b52d1a5d2a86017c45b16e17eeadde,180376,2015-09-03 18:14,0xcf684dfb8304729355b58315e8019b1aa2ad1bac,transaction,0x9b085dcfc9da1571da7b7a9bf91cb0668e69b13f124058aeeb219d02b77b80d7,2321,self-destructed,other,,,
0x76517f4644c43781b1fb102a936136e91fe0ee4c,180383,2015-09-03 18:15,0x7931c90100285910556fd3c6406942995930ad34,transaction,0x5c115e13305cad70831ee59c3c91427e51b23a07ef767ad8fb32217434176dc9,2012,self-destructed,other,,,0.027
0x2208ba315d4f91b4a1decc678a20f448c220fd01,180407,2015-09-03 18:22,0xcf684dfb8304729355b58315e8019b1aa2ad1bac,transaction,0x4f0bfbad72f50c4364afb88d72d0a4339308ccc0d7782e79c60b117b34342d96,2331,self-destructed,other,,,
0x6f0b707c85138f6e689d6fb1e0db6ca7218fdf0d,180417,2015-09-03 18:26,0xcf684dfb8304729355b58315e8019b1aa2ad1bac,transaction,0x0be1f8759aac713bb9a3349beaab9e92a4f73130622378719c3afb97a7001da4,2339,self-destructed,other,,,
0x069fef0ee704c8785252e8331d942890a7ca3a47,180580,2015-09-03 19:33,0x50b8f981ce93fd5b81b844409169148428400bf3,transaction,0x41eee507d27f2c3f3d91face429ae077ee7768be4fd62136a5b8c4de81f98240,279,exists,other,,,0.038
0xae365ff4b0c64413baf6f7dfdb5cd3fb65ad1376,180612,2015-09-03 19:43,0x7931c90100285910556fd3c6406942995930ad34,transaction,0x13f06054762857741614d3055b88e364c6f88e4b55d1eab23c8bbaeebdeb9f33,0,never had code,other,,,0.000
0x9a6f30a5cb46840076edd780da2dbb4bc7c39f24,180661,2015-09-03 20:06,0x7931c90100285910556fd3c6406942995930ad34,transaction,0x4a22bc0473b3e49eeba2e115bb5b928e0c148cda6f3fd4200b859155b4c0395f,0,never had code,other,,,0.000
0x21a7fd9228c46ec72f926978f791fc8bfcd277fa,180665,2015-09-03 20:08,0x7931c90100285910556fd3c6406942995930ad34,transaction,0x809ff8a366cd00c7c154414c45b5969eb61e2c65638732cde9f521784479167f,0,never had code,other,,,0.000
0x79ae16ae527b5c66c83c88aa4d43066561a7785f,180826,2015-09-03 21:12,0x7931c90100285910556fd3c6406942995930ad34,transaction,0x22a9888b353dd8c78a6f4aa6d3d5e2b819687bbdfaa8a8c9b66ea6619653c201,3499,exists,other,,,0.022
0x770b4fa55da3d942b81e88e86cc8278a524726ce,180977,2015-09-03 22:12,0x50b8f981ce93fd5b81b844409169148428400bf3,transaction,0xb0a5ef3c555fb599b5b0b943c15814ef9d09098683f7d89a6b962e4fda402f69,522,exists,other,,,0.036
0xf96731c223f731a76dcd9d24d0201083b4562fc2,182844,2015-09-04 08:48,0x65c13da4feb34aee002678a0b44835ed43142bdc,transaction,0x189989410d75a7c50b183165b8a2da6b67c214ef219f8e358ff918b711cf0c6c,495,exists,other,,,0.005
0x6c9d0afd822c324aa0b0256e9d0879e7fb0dcec3,183018,2015-09-04 09:43,0x8266c4a0e9301661f19c936b7bd16c0dfa37c6e6,transaction,0xbd088717506a4ad49d1ecb7d995071946d6b9923cb3a67af8d09e73a24438657,731,exists,other,,,0.000
0x5e67df9864b113b59a39fd19840772f41366dc4e,183056,2015-09-04 09:56,0x8266c4a0e9301661f19c936b7bd16c0dfa37c6e6,transaction,0x7eb090480bfe1828d189f9ba821dece900fe40f548d6b83b7769726a95aa5d0a,746,exists,other,,,0.000
0xdaa9f1f15829f053b3c1ab25cafdcadbcbfd23fc,183320,2015-09-04 11:30,0xee291517c6290faf94dee71647c27b9737b2a2d2,transaction,0x563821d12b70340b24a807a4becaf0f255ab2534e08947c3e8910fd5601c14de,1107,exists,other,,,0.029
0x5f6277b38e69b143b578d38c1504f0583dc1f974,183388,2015-09-04 11:53,0xee291517c6290faf94dee71647c27b9737b2a2d2,transaction,0xbf092022cb612d52739ae0d7be3c7fe2d31449733b3edbe54d9638758b3af6fe,1107,exists,other,,,0.029
0xfc2321dc32c2e6e96a0e41c911fb73a7b278d5c8,183400,2015-09-04 11:58,0xee291517c6290faf94dee71647c27b9737b2a2d2,transaction,0x757b9ff348ba7382b9de4b196f2f70f3e93ce283d9566bbd94b2f53c631405ba,0,never had code,other,,,0.000
0x9c150e7b10b85441301dd04cfd1fbc887331086f,183440,2015-09-04 12:09,0xff665f7d3ea1efcfd21de31ce00bc52c5cbe5575,transaction,0x90971aac0cdaea9962811e93433396cfd300fc407e11bf3b10f75a234c1363f5,476,self-destructed,other,,,0.097
0xa795f0010ec509f8418b2abad36d86a1acca0666,183461,2015-09-04 12:16,0xee291517c6290faf94dee71647c27b9737b2a2d2,transaction,0xe20902343c33adb5daa3395e975ea376b319aec80d4513671c9a977abc517c61,1107,exists,other,,,0.029
0x0bcb061744b4b69d43e320b661304eaab67a6c80,183476,2015-09-04 12:21,0xff665f7d3ea1efcfd21de31ce00bc52c5cbe5575,transaction,0x0639ec5759c23d04130f6830089ff67ee841245dc38d6924e1fb30b265a498df,495,exists,other,,,0.005
0xba751783712932f1909bbdb38cb9e8163f3385a0,183491,2015-09-04 12:25,0xee291517c6290faf94dee71647c27b9737b2a2d2,transaction,0x9ebc30825ce276b1e64b9541031e31097b9752df0465d7f41e15ad421c96be5e,1107,exists,other,,,0.029
0x4fe96a1a58bfac9e921ad6f1b3f322ec5c754a3c,183551,2015-09-04 12:41,0xee291517c6290faf94dee71647c27b9737b2a2d2,transaction,0x4b6b77b2a08c4b4d12f60cd5c9fd31ac667bf7f4d4b0160ef73fcebd5ea01357,1115,exists,other,,,0.000
0x8d9bba001b58ef0d7c27254de9fcc11631d771b5,183575,2015-09-04 12:49,0xee291517c6290faf94dee71647c27b9737b2a2d2,transaction,0x6abb0968bcdd0f6ac37ea83772095df337b2a5141f1481179a2b395308592ec6,866,exists,other,,,0.030
0x1cf36ad3f4d39ecbe8c0a1e73fad2556ee7785ce,183595,2015-09-04 12:54,0xc876c021ece519a8cb7d3d1b8eea2d1cee9929ba,transaction,0x50adbda646dd917a22bad374c28af5168a80aa5e988afa234783adbcc5adeb57,9010,exists,other,,,0.032
0x72214690b4e5afb770e81634c719d3f76da94186,183614,2015-09-04 13:03,0xee291517c6290faf94dee71647c27b9737b2a2d2,transaction,0x7fd74b99b3b9375018d4e62aa9d3cdb418e920f1e4a379210dc76d1adf8aa921,1010,exists,other,,,0.030
0x158da7084641f6bb8fe652ca2c9eb53d8b490d31,183642,2015-09-04 13:12,0xc876c021ece519a8cb7d3d1b8eea2d1cee9929ba,transaction,0xc602adf0041f22cb78cae5157923c72ea1cfc22e769835dfc77ae96d290db9c8,9119,exists,other,,,0.032
0xbc93b34206723f3f3bda5959be1f84b5b558702a,183658,2015-09-04 13:16,0xee291517c6290faf94dee71647c27b9737b2a2d2,transaction,0x4dc0e00a7576023645764577f8a48f659675fc7c4b6c135641124e189f9a1065,1058,exists,other,,,0.029
0x290b6d063a2cf54dde4f5a0d192819e32c15257f,183672,2015-09-04 13:21,0xee291517c6290faf94dee71647c27b9737b2a2d2,transaction,0xc8967323eac9946a29dc6fa0fc695afdeac85a77e59650c18422c92acfb6fa03,1057,exists,other,,,0.029
0x2f743acc442dc811fa7793e3c587f5c276e47a48,183686,2015-09-04 13:28,0xee291517c6290faf94dee71647c27b9737b2a2d2,transaction,0x94cbb0ffecd2ee3671b4bf50c8de5869668ccab09413e5ea0e15dde3d935d691,1056,exists,other,,,0.029
0x46e1e72a2a9d0f724adc17dc6b2e1cf1f8c3d86f,183686,2015-09-04 13:28,0xee291517c6290faf94dee71647c27b9737b2a2d2,transaction,0xef98bb4402ad5f8304148f892b49cb1f95787c80fe96d13197e0d51c9d8fc720,1056,exists,other,,,0.029
0xb0ee529496ba2b10ece6ac68704c7913df929cb5,183718,2015-09-04 13:37,0x02e9ec8393a0e59681808ac5c82d1088afc36fae,transaction,0x82fb4f8d6f3578f004b275ac5202a76114ed0dc3aa0f1b420c589e3583ce8556,476,exists,other,,,0.097
0x05bcb5acc51a5f84c9e433892ed6169ad79bf31b,183807,2015-09-04 14:08,0x02e9ec8393a0e59681808ac5c82d1088afc36fae,transaction,0x0759fc1b94e2b979e68c7696d8c27aee2c3a159bf127f048e798d515c82f27bf,476,self-destructed,other,,,0.097
0xb278e4cb20dfbf97e78f27001f6b15288302f4d7,183984,2015-09-04 15:07,0x8266c4a0e9301661f19c936b7bd16c0dfa37c6e6,transaction,0x33b30d1fa7f7a3b205ac46e847a31097808c88cdb77e9ba36210a342299fca71,764,exists,other,,,0.000
0x302546d85126b7450b83858dad203af57fac1904,184030,2015-09-04 15:20,0xc876c021ece519a8cb7d3d1b8eea2d1cee9929ba,transaction,0x5cb35111a4a3ec9bc21067627f2dad31b555fbc35a8dc96850babb273e5b3407,352,exists,other,,,0.125
0x3eababa295ed709390721c90863f0562cd451444,184048,2015-09-04 15:25,0xc876c021ece519a8cb7d3d1b8eea2d1cee9929ba,transaction,0xf059156718dc600f0235bb901deff92591a4bc019b302b46e638faa11593d2fe,352,exists,other,,,0.125
0xd0a8eed73eeb49b06274466046aea5a027c0b7ca,184235,2015-09-04 16:22,0x092a5172f796d4c3cd0e03520134317fc25b74f6,transaction,0x88be07e0dd184dedde8cc7712fcdcd3bd48939082cee7abfb3e4128b06d4911b,476,self-destructed,other,,,0.097
0xc81d7e0edb4de48a92ce116ae6f3328bcccbefdf,184277,2015-09-04 16:34,0x092a5172f796d4c3cd0e03520134317fc25b74f6,transaction,0xcea9d4b3a7bf4bc9e99a9499e1f575cf8e0e43964b268e826af7f7d8f2064600,476,self-destructed,other,,,0.097
0x718ed7246065935961744c3585b1d8a7e94481a0,184309,2015-09-04 16:45,0xee291517c6290faf94dee71647c27b9737b2a2d2,transaction,0xebaa481efafe5b509b80aada55bf9cd5565b4919f0077576c796321b57a1797c,202,exists,other,,,0.000
0x2cf88705aef4b55c8d8f45c1ed74918d640921b7,184474,2015-09-04 17:33,0xee291517c6290faf94dee71647c27b9737b2a2d2,transaction,0x78ba22917abb61a42aec4598a87b56c31c74ba29976506fb32ce58f46ebdfd9c,414,exists,other,,,0.034
0xa906ed7cb8b64dc120e0e7f749286690988795ad,184582,2015-09-04 18:13,0x092a5172f796d4c3cd0e03520134317fc25b74f6,transaction,0x402fa9c4fc10bb0d26ab34a176f4ccc15d407f582200db4fd3a7c4a17cc18248,476,exists,other,,,0.097
0x5b2b7ea1389647cae6c2b4be229ba6385fa3268b,184604,2015-09-04 18:19,0x092a5172f796d4c3cd0e03520134317fc25b74f6,transaction,0x53534b985c6ee12d323cf717433b4eb6b879523689b8749a372fd5d008cdb31b,476,self-destructed,other,,,0.097
0x0d3dc970c9e4cd72e5f5a3d19d67fe85918907f2,184679,2015-09-04 18:45,0xee291517c6290faf94dee71647c27b9737b2a2d2,transaction,0x9c69c23a811de5fd5ff952de97b589adfa1d724b79e75bfbeedee59f9fe2071b,410,exists,other,,,0.034
0xd32c0deca7f32e44deb6d6512e09985b669bb09b,184798,2015-09-04 19:18,0xee291517c6290faf94dee71647c27b9737b2a2d2,transaction,0x5024988c931cd622b8b5418c9ca81a0bf9772df6b65015cd2c0c5772b325ec38,473,exists,other,,,0.033
0x06e82cfd310c67fcd845b0c5450555f2de1c1d64,184847,2015-09-04 19:34,0xee291517c6290faf94dee71647c27b9737b2a2d2,transaction,0xd62dc0136f0012dd410289324955ad8fcdcf6aa0b010466ba8370e91d33ad7e5,574,exists,other,,,0.032
0xb0fe6d91e7c23d61ba8c5f89db96e9c5efb65392,184854,2015-09-04 19:37,0xc876c021ece519a8cb7d3d1b8eea2d1cee9929ba,transaction,0x218d03504663ccdffda067e94de61bf7108a5003392f78675ace23078e043143,9107,exists,other,,,0.032
0x2e714572882c45be2c77eba0e052216a943f0bf6,184865,2015-09-04 19:41,0xee291517c6290faf94dee71647c27b9737b2a2d2,transaction,0x55eec918cf4e8ee76ebecc71cea0552c626fde6331f4e9c4a834834ed098513d,534,exists,other,,,0.032
0x8dbbb1b4c182cd4e1a969a121e33782a094dc38a,184919,2015-09-04 19:58,0xc876c021ece519a8cb7d3d1b8eea2d1cee9929ba,transaction,0x23e81229fd252e7af0169f674772b9ea4b2ebfbebfbcf1fdcd5ba14d5a0ecfe4,352,exists,other,,,0.125
0xb632ff6510807d661184d179699760519c6450c9,184957,2015-09-04 20:07,0xc876c021ece519a8cb7d3d1b8eea2d1cee9929ba,transaction,0xb2c7db00e90b1b7ea66d30a8cc48b9916a31a5dcc19d93182edb954728b3f21b,9107,exists,other,,,0.032
0x55cc28470d8f6594d60e381cb0ec027508fc6acd,184986,2015-09-04 20:17,0xee291517c6290faf94dee71647c27b9737b2a2d2,transaction,0x920a766ac4d649aa06a3d8f4e37efa928d8056acb6301b0530640114c23763f7,352,exists,other,,,0.125
0x220c9e1d2a08df77d8174500143f06fc145a4c37,185124,2015-09-04 20:59,0xc876c021ece519a8cb7d3d1b8eea2d1cee9929ba,transaction,0xd1cfe631a644e3cc183ec5ff13efeda42c8c939f099c0bd066ac02677edc7cba,9107,exists,other,,,0.032
0x4f87915ac802a86cd3a6ae5d8d6f8de242ef366f,185494,2015-09-04 22:47,0xcf684dfb8304729355b58315e8019b1aa2ad1bac,transaction,0xb33c964a202ad81b7dded073ed9ca10f48912140f01bb251bee8a413df0f0bed,388,self-destructed,other,,,
0x83e61a143f7b9e281948ce53f4c46c7124ec9dab,185514,2015-09-04 22:53,0xcf684dfb8304729355b58315e8019b1aa2ad1bac,transaction,0x98102d06a9f10f9dcec7dd159d445bd6091aeb0d938a814023e99aa364ab4440,463,self-destructed,other,,,
0x0d9a829c4c5dcc1f43fa1eddd15c69f0f82c0975,186423,2015-09-05 03:23,0x092a5172f796d4c3cd0e03520134317fc25b74f6,transaction,0x0a8ffbcd09db37d0897a102d71fea9e2801b9f3a97ee3a0e973968f775479f58,476,self-destructed,other,,,0.097
0x1e6fe309757a68497de95a6cdab524f94266c214,186501,2015-09-05 03:43,0x092a5172f796d4c3cd0e03520134317fc25b74f6,transaction,0x35d6276ad201279aa150c1876d9b328d0897685da369b63d3a82ab52cce580bc,2012,exists,other,,,0.027
0xc86d02dc84d61c1027b68667840013d4c7192398,186829,2015-09-05 05:25,0x8e42719e1ebb3b3b5d79934b17f03a3db784a6a2,transaction,0x9c2ac00d1d7718e40499a2664803e238e3c42d350e1223af9754d649ac662eed,476,exists,other,,,0.097
0x522f6d501068715ad767175c1e68e7cdbf40ede8,187041,2015-09-05 06:30,0xee291517c6290faf94dee71647c27b9737b2a2d2,transaction,0x28aac4f04fe91fea2070e86084df64acf2f5022544340b2c843dcf94d2a1fecc,534,exists,other,,,0.032
0x8c953fbd2da5057f44c8b0732e476d0276984534,187161,2015-09-05 07:06,0xee291517c6290faf94dee71647c27b9737b2a2d2,transaction,0x60a5408eced8b4003b2ae3e1aa07e55b558448c3bafd86a4ca6fec6414e2de2e,541,exists,other,,,0.032
0x76000fbd94a3052d8aa55eab089f0a06350bae2e,187172,2015-09-05 07:11,0xee291517c6290faf94dee71647c27b9737b2a2d2,transaction,0x2902b0c973328e0bf5502705bc6edc6a9321b5227173abf5c37edeede5964f1c,532,exists,other,,,0.032
0x02d8b181ebd7dd5e7fe69cf101dcfb7d26322115,187222,2015-09-05 07:26,0xee291517c6290faf94dee71647c27b9737b2a2d2,transaction,0x2b0accbbc6ccc33bf47f4552911bae78e5ba0498503497a63c5787b72388d445,541,exists,other,,,0.032
0xdb2bfd1cd15f8a12795788753c4aa634cc4ec22d,187233,2015-09-05 07:30,0xee291517c6290faf94dee71647c27b9737b2a2d2,transaction,0x28968421de6dbfff2a7a6ae29d71d0f7010d9696d7d8c583546d0cee4846d327,534,exists,other,,,0.032
0x8a01fc72e614ea9d1ad1e2290bae979313203a2b,187281,2015-09-05 07:41,0xee291517c6290faf94dee71647c27b9737b2a2d2,transaction,0x7afd3f1e1c845b965d0ab73f8c1a3a6aebc3bf213c0d53c6ca5b845d15290d16,552,exists,other,,,0.032
0x1d64283b440e957eec33d78652889384b7fcc0f6,187283,2015-09-05 07:41,0xee291517c6290faf94dee71647c27b9737b2a2d2,transaction,0xa1df49bbdf3ffe35541a1c8218bcd0e59df25fd4537a0ddebc5f4474ca7a73af,552,exists,other,,,0.032
0x1f54b4dc74f51834ddf8a8a62e5e38d7fe07a6d6,187310,2015-09-05 07:48,0xee291517c6290faf94dee71647c27b9737b2a2d2,transaction,0x4ec6152247cf27000e553c7db543768f196bcb72e6f4e4eff5b0728147127297,541,exists,other,,,0.032
0x477b7b07736bc87ad25e678a324829154118b770,187350,2015-09-05 07:59,0xee291517c6290faf94dee71647c27b9737b2a2d2,transaction,0x795b152f0431fa75900a056da6381a5529d3bd43d92eae6a272bad723ab60e7a,532,exists,other,,,0.032
0xc2f63d90a30c451514863c58b92f923070cea723,187503,2015-09-05 08:45,0xdfea98c36ccce9785dafd1932e128d53621da69b,transaction,0x1b116fc5c9943c89ba033386305b983d617af11d40730e048c523bfb2f8662a6,92,exists,other,,,0.000
0xc2db5c86a2aa045c49df5fcd1a30aa617b2e62d0,187584,2015-09-05 09:09,0x81bf04fab4b5e3b80865eb356308ca9bd5640b89,transaction,0xa8ca10ad0f90e2667c3b3b5be635dfeea4e9cf2931f57fd8b962795187c9cf5d,316,self-destructed,other,,,0.018
0x259b8aa06690f62e464745bf69cc12cafeafde4e,187751,2015-09-05 09:59,0xee291517c6290faf94dee71647c27b9737b2a2d2,transaction,0xb3b6706ba45c98b014bcb7a0ed85cfd191aa03c432a0a94e1ce922755db3fe27,524,exists,other,,,0.032
0x32b17a86187cb4d04d24ce0acec568bcc165b952,187796,2015-09-05 10:15,0xee291517c6290faf94dee71647c27b9737b2a2d2,transaction,0x7561a071c4442e20912959522947335b4ee85cd93378671e4d4ede810968fc4a,539,exists,other,,,0.032
0xff0a6813790e377460cef6462b2a18ce73c85de9,187824,2015-09-05 10:23,0xee291517c6290faf94dee71647c27b9737b2a2d2,transaction,0xd41b6ee9e334c53a28009add67ed97e1cca2488c45c7204e8977f9465245871b,532,exists,other,,,0.032
0xfd7e059e1cd8ca08410e8c787289efc267b25e42,187868,2015-09-05 10:37,0xee291517c6290faf94dee71647c27b9737b2a2d2,transaction,0x7a2ddb78826ac4543037dfa5441d2f93062ee5132570f65f3d2d4db5b1eccfcc,471,exists,other,,,0.033
0xc0e0cc2e138ac8245ba581d3eccc0e4d8be5e84d,188111,2015-09-05 11:50,0x7931c90100285910556fd3c6406942995930ad34,transaction,0x440b904900abb559a60d6d0fc5e7a9c5b4a930228f558e8343a24a1b2d438b58,106,exists,other,,,0.000
0x520f23addb0d33b05ca294a22402cce71f8b0f9e,188177,2015-09-05 12:08,0x7931c90100285910556fd3c6406942995930ad34,transaction,0xefd6636094ce08882d14707be4a707522547d2dccac40a16c2f949be43dcf031,0,never had code,other,,,0.000
0xc7585b4ea1829e346cea1e011d92cab56984d9c3,188217,2015-09-05 12:20,0xcf684dfb8304729355b58315e8019b1aa2ad1bac,transaction,0xf6b729df6dd2e2fe9b228e8cfcd151729c91e7bf9a0862f1a7cbef5afcc17cea,463,self-destructed,other,,,
0x73c46bdd1f1988d0724c88c9cf7fa7a426aa22db,188229,2015-09-05 12:23,0xcf684dfb8304729355b58315e8019b1aa2ad1bac,transaction,0x1fffe825d94b12216c51556690f77f1888e36d90bcb16fd3af7e3eb998d689f9,581,self-destructed,other,,,
0x73a1f27d7179ff28251dd87373b61218c7e3cb0a,188264,2015-09-05 12:33,0xcf684dfb8304729355b58315e8019b1aa2ad1bac,transaction,0x7a7363fd4d1b729615de5197db0b3f37969c735e85cf0b295b1dce1d758b14a7,454,self-destructed,other,,,
0x30cf5d8cc5f34b1801fbc9d24ca0fe515ce91f5d,188274,2015-09-05 12:36,0xcf684dfb8304729355b58315e8019b1aa2ad1bac,transaction,0x2a82a21112591504e5a3d87d67eefdbbd125ec600ed39d7bffd6af3b967b82a6,581,self-destructed,other,,,
0xe64f13296c3a5604785123f272a296aae1cc4bbf,188292,2015-09-05 12:41,0xcf684dfb8304729355b58315e8019b1aa2ad1bac,transaction,0x596ff4d0e181a88d7adc2c2ed36c19746e2036ff8b9863944d11396873ac831f,454,self-destructed,other,,,
0x80ff501513cf3b4de81c7c342fff4171627dd2e7,188300,2015-09-05 12:43,0xcf684dfb8304729355b58315e8019b1aa2ad1bac,transaction,0xf696655ea762f724d53a4727eaebcea28396f40eb1fcf9e1c9a445494e49690a,777,self-destructed,other,,,
0x33528cb8ba786a58e5b72d94c0287395bd17320c,188801,2015-09-05 14:59,0x7931c90100285910556fd3c6406942995930ad34,transaction,0x8d63c6f0618fe3dec89c20a5caa50a610b7027b1481b2738a2a5e0752c554bc9,144,exists,other,,,0.000
0xa0605c57d1881d1baafdd01755e0e51d1176e10f,188821,2015-09-05 15:04,0xee291517c6290faf94dee71647c27b9737b2a2d2,transaction,0xf20c709215ecf0efb1176b8c378859c552474358e32b638a700faba93ac1c8d8,528,exists,other,,,0.033
0x0ad9065baea5b95257c91a0406c28f5c520a947f,188864,2015-09-05 15:15,0xee291517c6290faf94dee71647c27b9737b2a2d2,transaction,0x566a5b0fa54808aea96e9551ccbaf2c0e2de0dfaa1affac2071a1636bbfe2593,531,exists,other,,,0.033
0xc57e0801aee526cddf9ad4302c54cc2d23cf6b09,189289,2015-09-05 17:21,0xcf684dfb8304729355b58315e8019b1aa2ad1bac,transaction,0x6d7bf6d0faa13270c5f68d637ccbac271ece88b1bcb17471187204d12fd51395,454,self-destructed,other,,,
0x7f8d00782543a7d063f60a0279db3cdd89d70f41,189293,2015-09-05 17:23,0xcf684dfb8304729355b58315e8019b1aa2ad1bac,transaction,0x5633b0c5806e71b8c79f453302cfe96156c58dfa2c7e9479fdb4ce81edb277b1,777,self-destructed,other,,,
0x34fe101a03b6889ce2091e36b22783139ca79ad8,189323,2015-09-05 17:34,0xcf684dfb8304729355b58315e8019b1aa2ad1bac,transaction,0xe767078304298d01b26f3249c5c3b01660c8b7857f7099b854426c877917dd70,685,self-destructed,other,,,
0xd2478e5343184252e08ddd89a4b2581a8d543d24,189327,2015-09-05 17:35,0xcf684dfb8304729355b58315e8019b1aa2ad1bac,transaction,0xdf486a42d298aaa8bb9da73ea05540f67c306497382caafcf9dfb7da09ff2ba0,958,self-destructed,other,,,
0x3718ab1ea9d43be91d1aff6d1b315df7ec775475,189343,2015-09-05 17:38,0xcf684dfb8304729355b58315e8019b1aa2ad1bac,transaction,0x7cd155780ba688973f76de8058c235d9a0abd0b06f10e1b87439926e529062e8,685,self-destructed,other,,,
0xac5ab2acf226f33702b6b5023b714b17172996dd,189346,2015-09-05 17:39,0xcf684dfb8304729355b58315e8019b1aa2ad1bac,transaction,0x223c7209abec439bed88769b51bc0738ebd2aca4ee972738ee5933d90e3e23ce,958,self-destructed,other,,,
0x144f881324301f0c8356ae33c9aa223c3facea1e,189359,2015-09-05 17:44,0xcf684dfb8304729355b58315e8019b1aa2ad1bac,transaction,0x051f0f3baf6b7984b6d261ad6b37543d178a8303321986e6117608ecf683c960,685,self-destructed,other,,,
0x657849c4d05f9f901ef5f0c59bbd0ba1d071a047,189361,2015-09-05 17:45,0xcf684dfb8304729355b58315e8019b1aa2ad1bac,transaction,0x552578d82039336c00fe1abf9121f3931febaf77cfd3ebe32c11361180c9f681,958,self-destructed,other,,,
0x09c7f78617a6f4bd2a88082a42a8972fa39e39c8,189442,2015-09-05 18:10,0xcf684dfb8304729355b58315e8019b1aa2ad1bac,transaction,0xaad3e5b7c1724c927cf7eef42908cebfae5e6750d9305488c5270c1be6eb1f76,463,self-destructed,other,,,
0xa8652e7eef0893cc79052861cb321efa686ecd6b,189445,2015-09-05 18:12,0xcf684dfb8304729355b58315e8019b1aa2ad1bac,transaction,0xe40daf6745d90274cb312578930c01aa368495b567c057c0e7d9c3b6c46936ac,0,never had code,other,,,
0x2dd7fd1bab3ee8d42c93978bafb8d9067ddc3fb9,189458,2015-09-05 18:17,0xcf684dfb8304729355b58315e8019b1aa2ad1bac,transaction,0x7b0391be9ba3e4ad098a0666e20f372fe535a4e4a0ade71da6772976b484b911,958,self-destructed,other,,,
0xe1261b9996c5582a4352065aa269d40e74a91927,189469,2015-09-05 18:19,0xcf684dfb8304729355b58315e8019b1aa2ad1bac,transaction,0x6916de23b1f0658fddeda8edf47a2c55c855f7de2ed521c9ca51987d94d20eda,685,self-destructed,other,,,
0x34c9ebe6876f69365d4299d538eb986283a6d15a,189473,2015-09-05 18:20,0xcf684dfb8304729355b58315e8019b1aa2ad1bac,transaction,0x9a0bc55b54184bd85550cfada02e979a6a9471732d9869cfc5659570a38d6c34,958,self-destructed,other,,,
0x28186154ab56537841efc6dc560236d625ca3622,189482,2015-09-05 18:22,0xee291517c6290faf94dee71647c27b9737b2a2d2,transaction,0x9f9b53fe06de254717877765f455f7b8cf87ca9d52f2666b1b1f09e79a423db9,471,exists,other,,,0.033
0xf45b06251cbe5f7ade4dd1291d5be1d58d5e0716,189553,2015-09-05 18:39,0x7931c90100285910556fd3c6406942995930ad34,transaction,0xf24f8cfdf7ef8a3c77a4696a6425aaeb686b3f2bd53748db37776c519674e717,1528,exists,other,,,0.044
0x9c7fb30f3a5b0ab3449a544884c9104f7cc632cc,189626,2015-09-05 19:01,0xfd2605a2bf58fdbb90db1da55df61628b47f9e8c,transaction,0x0fdb9ee50642c00480e7045c7d942ac45fe2497dcc1c36c6f917505b2efd709b,463,exists,other,,,0.034
0x3edf0e258950da8acab406bed641e8c6a9609e09,189789,2015-09-05 19:50,0xee291517c6290faf94dee71647c27b9737b2a2d2,transaction,0xc19ecc83963f3514c0964c09a77857c301185f8eb0b83a1b5fcb79ff67c5c577,528,exists,other,,,0.033
0x3d538f7268e0bab0ef9469eb82097f9a5bd7d91d,190512,2015-09-05 23:13,0x092a5172f796d4c3cd0e03520134317fc25b74f6,transaction,0x7803f9d6b1e42c6bd5e3a449e3aa8e6622b771f6bdb91b5453834b01d47dd822,476,self-destructed,other,,,0.097
0x055c62e218a91389a9a81c5773d55f5022d2f7d7,190605,2015-09-05 23:41,0x092a5172f796d4c3cd0e03520134317fc25b74f6,transaction,0xa34191b0a67743fcb5ba158436998b1b6f207a0275e8e49bd40f58435307a79e,2012,exists,other,,,0.027
0x6f156dbf8ed30e53f7c9df73144e69f65cbb7e94,192809,2015-09-06 10:28,0xee291517c6290faf94dee71647c27b9737b2a2d2,transaction,0x4a2e04b3af7f247857ade6dd895ddee37c1a31a7bceeb579b8f1a20b1662d5b0,0,never had code,other,,,0.000
0x6dc92085e06aa4fecacfb022313f54f635441b7e,192829,2015-09-06 10:35,0xee291517c6290faf94dee71647c27b9737b2a2d2,transaction,0x691682c123de5bc0aafc3247cd5dababbe83dac8cb4bc040ae80d109412c5ccd,643,exists,other,,,0.032
0xafed14dabd2abd98744842deda6b52977c22de5a,192862,2015-09-06 10:47,0xee291517c6290faf94dee71647c27b9737b2a2d2,transaction,0x28854642d0f4d5c6258bfd9a3abd6f2bfca281e971bd97c66a62d10b7f452f52,713,exists,other,,,0.038
0xf1256138ad2bee3e57fc191d47940a4a370106b2,192889,2015-09-06 10:53,0xee291517c6290faf94dee71647c27b9737b2a2d2,transaction,0x4826fdbdc9efa60fba507c5c16f208e42d989b1a1af36138acf91a0ccf952669,640,exists,other,,,0.038
0x1d34c1e0da1d8ff515e9b1662423597dfc89d9a2,192951,2015-09-06 11:10,0xee291517c6290faf94dee71647c27b9737b2a2d2,transaction,0x88a7bd40c2273aa3f35bba0c2b74eb5ffb5b72fdd19bb929775f12151d314966,708,exists,other,,,0.038
0x2f7dc533a6adc8407db2e434b9a0f6e4b6f99d68,192967,2015-09-06 11:15,0xee291517c6290faf94dee71647c27b9737b2a2d2,transaction,0x75ceb93ed2990b195cf7333a22b5c87bf1d1d2ed660caca1f9e24f1670663a09,715,exists,other,,,0.038
0x3da7dbfbfd4fe6c9cccb2203610ce4ac52d445cd,192999,2015-09-06 11:23,0xee291517c6290faf94dee71647c27b9737b2a2d2,transaction,0xcc8f5b8ececadd76345b1661074d7432542969f57a9c43beab0245d84f1a67ca,717,exists,other,,,0.038
0x6e3a6405274a4d68d3deb64fac614fb252af7aca,193034,2015-09-06 11:34,0xee291517c6290faf94dee71647c27b9737b2a2d2,transaction,0xa5cfb3ac89f6840e3ae530982155d0275560167988a0419e9f23f29963884834,861,exists,other,,,0.037
0x361d7a60b43587c7f6bba4f9fd9642747f65210a,193439,2015-09-06 13:33,0xee291517c6290faf94dee71647c27b9737b2a2d2,transaction,0xdc90c61b981d87090ad347fb11a5bf108dbc2e3ac9fd69e1d60126f3f1542c9a,0,never had code,other,,,0.000
0xd1c4bd2b583f445354d1b644ea4b8353f2d23048,193470,2015-09-06 13:39,0xee291517c6290faf94dee71647c27b9737b2a2d2,transaction,0x57fa85710dd8b45aab9eb3a96ea0b336f8a2667c79edbee1b65615642833ed6b,0,never had code,other,,,0.000
0x974117faf194885c01513e8d87b38a2291083ed5,193483,2015-09-06 13:43,0xee291517c6290faf94dee71647c27b9737b2a2d2,transaction,0xd60e003c2c81fb5d2f5796de486ce16ef4300eb148a474d9f698497b6d24ccae,0,never had code,other,,,0.000
0xb619f45637c39ca49a41ac64c11637a0a194455e,193494,2015-09-06 13:46,0xee291517c6290faf94dee71647c27b9737b2a2d2,transaction,0xb4c42b9a676b97d5772d9506789e5bcbf1dec94b3d1decc55d563fa616bfc9df,0,never had code,other,,,0.000
0x1d12f2fad3603ea871fcb13ac3e30674f9ad903f,193597,2015-09-06 14:11,0xee291517c6290faf94dee71647c27b9737b2a2d2,transaction,0x3932c8881468172b3a4d256cffe51511120387a12e6fea60d22b25963979b177,0,never had code,other,,,0.000
0x0a4b72f1687a75f9262d2d9f41f059e641706e74,193608,2015-09-06 14:13,0xee291517c6290faf94dee71647c27b9737b2a2d2,transaction,0xc995effcc050d7ad9b96459c32a3188f639546e6d31cc2b1f760182650425bc1,1006,exists,other,,,0.036
0xac4c8d63f596aabe5e6b9916246a598cf2412ec0,193620,2015-09-06 14:16,0xee291517c6290faf94dee71647c27b9737b2a2d2,transaction,0x395af0fb702b01da9deda59a770873eb2e2a90e9dbae2d567c89f0d2132a795e,1017,exists,other,,,0.035
0x0af6181e1db22071f38fc162e1610e29d288de04,193646,2015-09-06 14:23,0xee291517c6290faf94dee71647c27b9737b2a2d2,transaction,0xe19456507a1400d1dd712183ef505c2dac3b589d642ed4fd18758c809b7aa337,0,never had code,other,,,0.000
0x52b30ca3c2f8656e2c022e896bef7fad9a0449ca,193655,2015-09-06 14:27,0xee291517c6290faf94dee71647c27b9737b2a2d2,transaction,0x4a67878fab6c7d8189af03d61d96fdb68d6304a7e61bbf8c55f8b72ed48044b2,0,never had code,other,,,0.000
0x104c5b235166f26df54f52666d5e77d9e03e353e,193667,2015-09-06 14:31,0xee291517c6290faf94dee71647c27b9737b2a2d2,transaction,0x898f387d4e30fb017b8a55b1cc1796e771951e4bc6772b7ae48e6dc13c9c957c,0,never had code,other,,,0.000
0x085c8c430b4b0a04ac52ec01a216ab4bd1feda5f,193680,2015-09-06 14:33,0xee291517c6290faf94dee71647c27b9737b2a2d2,transaction,0x73ca231528b6214e0561599402e2c23862418f54207407df837a92324f1e9948,1006,exists,other,,,0.035
0x4a84cbd3ef642e301aa59bedf4fa4d28e24e6204,194158,2015-09-06 16:53,0xee291517c6290faf94dee71647c27b9737b2a2d2,transaction,0xe8ebb9001d7272baa0514aae30317980a664faadc4a7481bfb6051d8f1eac483,0,never had code,other,,,0.000
0x7073a17a0172dfb1e46a62f054d11a775aeac32e,194177,2015-09-06 16:59,0xee291517c6290faf94dee71647c27b9737b2a2d2,transaction,0xb8b4b825029837371461ff3dcbd32980766024a5270d645573aafd6933d82e66,0,never had code,other,,,0.000
0x370e67f45db9c18d6551000e6c0918bc8d346ebf,194189,2015-09-06 17:03,0xee291517c6290faf94dee71647c27b9737b2a2d2,transaction,0xee5e15d171c186ad68a092a23cd09fcb11086cea9c5fc31df34f522311812b28,0,never had code,other,,,0.000
0xb9c01d0094f30d0e3ec0cbef3e158bac2854b664,194206,2015-09-06 17:08,0xee291517c6290faf94dee71647c27b9737b2a2d2,transaction,0x3a6efb91b24ff2d50445febe1dc770e129cb6b283cea6a459412b7bb21c9395e,1176,exists,other,,,0.034
0x6653cedb0b7f51c4b0c44079eb45c514df24ecfd,194239,2015-09-06 17:19,0xee291517c6290faf94dee71647c27b9737b2a2d2,transaction,0xb3ba91f62de300a008bf20f8479e998ac6943ebe86302b9aa3205e66cd2a0767,0,never had code,other,,,0.000
0xcf62e4adcb135d6aed3bb5e752607d0465c91ffc,194244,2015-09-06 17:21,0xee291517c6290faf94dee71647c27b9737b2a2d2,transaction,0x2b71df12ee174db42072518810716ddfde7e441e25009cb1e097157327890b2b,1178,exists,other,,,0.034
0xf4e1aa70a22148a317d551194cbc7c92d586298f,194439,2015-09-06 18:17,0x8394a052eb6c32fb9defcaabc12fcbd8fea0b8a8,transaction,0x625bd77a52ed41b6cc29e4e58ff479e00b94881998841c0b2091e7111b0b3566,2880,exists,other,,,0.026
0x8278870e806b5ca63633c8ac0139238dcd22a0d6,194442,2015-09-06 18:18,0x8394a052eb6c32fb9defcaabc12fcbd8fea0b8a8,transaction,0xe07ab750714aabafa7bd86b0f0439e60db8cff5842589ee8c20683c4f23b713e,152,exists,other,,,0.000
0x106b47175965b6d607008544267c91490672a54f,194550,2015-09-06 18:55,0xee291517c6290faf94dee71647c27b9737b2a2d2,transaction,0xa2fd26ccb814f5a98c861e5ed00d400c9cd56cc88f80277f49a9f81e03e82d0d,0,never had code,other,,,0.000
0x80ded326a41bca77cef2815982948eecc726669b,194558,2015-09-06 18:59,0xee291517c6290faf94dee71647c27b9737b2a2d2,transaction,0x5a535955b0e5fa02c2223ada4aca2e4d087e4d4af642d0c61996f2f8989c53d0,1245,exists,other,,,0.034
0x13249600c5340ef5f470691aff208dd852bd15bf,195304,2015-09-06 22:25,0xed89ab83319e493de3f0411096e80e9f4b82fd13,transaction,0xb06ce436ed0e847135b252a8b3e21d70e17c282f4e76243aae189b5c1106273e,1808,self-destructed,other,,,0.041
0x9518988c5a871cf6fc743e8eb2be46b46d7fe546,195318,2015-09-06 22:27,0xed89ab83319e493de3f0411096e80e9f4b82fd13,transaction,0x44e5c7bf9e0ab78b886b952aae0a4daa7474a386713583097538d3953212aee2,1808,self-destructed,other,,,0.041
0xd3f4a26a92793c9c5aea64a49e4c17d7fa200e2f,195353,2015-09-06 22:37,0xed89ab83319e493de3f0411096e80e9f4b82fd13,transaction,0x514cb69aa3b041e925155db860ad5f9219f0dfa9e02c339fd3a4cd67018dd085,1808,self-destructed,other,,,0.041
0xd63aa3b2f964bfdc575dcdf6af31e2c60afe58b1,195651,2015-09-07 00:06,0x42dd879f8eb7e9b43036a5b4c97b02c6176d6b99,transaction,0x7e48122ab4655859c266064101c493d29067195f97c561789eda8cbd3cbde1d0,2361,exists,other,,,0.016
0xda3b76d1cbd83b24f0749e248e7f3fde2c9130fa,195699,2015-09-07 00:17,0xdfea98c36ccce9785dafd1932e128d53621da69b,transaction,0x90c77806eaa372bcd324e05060896d68505341584541b677d02a99c72ad41029,0,never had code,other,,,0.000
0x9b3f6a4f19475cb27a0bfcb760943acc617db69c,195703,2015-09-07 00:19,0xdfea98c36ccce9785dafd1932e128d53621da69b,transaction,0xfeab27387045ad5d93ca9a95037b32c703aeb2f344945477e440e6b42f2ff13f,0,never had code,other,,,0.000
0x87735a2938be1b2bfb4e8b8717ea62435182dbb7,195757,2015-09-07 00:32,0xdfea98c36ccce9785dafd1932e128d53621da69b,transaction,0x3f88c1bd46cb74c2fbe02bdca2cfff1df09eca57823bef4f4b8bb1684f7b4a39,0,never had code,other,,,0.000
0xc1c484ee6a952723587726d5a488d72392d08834,195814,2015-09-07 00:49,0xdfea98c36ccce9785dafd1932e128d53621da69b,transaction,0x40dce4477c62f57fcf805d449c5bfbe6afd90dba559634956d8c8a44fef749c7,0,never had code,other,,,0.000
0x19304f7407b7facbb9ea63f69d0dc4f221931064,195860,2015-09-07 01:05,0xdfea98c36ccce9785dafd1932e128d53621da69b,transaction,0x2974e72fd8479f00468fd2c8ab2323d4421cc963a177f7f4985704465529bd9b,0,never had code,other,,,0.000
0xaf4bf1e3d720cd804a093485f545afa241736540,195880,2015-09-07 01:09,0xdfea98c36ccce9785dafd1932e128d53621da69b,transaction,0x7f781e3519f23edfb6f0a808791bdc37a67b66b11c43726134052eb166add3f3,0,never had code,other,,,0.000
0xe38552a552d33a936298bcb3792753a63d1b6490,196427,2015-09-07 03:56,0xee291517c6290faf94dee71647c27b9737b2a2d2,transaction,0x9e32b2b330c9a8a0ec7ed5c243c45459574500a5f8d96dd48e3b8ed478e1adcb,1262,exists,other,,,0.033
0x89e5843c9a3e887a40ca4eea8ee7f077ce8b7470,196601,2015-09-07 04:45,0xe6282e5294d064dd01851808de43b9be32066e72,transaction,0x43115400d5bad948a251fe17994c34b553e9721330786a8ee23f96efffa71047,0,never had code,other,,,0.000
0xc3cfbcffc331b4e154db146a2cea62a15a195bf4,196622,2015-09-07 04:53,0xee291517c6290faf94dee71647c27b9737b2a2d2,transaction,0xeb444af62284a6449d5286c1f2a8d7c79c676b660a160f8bc72113ebba599f5d,1462,exists,other,,,0.033
0x586dadf4c878797bcc9a64d463e5e0c1d6d5b346,196623,2015-09-07 04:54,0xe6282e5294d064dd01851808de43b9be32066e72,transaction,0x828c69dcad9efa1cdd4b2b0fea95a258c13a859763152a25ffaeb19e9d851b83,0,never had code,other,,,0.000
0x9b365f1b614c9c6a842d6afed21c981ed0c2ca1f,196666,2015-09-07 05:05,0xe6282e5294d064dd01851808de43b9be32066e72,transaction,0x55de7e5eb8239356c23bce5ccdc68c39d20617f33ce4a5efe2b28ba201c8a7b8,0,never had code,other,,,0.000
0xcb6dc6e7bed090c0b22c90eb5c10a7b8b97c9e71,196687,2015-09-07 05:10,0x42dd879f8eb7e9b43036a5b4c97b02c6176d6b99,transaction,0x0bc28d1d2ed3c043f7ed9cb58a7a5e5defcd2df9ce2f57b5e0803dd2915b4f07,1965,exists,other,,,0.037
0x4dcd9e206744308532e1cb6485602c58b3c10c0e,196700,2015-09-07 05:15,0xd63aa3b2f964bfdc575dcdf6af31e2c60afe58b1,contract,,1965,exists,other,,,0.037
0xe4cb62478f8931e479f18ce5dc25a8b196198317,196700,2015-09-07 05:15,0x42dd879f8eb7e9b43036a5b4c97b02c6176d6b99,transaction,0x22f8ffd83a36fb3b0c7c71994eea10e6276b5a8cd819ee3669c2fa02b1f81307,4179,exists,other,,,0.021
0x957ece82a7c88cda004bd9027050bbce9a84ab26,196723,2015-09-07 05:23,0xee291517c6290faf94dee71647c27b9737b2a2d2,transaction,0x821de5593b5b49e3e2e771f2e60dc97ff0b55db3f7313f9f3fbc97c825e5273d,1519,exists,other,,,0.033
0x3ec9fbcee0b72472ef05ae3ed4960cb41ec02634,196740,2015-09-07 05:27,0x42dd879f8eb7e9b43036a5b4c97b02c6176d6b99,transaction,0x7eba4cfd26852d6449399d993d851ba483221cbedfb7fc2dbe2985377dde0054,3159,exists,other,,,0.023
0x456460f028261eec2b1710f84cb4e33610446b2f,196740,2015-09-07 05:27,0xd63aa3b2f964bfdc575dcdf6af31e2c60afe58b1,contract,,1965,exists,other,,,0.037
0x7253aeb89175bebba810a48d491ccbe5f030ee3b,197116,2015-09-07 07:25,0x1b3cea9cc8840e158f3beb20f11c16b9514555f1,transaction,0xcc29b0de36ced6bec120a55904ab182a137930f9831f22f740adb38a41649dcc,3087,exists,other,,,0.022
0x710690d588c6782c8af2e06dd1a5748ca6ba02ae,197132,2015-09-07 07:30,0x1b3cea9cc8840e158f3beb20f11c16b9514555f1,transaction,0x04d52a513dd299310e80fceaeb55de5c1e69c050e3ce54ef2f0f6695e629009b,3087,exists,other,,,0.022
0x79bae4ed57ee513f5ff6aa4357416063df5029f6,197132,2015-09-07 07:30,0xee291517c6290faf94dee71647c27b9737b2a2d2,transaction,0x0df229eaad54cd143945bbf7d808811ee5ee3479b186eac2b711e650bc18bde6,1502,exists,other,,,0.033
0x23ea0c1e35131acdac1ff89501a16d063909deea,197168,2015-09-07 07:42,0xee291517c6290faf94dee71647c27b9737b2a2d2,transaction,0x683ac6b5e5e53bcb3f90161e8db8171840ad35fa1f416bbe245fe3279d48c4b7,1502,exists,other,,,0.033
0x96b51ee93d788164f9a04387c4ca104c50451443,197182,2015-09-07 07:48,0xee291517c6290faf94dee71647c27b9737b2a2d2,transaction,0xc6a2dc6392533a22c79ae59f22c4cd14d60d50e17ee9057d054cfdfb7897d6d9,1502,exists,other,,,0.033
0xbe1f4a662fbd97cb87fc4b89ab933b42389f550d,197272,2015-09-07 08:10,0xc469e0161968f12a38e4c1a1c153a18207e040c8,transaction,0xb5a9227d0ee9ceb9ea798e72b153416a5a72c22fef2396e94eb0a2f3aa820138,1746,exists,other,,,0.048
0xae0e7c986cbb7492645919b7a21a5e78ccde8f71,197279,2015-09-07 08:12,0xc469e0161968f12a38e4c1a1c153a18207e040c8,transaction,0x651eccf1d4663175d94b8fe020ec4d1a8f29a44411fc5b2f1940e4ac4d387ca6,1746,exists,other,,,0.048
0xe0a7080052a3768a75454abe3a2d1ea1f6270330,197295,2015-09-07 08:20,0xc469e0161968f12a38e4c1a1c153a18207e040c8,transaction,0x477f499279b880723059c1fd7f38655f973a67a6a87688e648454d8e2338e033,3237,exists,other,,,0.029
0xdc9e87bc30ff0e60d105458a026a7114c52f3eda,197356,2015-09-07 08:37,0xee291517c6290faf94dee71647c27b9737b2a2d2,transaction,0x4c0cd956bfc94ae8e0bda620cccd90d562f177b6c2c3e1a225483a3bea517202,1445,exists,other,,,0.034
0xf5e713bf02733eeba7e5cfe8478fe2d9dfafcf85,197358,2015-09-07 08:40,0xee291517c6290faf94dee71647c27b9737b2a2d2,transaction,0x66cc3d426bcbffe3226072b8ba9ea788537a44a66ff2440f308c62bc6ce52031,1445,exists,other,,,0.034
0xa965db45248e737aeef91243eb0bff9f30f91b74,197381,2015-09-07 08:50,0xee291517c6290faf94dee71647c27b9737b2a2d2,transaction,0xd3af5861fed1c1a8c703dbdecd77f82ff5071ff3366d24d30349b9a1002b90b1,1448,exists,other,,,0.034
0xe9b3536f0ea4bc9f4cf4751950d5658107d433c6,197390,2015-09-07 08:52,0xc469e0161968f12a38e4c1a1c153a18207e040c8,transaction,0x4f6b5bc47fda9b66aab5dccf8c0581969e84d0eb3e9fd407045937c791029ccd,1746,exists,other,,,0.048
0xb5ce8286f594340350eb9160121dcab021b53603,197464,2015-09-07 09:12,0xc469e0161968f12a38e4c1a1c153a18207e040c8,transaction,0xfcb67608a2ad246b8139ecf7da89d991b4cf534d3eb430283a2e8757c8759ab7,1746,exists,other,,,0.048
0x27fd4b19cb8376d219661b0f20eafba34d39cc5e,197475,2015-09-07 09:15,0xc469e0161968f12a38e4c1a1c153a18207e040c8,transaction,0x2072bd10e3a504cd9aade8b6573fd508aa2522a50e1590c42f06c091b20ce0a4,1746,exists,other,,,0.048
0x22982da02f22d7f5f8eabda2143948600bb814f0,197481,2015-09-07 09:17,0xc469e0161968f12a38e4c1a1c153a18207e040c8,transaction,0x0613d84d4c6e710284447380e402be4d444b670e301f4a50c9e47582d068f5de,1746,exists,other,,,0.048
0x6b9172396f0a56c29c2e8e79fe0f38af9acecdb7,197487,2015-09-07 09:19,0xc469e0161968f12a38e4c1a1c153a18207e040c8,transaction,0x0cdf908430f927e9e6dfe64531d4da8d3f101653f44a2a765ef3bb05d3b3870c,1746,exists,other,,,0.048
0xafd7f90da4302b143612d44034e8a5e8c2fd2c0d,197492,2015-09-07 09:20,0xc469e0161968f12a38e4c1a1c153a18207e040c8,transaction,0x14da81a17388cfc47a05b3f5ab999a375817fa52447c6c2a41f24e64aa16a1a1,1746,exists,other,,,0.048
0xf22952df23c9898623890f2d2ec9684a70371b5f,197493,2015-09-07 09:20,0xee291517c6290faf94dee71647c27b9737b2a2d2,transaction,0xc72382490cd2c14ecf358263635da720231110f3700cb0fa352205cf0743ff9d,1502,exists,other,,,0.033
0x5b19489c475178e68b7240563509a17ef7a77ebd,197502,2015-09-07 09:23,0xc469e0161968f12a38e4c1a1c153a18207e040c8,transaction,0xc4a8d78a9a2882d32b56bd001df00c7580700e253b5b8cdace51810b325f0810,1746,exists,other,,,0.048
0x98dfff21670605be6e56d7e6386a0e6ca6f92472,197508,2015-09-07 09:25,0xc469e0161968f12a38e4c1a1c153a18207e040c8,transaction,0x2c83f59cfe76c93d17be8a7af12405464cd0410164636c21b3e451d09df7697c,1746,exists,other,,,0.048
0x1a6739f6d169f8cbe7407f02ed3b24471038838d,197512,2015-09-07 09:27,0xc469e0161968f12a38e4c1a1c153a18207e040c8,transaction,0x393990079fed40c11706df3529b8cc06272768841b91435cd22041daa10777a7,1746,exists,other,,,0.048
0x97e34f18e7188778bdd22b1e1f740c06b1ad5062,197524,2015-09-07 09:30,0xee291517c6290faf94dee71647c27b9737b2a2d2,transaction,0x6ac3e86573eee837cbc0583d582bfae1beb9a497ce16d8b13973a6a859ecebee,1448,exists,other,,,0.034
0xfd5ff05cb15b2e8cddd0e96912a5dee8044b9374,197525,2015-09-07 09:31,0xc469e0161968f12a38e4c1a1c153a18207e040c8,transaction,0x3b0d11218be55e206b1a8c56b246001aae59fc59649c5efed66681840e5ed2f3,1746,exists,other,,,0.048
0xe2d560cc321a4e09e182693d45a3836ffd27a1bd,197538,2015-09-07 09:37,0xc469e0161968f12a38e4c1a1c153a18207e040c8,transaction,0xcea1eed30bba7c2b5ae21ee12d8b2652ee758566f7fc9d9c8c2fc5f4d2e1ae1e,1746,exists,other,,,0.048
0xf8de6fa1b5f5774cc969810e4bc16055422a20fc,197543,2015-09-07 09:38,0xee291517c6290faf94dee71647c27b9737b2a2d2,transaction,0x6d0cdf455bbd61c619bd693f0e69eb96967690cf7f1799543f2848de0de25bfc,1448,exists,other,,,0.034
0x991c5b56fffb2e45444b5fc5be9304ac9576849b,197544,2015-09-07 09:38,0xc469e0161968f12a38e4c1a1c153a18207e040c8,transaction,0xa7e2509d41767a6404c62a3e2b77842c0aced3946ed7378f9711a4d82af785f4,1746,exists,other,,,0.048
0xf9da1908cc2280578b2639e3a4576dc77624868b,197554,2015-09-07 09:41,0xc469e0161968f12a38e4c1a1c153a18207e040c8,transaction,0x7b409878a054106b85335412c5be3e5651bbb321748cb01589f3cc9fde9d3441,1746,exists,other,,,0.048
0x52c6b42c37818ee7d562b52396685710b19801ec,197558,2015-09-07 09:43,0xc469e0161968f12a38e4c1a1c153a18207e040c8,transaction,0x9eccc279e7755f6c97976524bdbff13430e8954e0264cbb8cc4d697019bec54a,1746,exists,other,,,0.048
0x2edd12085fd05c990f9dbd74b152c8d5bb8d2aa8,197564,2015-09-07 09:45,0xc469e0161968f12a38e4c1a1c153a18207e040c8,transaction,0x6b3da251e5cf81940e881bcd7cce066d189168777dc82fef7804743d6e6d225d,1746,exists,other,,,0.048
0x7d6b9978def0be00165eab70945c919881f23575,197568,2015-09-07 09:47,0xc469e0161968f12a38e4c1a1c153a18207e040c8,transaction,0x0283fcff23d39fdc42e9adac14c05f301e90c1a4a6fc632c5f8c624112346a89,1746,exists,other,,,0.048
0xa10997473c58274cf47f581fe61d56c3cb30a678,197575,2015-09-07 09:49,0xc469e0161968f12a38e4c1a1c153a18207e040c8,transaction,0x0d8c9568e4274946889acf0f19eae8ff5e410cb78f96897fce8486fa1163ea93,1746,exists,other,,,0.048
0x6aee5ab43e6df64519b560a64c3dfc4aaeee13da,197582,2015-09-07 09:51,0xc469e0161968f12a38e4c1a1c153a18207e040c8,transaction,0x821d296f008c6f507f9c7b6e3b9b0297501dfa9b7c7e29554da921bb07d9e8d0,1746,exists,other,,,0.048
0xcd2680717261f91439e1ff42c8a0fdc0364700cb,197589,2015-09-07 09:53,0xc469e0161968f12a38e4c1a1c153a18207e040c8,transaction,0xc4bd2f9bbfa2c55739f5913578146c5a1f2316d54c96c65408f1772e40e5b4de,1746,exists,other,,,0.048
0x3780e890a7435f5bb5e7c1b019d143f0a2177e58,197592,2015-09-07 09:54,0x410d23e3cb6e51b3d68bd17991d4b26a42316787,transaction,0xadc4313a408982cc251f32aa3aadae11ec794142aecdf463c9bf18c383aa5331,49,exists,other,,,0.000
0xa43d2b0aad0aebf2a06be7b6d344f82dda2406a8,197598,2015-09-07 09:56,0xc469e0161968f12a38e4c1a1c153a18207e040c8,transaction,0xfb4ec8005f5abd7950f73a869de699d4e5e593e3820199f3f0990b3e6cd92d48,1746,exists,other,,,0.048
0x389b4950318896f0268cbd97bd985efc88172e44,197609,2015-09-07 09:59,0xc469e0161968f12a38e4c1a1c153a18207e040c8,transaction,0x3ecd2447c31db073544cbdbb89282147df129bd3c56f500f9b72557368f72fc4,1746,exists,other,,,0.048
0x821399fba58ca66f15e4440d54392b355d592dcb,197614,2015-09-07 10:00,0xc469e0161968f12a38e4c1a1c153a18207e040c8,transaction,0x72338feccf02093303f75e4b049c6add6c7449cc33e1f72c6b041ba780f539b3,1746,exists,other,,,0.048
0x1b9b84a987f42e72b2e6b9b1fe166de81412df99,197618,2015-09-07 10:02,0xee291517c6290faf94dee71647c27b9737b2a2d2,transaction,0xdd18d23221854b139e6d128cda428334faeaa19d57256b8b0013d53ecb78b1e8,1502,exists,other,,,0.033
0x1d4dad868292bfe796dc7bfa364ef1eef07ed061,197620,2015-09-07 10:02,0xc469e0161968f12a38e4c1a1c153a18207e040c8,transaction,0x55e438676eec7d09fee4340d4620486c5ba6e8ed5df0100f6d272fcf19cf99f6,1746,exists,other,,,0.048
0x11c5d6448e1745badcccb9445e001d585aa44c3a,197678,2015-09-07 10:21,0xee291517c6290faf94dee71647c27b9737b2a2d2,transaction,0xe4a1cae810bcc379223564628964750aa72769cd986294620f7fd75b656d6d1a,1071,exists,other,,,0.036
0x5dd8c726c60f353b72152bfa4e1e70175e9379e2,197689,2015-09-07 10:24,0xee291517c6290faf94dee71647c27b9737b2a2d2,transaction,0x5ea1e90b52c5f248d33f40384afffd2b2eeaa6bc3b5b5178bf457a09de9e81fe,1495,exists,other,,,0.033
0x59a62444ed992eb6c3cbd87e362664e9e8f0c66d,197740,2015-09-07 10:42,0xee291517c6290faf94dee71647c27b9737b2a2d2,transaction,0x2337cf2b80a34fb17b2eff739486f2c31bfe798896df780e68c037ced821247c,1495,exists,other,,,0.033
0xadd1a267057309c917e1ac794050201378e13b0d,197764,2015-09-07 10:51,0x494cb384dd350b384bf0e42c03e58a73fdb93ff7,transaction,0x41bd12a1dd7679659018d60d79bc18081fcf6bfe8f150ed7f9c064408d16dae2,495,exists,other,,,0.005
0x62358d14811ca1b4047296202069f25a15066fdb,197885,2015-09-07 11:25,0x7931c90100285910556fd3c6406942995930ad34,transaction,0x93d01136f3969bf2ae772cb4bc5e50ea07052f0ab7ee8dc1d9ee81c4c9723b7e,1528,exists,other,,,0.044
0xe64bfc5d9fc9e62edaeb184ad91c0dd8b580ffa2,198191,2015-09-07 12:50,0xc469e0161968f12a38e4c1a1c153a18207e040c8,transaction,0x71fc59e0ee03e275c9e02f05923f5715f0d674536df38416f1191d565f3f35d3,1746,exists,other,,,0.048
0x7011f3edc7fa43c81440f9f43a6458174113b162,198362,2015-09-07 13:39,0xc469e0161968f12a38e4c1a1c153a18207e040c8,transaction,0xcc8d44e68e6f57a224842a2a71805c254ebbf3eecbd4f4160cfc2b80d6eb3c1a,3237,exists,other,,,0.029
0xa27b7a713294f51d6d14fdae42e5109e08a8a72b,198383,2015-09-07 13:43,0xed89ab83319e493de3f0411096e80e9f4b82fd13,transaction,0x7a8f3173cbec74180c0a74f909bdf70748160fe043bbea506e32117a8655e993,1808,self-destructed,other,,,0.041
0xe1eb92cd904601de03916a82daf9e42c5386c844,198511,2015-09-07 14:23,0xcf684dfb8304729355b58315e8019b1aa2ad1bac,transaction,0x6b4fc6756867a3809410620d4261b1a9fabbea0712f161e7ef711b225d1a2a2c,369,self-destructed,other,,,
0x283263a56dcc444fa92689af647738b84aa28cdb,198696,2015-09-07 15:11,0x5fb181054cdd53e106812529a8d545b2ec664e87,transaction,0xe4d501c7fd9e21df5447e81f0680c0a935695803cbcc8442fc1db1090033f985,476,exists,other,,,0.097
0x0f76870e2d0b8d3e8e3d53455a2cd8b7761aee14,198994,2015-09-07 16:36,0xcf684dfb8304729355b58315e8019b1aa2ad1bac,transaction,0x271ed52123c42b9be87baa66d4deaa0225253c16dafb418906e184d75f1bdb48,685,self-destructed,other,,,
0x1090f7e380ccfdc4669ecb76a5bf7a8619a8bf01,199004,2015-09-07 16:37,0xcf684dfb8304729355b58315e8019b1aa2ad1bac,transaction,0x74fe581c99d3c16396f498ca81068370eeca1e637bd4c058a80d3337b654bb3b,0,never had code,other,,,
0x90bdf83d78770d0aa43a6b9461d87c8f84693dee,199020,2015-09-07 16:40,0xcf684dfb8304729355b58315e8019b1aa2ad1bac,transaction,0x3486283f240c941665bb8f9e757994c49a8f6ccdbdc76fb93372604c44ec0b99,0,never had code,other,,,
0x4d6412ebac502b70776a902c03f8775b3007f70d,199033,2015-09-07 16:44,0xcf684dfb8304729355b58315e8019b1aa2ad1bac,transaction,0x65b67aa6054e1a2483524a2daa5584d830d1e758b4559021eb45bc4280c12435,685,self-destructed,other,,,
0x366d79379305262e99fe0c1eb29088a4ab838b2e,199036,2015-09-07 16:45,0xcf684dfb8304729355b58315e8019b1aa2ad1bac,transaction,0xa3f3848c23bcdb990388d178563aa2489315622d778fad8f5388ac3b753e1d36,0,never had code,other,,,
0xd5d0c4adeb6be62c04912bac11f1f1329a4c6686,199062,2015-09-07 16:51,0xcf684dfb8304729355b58315e8019b1aa2ad1bac,transaction,0x7384a5facb9e3430f79e7e33938ed6aeb73a3b4e5c532bd42342a1e57a4bba2e,0,never had code,other,,,
0xa5f6913f39d2f402e0de7d233a79a0fb4ca63470,199067,2015-09-07 16:52,0xcf684dfb8304729355b58315e8019b1aa2ad1bac,transaction,0x84607fc4461d3e1321eeb308b83a05dc3e8bb5a17171f2891324cd8b4e9b59bf,0,never had code,other,,,
0xe780d7c9bbc3f483cd24068a21c4d0abdb476253,199079,2015-09-07 16:54,0xcf684dfb8304729355b58315e8019b1aa2ad1bac,transaction,0x97dcd1d4b48622f0aac66d4c8ae511cf0898eda58bf0ffe45005938400a6878e,685,self-destructed,other,,,
0x17368ba7a5e05d4204edc1692dc875fbacf90245,199084,2015-09-07 16:56,0xcf684dfb8304729355b58315e8019b1aa2ad1bac,transaction,0x9235bfeb2f1154cc00b28a82cc35ab6fc8348ed66d1b80daf77475a19c1813b6,958,self-destructed,other,,,
0x5d6a6739e04c43625a5c9dd9dd201af7633683f3,199404,2015-09-07 18:28,0x68d5aa117df0a514867f7d440e60c21ab7a0d1ce,transaction,0xa615ef11c427a263f48ee936be2912446ff9eb371ef3a45f8aa188d7763adda1,141,exists,other,,,0.000
0xc97d9b8e78699655bc56576455d7ebf9050a7261,200059,2015-09-07 21:50,0x7931c90100285910556fd3c6406942995930ad34,transaction,0xb022d5de74015f87b3c511b141d87a9391e967d367a2784ffe8ae19b52cae141,1736,exists,other,,,0.048
0xd3f60b88249ba6ac291f39082bffd66449951f4e,201653,2015-09-08 05:58,0xf9341d86d232dd5cc485da4e9707c9340e719a3f,transaction,0x20ce4cb092f133140520c3dbe17af58c805b36f2faa090008e232a41a1830cf7,0,never had code,other,,,0.000
0x96b3fffdc3c04f7526f3fb78d525bd15aedd2019,203123,2015-09-08 13:26,0x5fb181054cdd53e106812529a8d545b2ec664e87,transaction,0x9c8b5a019a0ef8322ef5bbd4b1c819ef595fea4e87256fa9169f34b2dce8b92f,476,exists,other,,,0.097
0xd465a3e0e274efee27ef003a4b079a39025ab960,204090,2015-09-08 17:53,0x7931c90100285910556fd3c6406942995930ad34,transaction,0x2b44e88f1792be485ea2a10a268840832d9d0b9859495bcc2193eebbd10e5846,2903,exists,other,,,0.023
0xe77b3666a260364a7a8651f2ea2119639195d268,204139,2015-09-08 18:08,0x7931c90100285910556fd3c6406942995930ad34,transaction,0x26d0853a774ca8c29706e24fd597f721b19ae1292af30be168388e94ce892bdb,2903,exists,other,,,0.023
0xce42e990781b6c0b24a334f51eef725eb5684b9a,204148,2015-09-08 18:10,0x7931c90100285910556fd3c6406942995930ad34,transaction,0xee759ff8ac9a9f4a46875e3e1c74526a6cabbe007f87c6fc0d84e95bd9e08c20,2903,exists,other,,,0.023
0x770f432775b61645e1ed58f691f6b23e9a2f5d76,204383,2015-09-08 19:20,0x007ad44f4c5f54d5307456339df098127366fd5c,transaction,0x70cf178c136a916f5978a4b91918e73e290a0dbfa8768b5bf286b7c41003a35d,0,never had code,other,,,0.000
0x744d6f4e84ebd13d5d64943527f1927336b9f157,204529,2015-09-08 20:01,0x68d5aa117df0a514867f7d440e60c21ab7a0d1ce,transaction,0x79dc9f831338fc4aef9391feb2a19c7e6918fa0e60943ce89a92a9d036ea17b5,476,self-destructed,other,,,0.097
0x5523ea886ebb43d7e1fed8e7e57a6444891986c7,204680,2015-09-08 20:40,0x9dd46b1c6d3f05e29e9c6f037eed9a595af4a9aa,transaction,0xe4149404d328272ceeb7efb8a9b8c4d0268490a8721afd436d5d237b6918ba7f,270,exists,other,,,0.021
0x579f581ad35a90e71f932ce785c7947bb5f5d740,204730,2015-09-08 20:56,0x9dd46b1c6d3f05e29e9c6f037eed9a595af4a9aa,transaction,0x3557a2c07ef34a19470b730d7bed5b5fd43cb660912bbb7b8172bf2b154a9e2f,544,exists,other,,,0.041
0x3f5412fdc912792978767105897f2198d62e60b2,204749,2015-09-08 21:02,0x9dd46b1c6d3f05e29e9c6f037eed9a595af4a9aa,transaction,0x6dca0ac317f38ca3df2f5933eb3e2aacf06e9be2612619d44cb34e80f4c7d744,59,exists,other,,,0.000
0xb3455568222f4d3b3068964dbe8b3e59ad5f06b4,204780,2015-09-08 21:09,0x8394a052eb6c32fb9defcaabc12fcbd8fea0b8a8,transaction,0xf016d6e7950939b0aae4967c6b6523f104cdff8031471105871459bbd1f72af8,1540,exists,other,,,0.005
0xd6b955483656054a0754244400c8395d7630dd2a,204782,2015-09-08 21:10,0x6f4250b4c1db1b611e43cbd9a04c4138c7c0af39,transaction,0x468f4b04af19d9b59c3d27fcb7a63f0057a5e51dfc63cef6a01676bcb37d1b8d,378,exists,other,,,0.019
0x8494f777d13503be928bb22b1f4ae3289e634fd3,204787,2015-09-08 21:12,0x8394a052eb6c32fb9defcaabc12fcbd8fea0b8a8,transaction,0x334a158b68d1b67637dda2a746e5c85c285242454454ed0aff96a85f0dab631f,919,exists,other,,,0.017
0xb594c1b64510ad24786271a8f8ac3755f06bbd81,204857,2015-09-08 21:29,0x02603d7a3bb297c67c877e5d34fbd5b913d4c63a,transaction,0xd9e5c7f2d3f03ee407d3c807047bc1a2844f38a5b0444001ab3f22993a4f3cf6,1903,self-destructed,other,,,0.058
0xd6977ef977aba2f9a0c7c82cb7bb3707cd48aea6,204857,2015-09-08 21:29,0x6f4250b4c1db1b611e43cbd9a04c4138c7c0af39,transaction,0xe35890e3db2a97f30d9ada516d2aec8d3fe5bb8d19cee9d8b0d41fc30d6078fb,766,exists,other,,,0.031
0x6197b2870c182d2384aeac1466f052a7812eda88,204915,2015-09-08 21:45,0x6f4250b4c1db1b611e43cbd9a04c4138c7c0af39,transaction,0x2902fd3ad5fd214ad3c77b95c2601ddb98ffbc3fe358e360e93af19fc01feeee,330,exists,other,,,0.019
0x78eea8c9c350bab1bb82710ef2bbdbb34b58ac23,204954,2015-09-08 21:58,0x6f4250b4c1db1b611e43cbd9a04c4138c7c0af39,transaction,0xe85f4690f103d535ad417f8299fe112dd72da14985f83bae0ef29eace8dec263,388,exists,other,,,0.019
0xd9776dee2ac0bfa856dd047a135501af0ee82de2,205106,2015-09-08 22:37,0x02603d7a3bb297c67c877e5d34fbd5b913d4c63a,transaction,0x6ac55e6d36e8ed363f430751d6c75879efcffce42c8387fa11e392aa763ae306,1655,self-destructed,other,,,0.061
0x31b081e4be923432896b0952bd20bcd50c68d232,206410,2015-09-09 04:49,0xee291517c6290faf94dee71647c27b9737b2a2d2,transaction,0x545701a6c0969d5bda091603fce8c17829eb73af08da2178df45c709dfaebe99,1735,exists,other,,,0.033
0xd09c66c0ff6b004ddc57fdb3ee6384fe0c5aa3c2,206508,2015-09-09 05:19,0xee291517c6290faf94dee71647c27b9737b2a2d2,transaction,0xd179c71222d9ccadf5c58fcb32dd5381719aea74a3925859f4982b31bf8e4686,2121,exists,other,,,0.032
0x0a427c522e7af26c81b3c941d58ac663ecf90ca7,206524,2015-09-09 05:25,0xee291517c6290faf94dee71647c27b9737b2a2d2,transaction,0xda87f14720c3f16779db7799d3b329d22061916603040692d8381280765954ca,2238,exists,other,,,0.032
0x69108f2d21f88d5f8841418243f055497880a59c,206575,2015-09-09 05:38,0xee291517c6290faf94dee71647c27b9737b2a2d2,transaction,0x295541ca32b9576aa923925b59960cd41421f5d2cd364eca369db0f3e0bfafe6,2345,exists,other,,,0.032
0x99882de1de5f268278844bcdb66473acaa63f520,206605,2015-09-09 05:47,0xee291517c6290faf94dee71647c27b9737b2a2d2,transaction,0xe1fc7e781b92e6a87fc141c5ab31a3131387b3a574dffa22cc0c173e56ece1eb,2345,exists,other,,,0.032
0x05c997176166bf633894e3ed24b62883b239e865,206858,2015-09-09 07:02,0xee291517c6290faf94dee71647c27b9737b2a2d2,transaction,0x6bb583aca6b4b151da141cc750a543d15c344eafda3cb0e6c902e8d4bb76eb14,3056,exists,other,,,0.029
0x2604c5af9278b9a292bfeee42f2de0a4f5cce457,206995,2015-09-09 07:44,0xee291517c6290faf94dee71647c27b9737b2a2d2,transaction,0xf2d4ad27c09a053af96ca7825dc2c2da839ce7b171a6e8712ccfbc0ded29a331,3264,exists,other,,,0.029
0x44c83b76326a0963e8f25979f16d2435a6435adf,207048,2015-09-09 07:57,0xee291517c6290faf94dee71647c27b9737b2a2d2,transaction,0x77ef04bcfcb1c8b2d4fbc2da5a813489d4eb2c72eaa7ebebef18964d2b7142d1,3263,exists,other,,,0.029
0x79aeb9d06524ccd702b8e29d4d4e634967e8eb04,207074,2015-09-09 08:04,0xee291517c6290faf94dee71647c27b9737b2a2d2,transaction,0xc08dee7c85ba1e1e1772a64f6b4ba950fcbde6443ff9d19d3b527fa4d82108cf,3302,exists,other,,,0.028
0xcf67085a4756efb14e38139b035708f2c2c06408,207134,2015-09-09 08:21,0xee291517c6290faf94dee71647c27b9737b2a2d2,transaction,0x0566779f692d33c2533596acacb2ae00ae2bcf65296544992f413896d1449770,3342,exists,other,,,0.029
0xae60a67b1e1ba83af7c5b2eaf670d629b45134e9,207201,2015-09-09 08:39,0xee291517c6290faf94dee71647c27b9737b2a2d2,transaction,0x1b9fcf276a1cabb368d9e0015bad763ec8161736be9d36b6c3d680c57ec6de59,3302,exists,other,,,0.028
0x88631cf233f329753efac6247a31b01fb4b7d8b8,207287,2015-09-09 09:03,0x73def61fd0d78e66cb3cf967f01825b7df8efc58,transaction,0xf8854688aa8ccec3ebf0a53a646febef2e8fb2fbffdc555657467e0a5dc12378,476,self-destructed,other,,,0.097
0x31cc891f6b87215d97413d3990133ceaf9d51958,207415,2015-09-09 09:41,0x73def61fd0d78e66cb3cf967f01825b7df8efc58,transaction,0x65d4b6a5ba4c0daca8f495d0911fafcad9ae8c083554684dd49bcc1fd51511bc,476,self-destructed,other,,,0.097
0xb84f79b8f73893cc339ee02906b9b0ab02af6a30,207426,2015-09-09 09:46,0x6f4250b4c1db1b611e43cbd9a04c4138c7c0af39,transaction,0x2f95d85075fd3341e7ce90aa73c2fe9f3ec43e8ec1b394d79303ee836bf717ad,367,exists,other,,,0.018
0xf6a239d973c438af3b61a9b036cb35845f378d81,207437,2015-09-09 09:48,0x6f4250b4c1db1b611e43cbd9a04c4138c7c0af39,transaction,0xccc5dca7d7bdeba63d84ab5d9e946f4585ec1980c29e2d4d4f24c5ef9c2205e6,367,exists,other,,,0.018
0x7d692b829cb5a81b9e17066504143fc1b75e0c15,207536,2015-09-09 10:15,0x6f4250b4c1db1b611e43cbd9a04c4138c7c0af39,transaction,0x02270219316aaf9b4f523edf3b145715829e1b301962ce92e9642991c80e0b5f,501,exists,other,,,0.034
0xd3cf5ffcae0b605547254d28bf4797a3dc4c398a,207569,2015-09-09 10:24,0xee291517c6290faf94dee71647c27b9737b2a2d2,transaction,0x7c0b334c4e59775c64b1cd16cd43699fa78e38a4ff3270f6fcb212b92eb762ba,3577,exists,other,,,0.027
0x3a9b280aad617697c3d4a314d68cb4d28268e288,208380,2015-09-09 14:10,0x42dd879f8eb7e9b43036a5b4c97b02c6176d6b99,transaction,0x2fcf292c36d4dcd4fae5743bd797bb32d7dd2e5274d0164ac6164b69b04fe3ab,1526,exists,other,,,0.032
0x7fe18b8323bc95be893aa10b033ca9b318122ecc,208709,2015-09-09 15:47,0xcf684dfb8304729355b58315e8019b1aa2ad1bac,transaction,0x9a4d3cba4679468abc05319dce84bae1b13003d5eb6694f8be2b763d3aa53525,0,never had code,other,,,
0x26dd4f76f4c66de6f7941ab869844e488f0869e3,208916,2015-09-09 16:46,0xcf684dfb8304729355b58315e8019b1aa2ad1bac,transaction,0x96525257a5ee0eb37696dab039fd37e06c18367d26a375353a856a509fa9206d,0,never had code,other,,,
0x6aaf07cab60b9d79859292bedbe94016ef9347be,208926,2015-09-09 16:49,0xcf684dfb8304729355b58315e8019b1aa2ad1bac,transaction,0xee9235743ce8af04574448410a15fb8eb022b9f995863eda3a25c4a6b5af956b,0,never had code,other,,,
0x49fb53f73dc6cac52f2a1ffcab4d24ffa517d24a,208946,2015-09-09 16:56,0x6f4250b4c1db1b611e43cbd9a04c4138c7c0af39,transaction,0x1f44e8502d1f7e55139e50423ad99fb11ff85071a2cde1444395432486736870,960,exists,other,,,0.028
0xbcb85c78d7fc5ce21b188dd657f4ac295a426884,208962,2015-09-09 17:00,0x6f4250b4c1db1b611e43cbd9a04c4138c7c0af39,transaction,0x6fdff31641d6349277bcdb87c7fe3ecb2cf1265b24a36e2115b4dcb8ce08cd62,980,exists,other,,,0.028
0x65ede742c636f183cfd54ee0925bb7c3dc4e25fb,209032,2015-09-09 17:16,0x7931c90100285910556fd3c6406942995930ad34,transaction,0x31472f6a9824ff445915eebfa4f960e07d2f2407920ace595f282148f91de682,292,exists,other,,,0.000
0x43d8800bc7d46f8d2aa9f89cd4f7eceebaa2fd32,209047,2015-09-09 17:22,0xed89ab83319e493de3f0411096e80e9f4b82fd13,transaction,0x8363875f760b99492eb04123e06b8d58c980caa84119bc83fb22a69e57d26459,1816,self-destructed,other,,,0.040
0xba8a236ad033d0a975cb53773af1fdea9ee4f46f,209499,2015-09-09 19:31,0x7931c90100285910556fd3c6406942995930ad34,transaction,0xfa1c43ec0dbb3d066180f0bfb5b0fb5fdf80a0eed7d148bdaf09af30f35868a0,292,exists,other,,,0.000
0x0c4fdc429dc113ea202851833c5bd35541761705,209725,2015-09-09 20:27,0x7931c90100285910556fd3c6406942995930ad34,transaction,0x04e989e9915913907f61d2da1ee3e1ea1dbe0b3be505a5a41deab181b268788e,0,never had code,other,,,0.000
0xd0c56dd69b33eea972abc2fad6660b540bcbf188,212086,2015-09-10 08:09,0x1b29f1483232d2eaef8a5d535bc4b641d280f52a,transaction,0x07f94a77a1b16355494b647c6c237e8c39b5dd29750cd04d90b730e2bf313b4a,977,exists,other,,,0.071
0x27b71e7d41eb41f5358f91829d59306f2b1f2fc5,212235,2015-09-10 08:52,0x34c8ba4675e1fbdeb583f50ea5d9724dc78f9655,transaction,0x767b74eca9a4e62bfb2521e98f5b51cf9bf86d17ea8626ca4848fbc82e1da210,0,never had code,other,,,0.000
0x663bdc583c7975302529c42e16ef66b3b9540849,212264,2015-09-10 08:59,0x34c8ba4675e1fbdeb583f50ea5d9724dc78f9655,transaction,0x02c6e9ab85aca24cc0448b4b4f80fecc08f7a67963aaa5a60369c07e25cb963b,0,never had code,other,,,0.000
0xd26ebcad0e035a69a50fc41d37a2d6c6b8637a64,212578,2015-09-10 10:24,0xb5de41f7ae6f39b0fdde536c615bbfe4766a436b,transaction,0xea142f975f1293db3784dd04a8055f56a2e9295e60018e8020fc629fd3e9a284,2012,exists,other,,,0.010
0x0e4efad4fdd80920e398aced7cae2f959b2fd28d,212707,2015-09-10 11:04,0xb5de41f7ae6f39b0fdde536c615bbfe4766a436b,transaction,0x40938baa9f37bbd971546763ad8beba8f8bd7d5bce14144890d57df21f0f666a,2012,exists,other,,,0.010
0x3c5e80f20ec97956711ccb23a4ac47dbc6adc5d8,212951,2015-09-10 12:23,0x8c9f57da55bdae907b0772f067d8fdd917cbe937,transaction,0xf7f0624b311cb4ed21284409af0ad6203a61b9a79a5e7ccc022fb2bf52c3bdc1,476,exists,other,,,0.097
0x499897f5b24f420638687324dd62b392602ff0fe,214440,2015-09-10 19:09,0x7931c90100285910556fd3c6406942995930ad34,transaction,0x765c620cebfd348982bf4e976a68c3370c097e35a85ec8eedeca0947e4c49434,3075,exists,other,,,0.023
0x0cae85e3198c44e467e43722dcd961f9262c6af5,214455,2015-09-10 19:14,0xb5de41f7ae6f39b0fdde536c615bbfe4766a436b,transaction,0xc0543723bd9a64f4437d659b251694223f2fe414ee22c91c81d0f0ca91726a87,2012,exists,other,,,0.010
0x943f693199c6c5cc3328bf193659d317cdab7c6d,214581,2015-09-10 19:52,0xed89ab83319e493de3f0411096e80e9f4b82fd13,transaction,0x4a4fa7abd1d2ee7cc18a7403d2d69136e16e89cb5737d8b2f3473f1853735e9c,1816,self-destructed,other,,,0.040
0xbe45b5af6e2943ff0854845089cffbb449f0cc2b,214620,2015-09-10 20:06,0xed89ab83319e493de3f0411096e80e9f4b82fd13,transaction,0x0b1c44cfe57d0c472c6d8650a5d1975fa3ae594ba0955ba6681e204fe21a4601,1816,self-destructed,other,,,0.040
0x0fd01c1781980357a72ab1f808cc72838d80eba2,214691,2015-09-10 20:25,0xed89ab83319e493de3f0411096e80e9f4b82fd13,transaction,0x50119c589a4878fb89fcc8314b49b0372d6daa06e2415ada96be0248b0a9fa6a,1816,self-destructed,other,,,0.040
0x60a195cf04932e221d3be2830d64d53eefdaf289,215185,2015-09-10 22:44,0x7931c90100285910556fd3c6406942995930ad34,transaction,0x70b9557cb299ddf474fb58074bbbdae76464d93ddfcf30d910f39ca73832d481,3036,exists,other,,,0.023
0x8527d9ffdc4947ee52c2717ff4ac01e3c06c71de,215189,2015-09-10 22:47,0xfd2605a2bf58fdbb90db1da55df61628b47f9e8c,transaction,0x72391569613a57ff63e718df512c291722ed56940f4d8708bf9218a5a7b15190,852,exists,other,,,0.019
0x03e8e45fe2034be8d2429f190316cb0014829e56,215688,2015-09-11 01:07,0x7931c90100285910556fd3c6406942995930ad34,transaction,0x7714d66bb329e0fde3b8ee4572ff33eaedc682bcaff2e4a4ca26b2abdd8af180,3061,exists,other,,,0.023
0xe7256a018b3c330ec4117177babcb6b298751b01,215988,2015-09-11 02:25,0x8c9f57da55bdae907b0772f067d8fdd917cbe937,transaction,0xe9b4ba334bbdb72883ea88aa197984fff883b109fe9f439eb0bb5456d6f039a5,476,exists,other,,,0.097
0xcd6e87cec637de407249b1a16574f344d2dee1aa,217574,2015-09-11 09:56,0xee291517c6290faf94dee71647c27b9737b2a2d2,transaction,0xb5b47789fadd707a4c0143c11aada1a85acf1d04dbf5f8f42887fb08612d6134,3632,exists,other,,,0.027
0x5983c6ac846dcf85fbbc4303f43eb91c379f79ae,217664,2015-09-11 10:19,0xee291517c6290faf94dee71647c27b9737b2a2d2,transaction,0x462a813053f6dc7a22f3c3576320ea145e7a596aa85a596e429ee507cea8f6a4,0,never had code,other,,,0.000
0x531a65543fc2ebb1dd9d0a0282f6e482c531551a,217689,2015-09-11 10:28,0xee291517c6290faf94dee71647c27b9737b2a2d2,transaction,0x6d7c8490a0d7e7f9335288708318022ca053b9fd3ca53c05345a3969ca12bbd1,4275,exists,other,,,0.026
0xe629ad58c058c5278e807e9a7af9faf330d9a09a,217920,2015-09-11 11:41,0xee291517c6290faf94dee71647c27b9737b2a2d2,transaction,0x5f2dedd1a0f491b9d5179753cb4c064bca17b0e02f4538dd65503dd7a29cc976,3577,exists,other,,,0.027
0x8c720e5d2ee8afbee106ce48c9454150798b4234,218161,2015-09-11 12:50,0xee291517c6290faf94dee71647c27b9737b2a2d2,transaction,0xcdf54fde500c2aa533b91ddf882eb50e63e699e72cf97f060ad94bc0ab082841,3203,exists,other,,,0.027
0x6f3eb623960f61833cb42ec81455cf99fe76f7a8,218231,2015-09-11 13:07,0xee291517c6290faf94dee71647c27b9737b2a2d2,transaction,0x5d663889734fb1dd5602229b2ab616d790290b55617304f51b959d8c99c8116b,3183,exists,other,,,0.029
0xbaa43006db572fbe2d49439ee32f72723b3d0e88,218255,2015-09-11 13:14,0xee291517c6290faf94dee71647c27b9737b2a2d2,transaction,0x90c9cec2be4939d4f748de6d77b6ac8c5db9de5af5db05d402bd7e6d81aedd60,3183,exists,other,,,0.029
0x1f512db6a4b92d0bf29b33826734d630ed3d531c,218547,2015-09-11 14:40,0xee291517c6290faf94dee71647c27b9737b2a2d2,transaction,0x2fe907d8c47cbd336a1d0036079303801ade39c015ec3ef3f855c430c134417a,3447,exists,other,,,0.027
0xa34f75bd76b044b18c16dbf5481b05fdf75277af,218799,2015-09-11 15:46,0xee291517c6290faf94dee71647c27b9737b2a2d2,transaction,0xeb4f472811f7eb7ae0b658e1277214ab91a95c0d6635894cdff7a862abcf8041,3425,exists,other,,,0.027
0x51bb3a35edc75915a561fe794dfb1acf161879af,219341,2015-09-11 18:13,0xee291517c6290faf94dee71647c27b9737b2a2d2,transaction,0xd2e6cffef70beab272472828eb8f42d98eeabcd1a412eece4f8f3b7b9d7134c2,2775,exists,other,,,0.030
0xbf4aa23fc8a11f84f6ce07a11b1f7455b732eb1b,219546,2015-09-11 19:08,0xee291517c6290faf94dee71647c27b9737b2a2d2,transaction,0xc90d5adc0f443bffcab1205501d7d1b2ef8d94dfb3cf151b6e044690ab8a3b4c,2424,exists,other,,,0.030
0xd18308671bc57c9a38d3dff163ac687eefb730c5,219591,2015-09-11 19:23,0x76ff6eed1ebf20d3cf59f77e9afac9431f387e31,transaction,0x68e1cc0409a370c6e44edddcf2ee560dab47624a2142482994d2fd8087ed6a7a,109,exists,other,,,0.000
0x4d3a2d9bf17c903ff2a51cd101e6b9f4805437a8,219683,2015-09-11 19:48,0x5435c6c1793317d32ce13bba4c4ffeb973b78adc,transaction,0x37c6f287ae8e5444d2dd49e092aa86039dab527aa63c25b313b32fded2634e4b,0,never had code,other,,,0.000
0x6e6329ec79944477001891d9b5c9c8af251ff750,220304,2015-09-11 22:47,0x7a381122bada791a7ab1f6037dac80432753baad,transaction,0xf1ae7542b8cddd687540a9f9d4efe855b8be9e25dc97852e58ca4ccc3bffbeff,482,exists,other,,,0.094
0x263aa2ea707de3ea6da50eac1c623a6cf311a4c0,220368,2015-09-11 23:03,0x7a381122bada791a7ab1f6037dac80432753baad,transaction,0x5f459156deb6d06bd00f9f576ac259460506ac1a28868009d98063320ece9f38,482,exists,other,,,0.094
0xb4fd7054729b0d0970d539e6854320975f352a87,220371,2015-09-11 23:03,0x7a381122bada791a7ab1f6037dac80432753baad,transaction,0x7302b603cc96fcae8c72caf89b32da49ae522654e77e8dc10c7d1dbf2930949e,482,exists,other,,,0.094
0x19ae3256c0370f3c99404679bb857d34aa42a9f9,220406,2015-09-11 23:14,0x7a381122bada791a7ab1f6037dac80432753baad,transaction,0xaa111e61dfddf9c02713d2b7670b237a0e6558ba6908f55845cc507038cf0f10,482,exists,other,,,0.094
0x624cfdfe5d038df1f048fed796c615a484d1354d,220527,2015-09-11 23:46,0x7a381122bada791a7ab1f6037dac80432753baad,transaction,0x738a92a3fae84cbf3db53a63c7281201488afa4cd070c0a91663776a95f607cf,482,exists,other,,,0.094
0xb1e8a527affd126124d9ccf3ca741629ae7f2d1a,220547,2015-09-11 23:52,0x7a381122bada791a7ab1f6037dac80432753baad,transaction,0xd81b63e239edae3e3b1735b69e599931e95763361daeb0af584495b0ab4571a4,482,exists,other,,,0.094
0xc027dc95b56c33c7f923ebabf41414057ce8c0d4,220841,2015-09-12 01:20,0x7a381122bada791a7ab1f6037dac80432753baad,transaction,0xf803fc741f04bb5161549ca6406d46ffc91f30da8bc4a3e14f40a24ada38dc17,482,self-destructed,other,,,0.094
0xf040d14031e7fbdc521437c5febc98a38b65ae86,220912,2015-09-12 01:38,0x7a381122bada791a7ab1f6037dac80432753baad,transaction,0xf4e438302e090550cbe9aefb9ffd83ac2479421f42901f8ecca9fdc5cf9ca2a2,482,self-destructed,other,,,0.094
0x76e65fe875af51adc36b839fd98d23d7c7fe7fc1,220983,2015-09-12 02:01,0x7a381122bada791a7ab1f6037dac80432753baad,transaction,0x8bc562166d2ed9c78dec760bc30626c2aa9fafe336e308e3755865f010884dc3,0,never had code,other,,,0.000
0x57fdbe2df18d25b017a58f8a649816c8ff996411,221195,2015-09-12 03:04,0x7a381122bada791a7ab1f6037dac80432753baad,transaction,0xc6b4064d77b18099c966b9ad519a06706efcd9b6adf34e846aead55f6bde2eb1,482,exists,other,,,0.094
0x6a0ad4592411c289f884ee30ecd5079e9d728515,221217,2015-09-12 03:09,0x8674c218f0351a62c3ba78c34fd2182a93da94e2,transaction,0x580821888caa0d6e1feb33ade0c52aa45a8a42b3b22685ac2a50eb3d4923abd4,265,exists,other,,,0.004
0x60f721583db163a56f4bb844afdbaaebeede2374,221252,2015-09-12 03:17,0x7a381122bada791a7ab1f6037dac80432753baad,transaction,0xfa3bb70128b7a15ab48f8953fdb21266ba317b7319c4ce1a1a1c8e67a66e6cba,482,exists,other,,,0.094
0x10ebb6b1607de9c08c61c6f6044b8edc93b8e9c9,221268,2015-09-12 03:21,0x7a381122bada791a7ab1f6037dac80432753baad,transaction,0x33c137f733e7c6ac8f760b676cf53970f66d3fd7a84c0c42a0ab068e3f2df2e1,482,self-destructed,other,,,0.094
0x4f0255319faa4a7915856300f5ff98a2fe86ae97,221326,2015-09-12 03:41,0xee291517c6290faf94dee71647c27b9737b2a2d2,transaction,0x056c121b657240af44390591111c0352fc61ccc31e5c92a89f4d1d079a78a841,2783,exists,other,,,0.028
0x93bcc265f74c13152045bcbf2f3c7a8e9632e570,222162,2015-09-12 07:43,0x7a381122bada791a7ab1f6037dac80432753baad,transaction,0x7a0d719a59529a11bb644abd6a365cdc87cd5c51ddd04d4a9f7f040e142a158a,482,self-destructed,other,,,0.094
0x07d0a5ebb9127147dd8f263cb68926d1c3d1e87c,222348,2015-09-12 08:35,0xa748fac76b1d857e2f77484a0f816463e8b56edc,transaction,0xd2dbf6e884f1e34be134fcc8820baa2345b2309cb4229aa9eefc169493cdf773,353,exists,other,,,0.020
0x798cbcd4c8d90a1eb3eb0a34b83e0e0a3e507854,222370,2015-09-12 08:41,0xee291517c6290faf94dee71647c27b9737b2a2d2,transaction,0xbac66f7633dc5eb5d5472f61156dd5b6df56fa40c7639b19f23dc0917925ddfc,2728,exists,other,,,0.026
0xbce7748d5d6ee130711080d59cc25b2bc71d829b,222461,2015-09-12 09:08,0xee291517c6290faf94dee71647c27b9737b2a2d2,transaction,0xe42556516c1d7595b9ebb0783ff6e8c06c097f00216fa91d2035c1ea17a8cec8,2460,exists,other,,,0.028
0xf0b64c321e9db6bf9164eae8be44443e1e2834a5,222521,2015-09-12 09:25,0xbe1f2ac71a9703275a4d3ea01a340f378c931740,transaction,0x07dc92c133a433ad58946a7acf8a6f3ccf0352f34882158cc4745c17636ee81e,476,self-destructed,other,,,0.097
0x1e49786167d3cf430895080d6d3ab352c5d95322,222534,2015-09-12 09:28,0xee291517c6290faf94dee71647c27b9737b2a2d2,transaction,0xba2c656fc7d7ac98dc8e6b379767390b69e1d6e42d24d1e85ec83f55d837dbeb,2594,exists,other,,,0.026
0x15d3d752d7542f8caaf43bcd0eed59d1e1f85a79,222601,2015-09-12 09:43,0xee291517c6290faf94dee71647c27b9737b2a2d2,transaction,0x8f5f379999b112d4ebfb9ac7a2a7972b4391504499556952f3cafbd81df33aa9,2794,exists,other,,,0.027
0xa56576558264733b347e9e1dd06c771e515d4297,222841,2015-09-12 10:55,0xd268fb48fa174088a25a120aff0fd8eb0c2d4c87,transaction,0xb503d66981b79ca08089f7a41fb7af734f93b893366ba59a905fe121e0fd00ad,0,never had code,other,,,0.000
0x21dd7c12c846cc432438474fe90e6e089a1b75b6,222967,2015-09-12 11:31,0xd268fb48fa174088a25a120aff0fd8eb0c2d4c87,transaction,0xe3939b9da94ad509df357516f5e8e5e05635431a90dfcf7d9769c5def2561774,0,never had code,other,,,0.000
0xa7c00f11e2048123d4d43eed01fb1f80d63b3981,223360,2015-09-12 13:26,0xd268fb48fa174088a25a120aff0fd8eb0c2d4c87,transaction,0xd92347142e66835e72addcbf5978bc70bfcbec6c2a1af8922ef2f72cdb7533bf,0,never had code,other,,,0.000
0xe10334869e513a0ec5e13406b75d5cc016f0e45d,223447,2015-09-12 13:50,0xb5de41f7ae6f39b0fdde536c615bbfe4766a436b,transaction,0xbcbea4fd42a18134426aff2d3c065aff959b404f28618583243514ff82b05f5f,2012,exists,other,,,0.010
0x9b7598f4fac827d4041eb030060d3e362f8620d7,223485,2015-09-12 14:02,0xb5de41f7ae6f39b0fdde536c615bbfe4766a436b,transaction,0xbe3a57905446b5a42b388e8907db47171517d698b34346f19b4786906bdefb40,2012,exists,other,,,0.010
0x7632dc2ee5cb450c9732582bac239273ef226024,223490,2015-09-12 14:03,0xb5de41f7ae6f39b0fdde536c615bbfe4766a436b,transaction,0x1f0837a7301dbb9c78b4bfed9a61c69319cb85a965c82c3e492c02385d285f1c,2012,exists,other,,,0.010
0x1edcb8114e799096cc2922de7cb2d80e5289d571,223494,2015-09-12 14:05,0xb5de41f7ae6f39b0fdde536c615bbfe4766a436b,transaction,0xe3147a07d60d223cba8fd13277fecb2602ede730c17e02a6b5f919ff5155a64c,2012,exists,other,,,0.010
0xf95c933c9e36e16ae46803ac694e49d367c88a73,223511,2015-09-12 14:12,0xee291517c6290faf94dee71647c27b9737b2a2d2,transaction,0x70867223fe7ba4f6d43c68d75f5a8f27ecc9e5545f19ee40387086c16c65e683,3219,exists,other,,,0.026
0x3a033255a11fe5cec127d52d8c0a9bd3fafa32fa,224606,2015-09-12 19:17,0xcf684dfb8304729355b58315e8019b1aa2ad1bac,transaction,0x52bfb8268daae80a9d16b6dbcdc1d2608824fcc8fd0af0d6e6bd6a9c827e47c6,0,never had code,other,,,
0x4c9537f51698fd322e4c6c795015a674d9aa81f3,224616,2015-09-12 19:20,0xcf684dfb8304729355b58315e8019b1aa2ad1bac,transaction,0x8e21a621afe90917904a194a1468ea9a37e029ebcc4397fccd975e4430097bdb,0,never had code,other,,,
0x0e0ae9da9588ac676de5a7750630abc67ad19bda,224622,2015-09-12 19:23,0xcf684dfb8304729355b58315e8019b1aa2ad1bac,transaction,0x584ee74593b6ca69ea2ecef6d4446c23cdf309742fe1e05ac43c124e99ee1ad0,756,self-destructed,other,,,
0x37f18e3eef435e80f490c0beafd9cf0365686658,224644,2015-09-12 19:29,0xcf684dfb8304729355b58315e8019b1aa2ad1bac,transaction,0x3411264089ee335cd8e3af7e2e5de775a1088a40853a8576b215e221f5890e5e,331,self-destructed,other,,,
0x9b2f4cee28faab5e502192900eebe7f80a27e524,224682,2015-09-12 19:45,0xcf684dfb8304729355b58315e8019b1aa2ad1bac,transaction,0x99e265cf42fedc1fa03c687f6b09d40748207accea0d19c76aa263d8583c44fc,347,self-destructed,other,,,
0x2726aa94758732f8b187379b42c5a2b8f14d4061,224690,2015-09-12 19:48,0xcf684dfb8304729355b58315e8019b1aa2ad1bac,transaction,0xc4d017a9f358f390581c5044f7b3817e364b3d7486487a6f664d72a4b4c07f1a,347,self-destructed,other,,,
0x8744ff4a5d9e78b0ad68e958f1d3f05de573a266,224706,2015-09-12 19:53,0xcf684dfb8304729355b58315e8019b1aa2ad1bac,transaction,0x929b3e797dd2374c53d6753764fb1b302f6d61eb6fa8b6e48b936cee9444a533,347,self-destructed,other,,,
0x8a3f99f32ffc18dd2ab3ad445dab3551d6d0855e,224719,2015-09-12 19:57,0xcf684dfb8304729355b58315e8019b1aa2ad1bac,transaction,0x84278bd083b105a49dffb77ec9ba1af989c1ab0d652643405a9734411e7e7095,347,self-destructed,other,,,
0x2e76c539a2106325a5bfdcf751aecd17fe81f047,224752,2015-09-12 20:04,0xcf684dfb8304729355b58315e8019b1aa2ad1bac,transaction,0x63aebcee001f02e47482728d85b6624853c0fd5b31355e8436b17d667b9228b3,347,self-destructed,other,,,
0x78e33260f284a68f9a0df58136837cd9f6fc4dec,224764,2015-09-12 20:07,0xcf684dfb8304729355b58315e8019b1aa2ad1bac,transaction,0x69776a5beb716eb1d5634b567d9f0463107741377f642f8a3c4071faf687aee8,347,self-destructed,other,,,
0xb1e6cbb2dda20419813e99def88c763f68aa0c1d,224781,2015-09-12 20:11,0xcf684dfb8304729355b58315e8019b1aa2ad1bac,transaction,0xe776cdcdce5767b9712d3ac6eebabbc95041709fd755c237b932d91482d6672a,0,never had code,other,,,
0xb861d1e487d976bbad45130835cadd3f8e2067b1,224789,2015-09-12 20:13,0xcf684dfb8304729355b58315e8019b1aa2ad1bac,transaction,0xdc07d492837845e04ed9f4578a152e19a2b555978d79f612c147f189659e0e73,0,never had code,other,,,
0x2b5b111d8c989844fd0c8a5c2c4da4a098866618,224793,2015-09-12 20:14,0xcf684dfb8304729355b58315e8019b1aa2ad1bac,transaction,0x76108572b9a4c87a1a39f66349c5fbdc880a9b02719c4107cdd5a69090291ae3,0,never had code,other,,,
0x5647e89151773d635c91f48fe19f9395ffb8e31d,224805,2015-09-12 20:17,0xcf684dfb8304729355b58315e8019b1aa2ad1bac,transaction,0x611fc9165fecbe84cad0d3cbf3c65ee93b0efdddc6589905c75f5ca572d2f78f,347,self-destructed,other,,,
0x96f1ca36f1b302924c28fe770bd467aee2bf09d5,224865,2015-09-12 20:34,0x7931c90100285910556fd3c6406942995930ad34,transaction,0xf87ab79e4dd24e09c4b41e2417ac33402e303f20985e3d74df042f027d1eb355,2967,exists,other,,,0.023
0xb77830b22a86c486c615f4f2ba2a6b130cc1584e,224957,2015-09-12 20:56,0x86310c87bf8dfdeb5d904e40e8b1b36dd8387448,transaction,0xb18788e2a785dff67ea568e2d1c527d98dfa60816f363e9f487301b17f5ee659,529,exists,other,,,0.031
0x64c15945821d8fe5fe1d87d7a8525adaac2b9f2d,225056,2015-09-12 21:23,0xcf684dfb8304729355b58315e8019b1aa2ad1bac,transaction,0xb3c9909ad2303dd66efd291bbcf950e53b0f919fff7002d604da40c2ab87f0a6,932,self-destructed,other,,,
0x199f9eb4df04b447b81549922ed00dd04998318b,225386,2015-09-12 22:59,0x6f92c5592caf4f9ec43c47e682f77e097d29aacc,transaction,0x6bc51e90dc69cabfade89ed038516ce31c22b5d1203df99ea793cab906e193d8,476,exists,other,,,0.097
0xc24e5dda5bba15dfc7632525f77d700405525cca,225949,2015-09-13 01:43,0xfe73b353cb2cfc6b8d9923fc3b16b02f76f95aba,transaction,0x7c9aa5a9787e975df2e4d12faab664badcd0ff6c44829b6346fc0e2107a268b2,37,exists,other,,,0.000
0xbab14024437285c2e3b3c521abff96b0ef2e919f,226055,2015-09-13 02:10,0x147013436bd5c7def49a8e27c7fba8ac2b9dfe1f,transaction,0xdb5989b788a7772a0c99d1cbd78896fd3250e816e566a52b2ac65eef96265e79,0,never had code,other,,,0.000
0x56cc1c0aadc2b8beb71f1ac61f03645483abe165,226078,2015-09-13 02:17,0x147013436bd5c7def49a8e27c7fba8ac2b9dfe1f,transaction,0x6fb2eb37547ba4ca9a6ffbf9ba864c46e4660f7d5d0f20ba09a57a7d00009cb2,0,never had code,other,,,0.000
0xe6e16a1023af4a8fe54669f3fce7c406801bb333,226083,2015-09-13 02:19,0x147013436bd5c7def49a8e27c7fba8ac2b9dfe1f,transaction,0xa6bfd2536c20ab7ff9fa4a12e2bdbb7b33d9bb1beb3c47674dcfa31b9d7398e4,0,never had code,other,,,0.000
0x40c3506a8446bb5d806fe0030d451142c8044f77,226091,2015-09-13 02:20,0x147013436bd5c7def49a8e27c7fba8ac2b9dfe1f,transaction,0x3fedf6e7b5eae3e53043c89ff4b7eb0ebe10ad8bc7b357556aef898da19be905,3099,exists,other,,,0.012
0x16d901524343db9e5aae60c659811877009dea23,226098,2015-09-13 02:22,0xfe73b353cb2cfc6b8d9923fc3b16b02f76f95aba,transaction,0xc929a08c247440acdbaccd05f6896b7c2062941ecec911fca4fc1eb0c1930244,144,exists,other,,,0.000
0xfcde1c261eb257e14491b4e7cb1949a7623c00c5,226164,2015-09-13 02:40,0x40c3506a8446bb5d806fe0030d451142c8044f77,contract,,0,never had code,other,,,0.000
0xde4ea86c82a9d57839ab090c6e6e6aa2e29c3ed5,226178,2015-09-13 02:44,0xee291517c6290faf94dee71647c27b9737b2a2d2,transaction,0x68823b8aaad26880c5361900a98e60bb234fa5de1de654bd45f15dfd822cf2b7,144,exists,other,,,0.000
0x480d57dbf6c3b49916b9325e2c5ed92401c54efc,226193,2015-09-13 02:51,0x147013436bd5c7def49a8e27c7fba8ac2b9dfe1f,transaction,0x8a96d4f7b955f002a11ebe7c151c3884ba8f635e354e63f67a5b249db5b1eebe,3229,exists,other,,,0.023
0x62b1d472503bf10136b51500d49eb36e4d34edde,226224,2015-09-13 02:59,0x480d57dbf6c3b49916b9325e2c5ed92401c54efc,contract,,2472,exists,other,,,0.045
0x37c3b85a295f01bdda29ac1c16b426c9bce025c2,226366,2015-09-13 03:35,0x147013436bd5c7def49a8e27c7fba8ac2b9dfe1f,transaction,0x786343aa8bcf1bad76067599f18be91ac387dc7cd970a85d81a8acc9f9aa5929,0,never had code,other,,,0.000
0xe415114089b4b4933e542a5c79af4b6e6cd7abc9,226378,2015-09-13 03:38,0xee291517c6290faf94dee71647c27b9737b2a2d2,transaction,0x3e1999e9f1f46500de4a85eb36c254c61094e878a1747e6d1e421815f7279a9e,0,never had code,other,,,0.000
0xe8c66c5c37adc0f68d22adac1a5159c739af5552,226379,2015-09-13 03:39,0x147013436bd5c7def49a8e27c7fba8ac2b9dfe1f,transaction,0x103d6c185a8d472042222e1e8b699be45e869b471e2ba77b9a1433e66bb68d83,0,never had code,other,,,0.000
0xae0b03c8d8bf9cf71eda758e9e8b59c70a3b4580,226391,2015-09-13 03:43,0xee291517c6290faf94dee71647c27b9737b2a2d2,transaction,0xe8614396fb866e9d42bdffea955f80f3e2750c744cdcd47a0547fe7a4484b8ac,0,never had code,other,,,0.000
0x34b4ded108f211569b5082f95316470d07f47722,226397,2015-09-13 03:44,0x147013436bd5c7def49a8e27c7fba8ac2b9dfe1f,transaction,0xc010666d3a91109dcdf8b51e1fb58074132bc5829e8fd46f9eb86cc4785bb400,0,never had code,other,,,0.000
0x9c2500ff0e715601b47140427d5e978cfa3007e1,226403,2015-09-13 03:46,0xee291517c6290faf94dee71647c27b9737b2a2d2,transaction,0xf65c14e16601aa82c8fa7ad28b3a1216c64eb372d2b384b65d9efe2a55d279e4,3219,exists,other,,,0.026
0x6babab74c660017c94671472dc7b2bcc281e2749,226405,2015-09-13 03:46,0x147013436bd5c7def49a8e27c7fba8ac2b9dfe1f,transaction,0x59627a379a0885690bf99984372dd3672b5d243198ccd6e9432eae1495a68497,0,never had code,other,,,0.000
0x74bc6d20b954c4ede5b8c9f029a7869f5818d965,226432,2015-09-13 03:55,0x147013436bd5c7def49a8e27c7fba8ac2b9dfe1f,transaction,0xb7bb8affe706713de27bc349c8b3db5da223272410e19706be0f4d5407c1931f,0,never had code,other,,,0.000
0x88c1113006c89c40d5ec2ef47322a24d06f7484f,226435,2015-09-13 03:56,0x147013436bd5c7def49a8e27c7fba8ac2b9dfe1f,transaction,0x39a010b4a065324391fe1e536a16a77c46c60a234979afaa264c4bb047c4537f,0,never had code,other,,,0.000
0xeadedf7b9a3ec07339a40d0ece598ab920d591b8,226450,2015-09-13 04:00,0x147013436bd5c7def49a8e27c7fba8ac2b9dfe1f,transaction,0xc01ff23e701a282b97e53c6c20dbe74e830b5f9c355c05b6338e17f4ab86924e,0,never had code,other,,,0.000
0x0f3d4aecf4b635efd266fba9063751d4fdd4d20c,226499,2015-09-13 04:14,0xee291517c6290faf94dee71647c27b9737b2a2d2,transaction,0x3c313585c13349310eefa6b4dcf0c8ec5d8e1cd45472c8640604bc95de6e3bcf,3166,exists,other,,,0.027
0x9ca228250f9d8f86c23690074c2b96d5f5479f79,226500,2015-09-13 04:15,0x147013436bd5c7def49a8e27c7fba8ac2b9dfe1f,transaction,0xf523946361d9ea2bb0b909f76272b7ba5856369df25d824af8e10ab45e3e636c,3452,self-destructed,other,,,0.035
0x8398ff6c618e9515468c1c4b198d53666cbe8462,226522,2015-09-13 04:19,0x9ca228250f9d8f86c23690074c2b96d5f5479f79,contract,,0,never had code,other,,,0.000
0x7d70a32663dffca6d623626dd3e3d0acc75fc0b9,226634,2015-09-13 04:54,0xee291517c6290faf94dee71647c27b9737b2a2d2,transaction,0x1e81810f948fabc2ba63136bffcebb9ce47a0d9d06945d408d5f1216cf5d1dc2,3219,exists,other,,,0.026
0x9d4f32fc70c0a12b05d3649ec3ce0bf60e208616,226684,2015-09-13 05:08,0xee291517c6290faf94dee71647c27b9737b2a2d2,transaction,0x2d2593d3513855e1fbc52661e0d86255ad31e7b80850c3ade50f8b734d9aba7f,3243,exists,other,,,0.026
0x9fae472904e0ae184d034dd458b47977361ee306,226805,2015-09-13 05:45,0xee291517c6290faf94dee71647c27b9737b2a2d2,transaction,0x4651b45d1ceb0e8c2d6efa3642c40cc1e9a7c8da03026cd7debc5aebba81aa56,3327,exists,other,,,0.026
0xea51521b3e88cbf6c8933b81c0101683618ea18a,227010,2015-09-13 06:45,0xee291517c6290faf94dee71647c27b9737b2a2d2,transaction,0x55b345873c249d2cf28ad0e31311157e47a68ade9053fd5f63582975ef78bfe9,3327,exists,other,,,0.026
0xb7b647e6c2832b041336d85f3bc43410ad20a23d,227235,2015-09-13 07:52,0x8c9f57da55bdae907b0772f067d8fdd917cbe937,transaction,0x3dca9847c7aacdb3bcd8af8422506d4cf6cf00caa5be7595a0029355af5d95f1,495,exists,other,,,0.005
0x9e48a065af4d02257d9c9c83d78e7c06e7bf2449,227572,2015-09-13 09:27,0xee291517c6290faf94dee71647c27b9737b2a2d2,transaction,0x7a9da9930ea51710b9d1a70c62b3ee29513ca511fb6b0c6d8e7b9f399da23c0e,3152,exists,other,,,0.027
0xb1b9cb6266ea0b684bad48360012d5ff1b17ede7,227870,2015-09-13 10:50,0x9da63403c34d55a3e67e2f837333701c0775830b,transaction,0x39bf6b8b3e398fe2cba1927cb33b5db239ac1598cacb9c677a49e3e694065f71,476,self-destructed,other,,,0.097
0x127389741d5031b68b1a0256fe875630c64362b5,228566,2015-09-13 14:17,0xcf684dfb8304729355b58315e8019b1aa2ad1bac,transaction,0xb3fbbda7862791ec65c07b1162bd6c6aa10efc89196a8727790a9b03b3ca7bab,352,self-destructed,helper,,"getElevation(uint8,uint8)",
0x0fc4db730a6c181c1fdedbec46e6b07218c1736d,228878,2015-09-13 15:50,0xfee038c0154bcb9a404014fdb42b0590cd9b55e3,transaction,0x5dc22a9bccb0207ff78ae08fda06dcaad6a9c7e20c5a1af5e85fb39ed7b9ff74,1816,self-destructed,other,,,0.040
0x7d4c7c61f98d653d5b49b695a01839791e002393,229245,2015-09-13 17:32,0xd9446e2e0c9216a393df8e46c70ae8bbcce87e3c,transaction,0x8e2d338144d08a64f57b79769fdd073611cdde6937c5efad72646d887f872a5b,2263,self-destructed,other,,,0.000
0xd2361e9e213e1262098acbcebc424f26495eddaa,229250,2015-09-13 17:34,0xd9446e2e0c9216a393df8e46c70ae8bbcce87e3c,transaction,0xda5057080338b2832fdb3615418986d82e24798892927f4570e1fc89bf22892c,2263,self-destructed,other,,,0.000
0xc75c16be9f667c957fa53ec26f1eb4ead5abef36,229254,2015-09-13 17:35,0xd9446e2e0c9216a393df8e46c70ae8bbcce87e3c,transaction,0x4f97dff06342fd5eb478670b8ee23dc2acb16b88295b18f048fcf729a30205f1,2263,self-destructed,other,,,0.000
0xf6967dc7a094b29c2033019ab604eb7ddd5adf90,229850,2015-09-13 20:30,0xb5de41f7ae6f39b0fdde536c615bbfe4766a436b,transaction,0xaa439dbcf9ad6ef22e9b5dcc3cbde0eb58f4272ccc2e9db551553327ce17f973,2012,exists,other,,,0.010
0x9af4f9b67b601967f2f84e9509bb1b411f195ac9,229927,2015-09-13 20:54,0xd9446e2e0c9216a393df8e46c70ae8bbcce87e3c,transaction,0x4ea1038d4b2fdd613626988bea31e55ac6dcb70ba1e5d6527387599d214750ff,2263,self-destructed,other,,,0.000
0x83d927aca3266f94e8163eaa32700c70e9b76e6e,230027,2015-09-13 21:21,0x147013436bd5c7def49a8e27c7fba8ac2b9dfe1f,transaction,0x14a0c2d299ae4c2b677cfd154bd9d6ccc1c03b2a022bc740ed04a86123b443fe,0,never had code,other,,,0.000
0x1d5def2ff81edd7be31497c841d795417867839d,230031,2015-09-13 21:22,0x147013436bd5c7def49a8e27c7fba8ac2b9dfe1f,transaction,0x9ba6c6195b8137234ff52d2159d8e37ab6a5a1f374da63cbf2c586d375d48d99,3986,self-destructed,other,,,0.037
0x22bcc79ab7eab19bb43f7ba79255b53a9967b11c,230147,2015-09-13 21:50,0x147013436bd5c7def49a8e27c7fba8ac2b9dfe1f,transaction,0x777f970f3c869ae43fb2ab8151d02482f721c1a08551d024769a72cf20853393,4310,self-destructed,other,,,0.035
0xbe7b05015ee971735ffee0528e4bf61d61c83c37,230209,2015-09-13 22:10,0x147013436bd5c7def49a8e27c7fba8ac2b9dfe1f,transaction,0x3b7d1a1834ff00f0f98970e0302dbabdfdd9ff792fcf241a19044e0909107e3c,4167,self-destructed,other,,,0.036
0xfa934f8cc9ee335aa8bfd5555c3c395088115760,230389,2015-09-13 23:04,0xcf684dfb8304729355b58315e8019b1aa2ad1bac,transaction,0xf6170d8b7d2e8145ed175d1637d5cdefbf340951c461dc1af536ecadbd357d86,945,self-destructed,other,,,
0x7088de42777399eebcdc0a062d28374d1b3802de,230450,2015-09-13 23:21,0x521a5cd079e03b613b59f76252113b57837a4610,transaction,0x7cbddd9266134c3d81e65434401ece4ee91b36bc8c2b479a69dfc8e8b4e1bf00,476,exists,other,,,0.097
0x71ca57325612e75f706232e82d1474ef10b383bb,230662,2015-09-14 00:28,0xfee038c0154bcb9a404014fdb42b0590cd9b55e3,transaction,0x27f1a9bb0069cd9b22b71c7bc704ec99cada3cb1c0afcbbe90d71731a81d8623,1860,self-destructed,other,,,0.040
0xe82f1829d645de91534b901329d5ed20f3d2a905,230662,2015-09-14 00:28,0xfee038c0154bcb9a404014fdb42b0590cd9b55e3,transaction,0x0b4795026d1df93fc611b35b28c082cdb4bba0d65f21f7a4e2feb204ee0d45b8,1860,exists,other,,,0.040
0x87f9695b172ae61fce18911cb174146ff07505b9,230663,2015-09-14 00:28,0xfee038c0154bcb9a404014fdb42b0590cd9b55e3,transaction,0x3590efe97ff9e4dcbb4b526866b16bf96ce07abf72f094b1bc96b88cafc34294,1860,exists,other,,,0.040
0xc589efe584331fa04f2ab0c0c4d9c7692dbfa38b,230665,2015-09-14 00:29,0xfee038c0154bcb9a404014fdb42b0590cd9b55e3,transaction,0x06e2c2c63665ffd88227289974ce2a5f2243dfd4d7a11b83cb303b72493beb59,1860,exists,other,,,0.040
0x2f27e949d22b065fbbe529a8fe16605ecbd2ce7b,230666,2015-09-14 00:29,0xfee038c0154bcb9a404014fdb42b0590cd9b55e3,transaction,0xdfd93f5137d23bb1d23f6f5a1f55981fe7de9aae28d04e58ad2948a5bd50dd1f,1860,exists,other,,,0.040
0xf8efdbaffef2acd8012e934cc02667b9e4d97d7d,230679,2015-09-14 00:34,0xfee038c0154bcb9a404014fdb42b0590cd9b55e3,transaction,0x56cb4446b506aa6dae9d4521c804a5f7853fd9acda62c458aa13309597971bfc,1860,exists,other,,,0.040
0xa9245baf1aa484a5eb4d3b34ae068cec4f0beced,230680,2015-09-14 00:35,0xfee038c0154bcb9a404014fdb42b0590cd9b55e3,transaction,0xbdbe82dadd235f51c2ef901ebc2c4a4f51e59b1dc9231ec67cd1106577302b0a,1860,self-destructed,other,,,0.040
0xd97f5ed7f7faf721ea82c4c05db8425fe9b6b5e1,230682,2015-09-14 00:35,0xfee038c0154bcb9a404014fdb42b0590cd9b55e3,transaction,0x746d3f8f278dc7ce8696401d21fb8df88d2f16468a5313c9d09a6f168499cace,1860,self-destructed,other,,,0.040
0xf2a3d795744d45fb4c5cd1fdbeaa3ef9ac958fae,230697,2015-09-14 00:42,0xfee038c0154bcb9a404014fdb42b0590cd9b55e3,transaction,0xb527077b93e89642ed99809d404b867c5de792f9ac8ec336364561587968ebd2,1860,self-destructed,other,,,0.040
0x450f444c38f58f1147fcc8530c6ae26fcf779c34,230744,2015-09-14 00:58,0xfee038c0154bcb9a404014fdb42b0590cd9b55e3,transaction,0x52dd0d0e68f86870bc893e057ce3bfa762addebff40b45841f980e0820579726,1860,self-destructed,other,,,0.040
0x8a50285e1d2b71fce324a4669ca7b4866641768f,231017,2015-09-14 02:24,0xfee038c0154bcb9a404014fdb42b0590cd9b55e3,transaction,0x3c5b6a2047d441049f1c93c26dd367dfd75fc565364f09a72fe06bb170a2306e,1860,self-destructed,other,,,0.040
0xcab0a72445746e81163ddc3805f8404f782aa98c,231172,2015-09-14 03:07,0xfee038c0154bcb9a404014fdb42b0590cd9b55e3,transaction,0x16386e9507c71d3ca8177e923c4b5936c13842c3dca1ef43f7ae2146acbec191,1860,self-destructed,other,,,0.040
0xc10c6fa5b2946b38d42c071c9045cf8921fa33c8,231315,2015-09-14 03:53,0xfee038c0154bcb9a404014fdb42b0590cd9b55e3,transaction,0x0b1208adeff403acd6e1f005d1ab7d583fe6638c195df8e5ff6e65842a537450,1860,self-destructed,other,,,0.040
0xa8ba70d5c2fae0b92d5ef8607bf7de09916c3027,231495,2015-09-14 04:44,0x147013436bd5c7def49a8e27c7fba8ac2b9dfe1f,transaction,0xd9e71899ba4169d1a1c5e1d8334f0823edbab28f533b2cb6466a3ed80e794b4f,425,self-destructed,other,,,0.036
0xe495d59d62b57fc9417fd27d5079b0a2f73c570f,231495,2015-09-14 04:44,0xa8ba70d5c2fae0b92d5ef8607bf7de09916c3027,contract,,162,self-destructed,other,,,0.000
0x17c512df3ba7f7fac4ebec56ee6f55711bc7bb7e,231504,2015-09-14 04:46,0x147013436bd5c7def49a8e27c7fba8ac2b9dfe1f,transaction,0x18d6cc9a86ef249ffa7460318f3831a386e55be4d77c649bc806c1bd0a89c015,529,self-destructed,other,,,0.033
0x9162e01c834ba005a939017c381dcc3e4a679819,231504,2015-09-14 04:46,0x17c512df3ba7f7fac4ebec56ee6f55711bc7bb7e,contract,,162,self-destructed,other,,,0.000
0x351db515fc6b507fce74bea7afdca52ceea8f8a8,231556,2015-09-14 05:01,0x147013436bd5c7def49a8e27c7fba8ac2b9dfe1f,transaction,0x7eb4ba1607491831f5a4420f950958f50ca97ba10a304e3a562a8c689ca8b0da,645,exists,other,,,0.030
0xefa1ec09e6fb7e395437694996002cd87138c874,231556,2015-09-14 05:01,0x351db515fc6b507fce74bea7afdca52ceea8f8a8,contract,,162,exists,other,,,0.000
0xc1d9be24114726b5d11ed7ef85c23ce22a083592,231577,2015-09-14 05:08,0x147013436bd5c7def49a8e27c7fba8ac2b9dfe1f,transaction,0x51d3f09abd11dcc3c7aa4cb9820ce600bc591f07930711c88b88e786920623d4,4167,self-destructed,other,,,0.036
0x89967ec4054be6d6fa231122af5c11d993ec1408,231607,2015-09-14 05:16,0xc1d9be24114726b5d11ed7ef85c23ce22a083592,contract,,2472,self-destructed,other,,,0.045
0x2ca7b7140bdb846ca272d7392b3dd6e2dc1a6843,231655,2015-09-14 05:32,0x147013436bd5c7def49a8e27c7fba8ac2b9dfe1f,transaction,0x85f2892f6f4180b843502b308df82a13d5b3b63c10e724acb95ac15046c377a1,4167,self-destructed,other,,,0.036
0xb7239aff0ab0c54287805c1995a19f5cc595547b,231681,2015-09-14 05:40,0x2ca7b7140bdb846ca272d7392b3dd6e2dc1a6843,contract,,2472,self-destructed,other,,,0.045
0x14fea711dca8fcea6be47e14ea1406384f18c7cc,231820,2015-09-14 06:20,0x147013436bd5c7def49a8e27c7fba8ac2b9dfe1f,transaction,0xba7e0728b28c20acd93b159c13df2dce107a914299e7cb7936d7a9db10010537,4924,self-destructed,other,,,0.043
0x88a2cee4f8fe642d54fd3f94787d74c4db9bc268,232192,2015-09-14 08:14,0xb5de41f7ae6f39b0fdde536c615bbfe4766a436b,transaction,0x9219f94ab79be4bd9c810a8d0550d9a22eb309a3a03e214c82d4bee2050468af,2012,exists,other,,,0.010
0x33e49b539dd40716c941eaad91acd0f3fa8672aa,232322,2015-09-14 08:54,0xbc845f440de1419a540cfe1d6d445b9cc8e38427,transaction,0x9d0d5a55bdf66336dd7a1acad022ce81593b869104250e6c754df5e664bc5a71,0,never had code,other,,,0.000
0x97822691fc7acd418544cd00e1eb6166a40630ad,232434,2015-09-14 09:26,0x20560732becaba74966ab67c2ec241b34f7e4957,transaction,0x7b1c4569bfb19a9b2b9c5e0511dd3001222dc5090e118f649f1caa5fb80a1176,476,self-destructed,other,,,0.097
0x1b5238e0d8fce0062654991d5189b67a649434f0,232446,2015-09-14 09:29,0xb5de41f7ae6f39b0fdde536c615bbfe4766a436b,transaction,0xe49996eb11c58a09d16fe26727924ba05af3165ed0876280fcdbaa11f16021ab,2012,exists,other,,,0.010
0x0bd8488cc0adb4960e708944dc5fe6f7cebe948f,232899,2015-09-14 11:43,0xfee038c0154bcb9a404014fdb42b0590cd9b55e3,transaction,0x5f8e12744ef1be945d08bc7a905bec3f8c7c0c8bbf692dd125f8962c685d86f3,1860,self-destructed,other,,,0.040
0xd543b49a19e853948831588a4875015f52ef0b2d,233033,2015-09-14 12:28,0xfee038c0154bcb9a404014fdb42b0590cd9b55e3,transaction,0x6e88e0232158e802815a4882149b4d8dd4b4f8b2744e46a263b6c9aba60c5803,1860,self-destructed,other,,,0.040
0x70bd3ef556fae250fe25fc340250a019bb0386a2,233159,2015-09-14 13:05,0xfee038c0154bcb9a404014fdb42b0590cd9b55e3,transaction,0xaeeaf023c36ac48990799ea1098837f77483cfa43c602675c29efc41928a163b,1860,self-destructed,other,,,0.040
0x3fdacc52257d76f9bb5ad929971203591aacd804,233221,2015-09-14 13:26,0xfee038c0154bcb9a404014fdb42b0590cd9b55e3,transaction,0x1082d93658306c21d77c471f964a16128b1e40b155e5feb6533010a6ad3a2454,1860,self-destructed,other,,,0.040
0xff937be790123c0ce638314b3884f6d12f7e6598,233367,2015-09-14 14:06,0xfee038c0154bcb9a404014fdb42b0590cd9b55e3,transaction,0x3847ba0704b7e59bacfa10656be044c1bcfae20a1ac12b1843aec8631c546520,1860,self-destructed,other,,,0.040
0x161e94bd906cf39bc1e0b95e2cfe1d161968ebe4,233380,2015-09-14 14:10,0xfee038c0154bcb9a404014fdb42b0590cd9b55e3,transaction,0xd3fa5665ad0bdb7b970b06e83f630e74c4802a1e5f8a00fb65bd36a23dc45f99,1860,self-destructed,other,,,0.040
0x5dc85637cd41b8e64555b638b32cf692b722472a,235404,2015-09-14 23:57,0xfee038c0154bcb9a404014fdb42b0590cd9b55e3,transaction,0x5d9859b70479f0f66a07cecdba0346fff678c3bb91163384f43dca5883515715,1860,self-destructed,other,,,0.040
0xaf5558b1b834be59b9ff94e05c17bae9257c9bf1,235543,2015-09-15 00:37,0x5ed8cee6b63b1c6afce3ad7c92f4fd7e1b8fad9f,transaction,0x604e2948673db9ca570f8f83dbcfde79ae83d8d4d0e85854fca6e3d0b052b115,1114,exists,other,,,0.000
0x02820e4bee488c40f7455fdca53125565148708f,235706,2015-09-15 01:27,0x14fea711dca8fcea6be47e14ea1406384f18c7cc,contract,,0,never had code,other,,,0.000
0x4edb17abefeeaf3ba06b19bafd05e72c43c0f12d,236253,2015-09-15 04:21,0x329a2da2753351f9b5d7a7c9ac51664278b3b817,transaction,0xf13d15a9db590a27a757d88356d118c2a931ab5363b58ac6fe00ea33a04d462a,476,self-destructed,other,,,0.097
0x17c7d136bdfc4371f989076bb3842be2e73c3ec1,236280,2015-09-15 04:28,0x147013436bd5c7def49a8e27c7fba8ac2b9dfe1f,transaction,0x333a40148de43ab1d00132edf37a6453706ec76168ea74c09caf96745199cebd,4924,exists,other,,,0.043
0x024eee5379225279eb637616355b91e1df131a22,236382,2015-09-15 05:01,0x17c7d136bdfc4371f989076bb3842be2e73c3ec1,contract,,2472,self-destructed,other,,,0.045
0x0ace960299b3292d5dd3324252e3065cba0d68b1,237324,2015-09-15 09:51,0xb1a2b43a7433dd150bb82227ed519cd6b142d382,transaction,0x9256c25f64e3ef1dea98e90cc6af34b87a2f39aa367c286514fa5f176768f849,49,exists,other,,,0.000
0x001e8e5cd5ed16cb40291b1a202e38afb892e5cf,237347,2015-09-15 09:56,0x2ceb3b12c48322ad13729485a87961fb737ba3a3,transaction,0x8a21afab900a3ec346118f6a41df9f919affb4dfd77e6a0614650c07e0748e60,0,never had code,other,,,0.000
0xbda7aeb6d2002efe360b6467275ef01e77d15497,237641,2015-09-15 11:19,0xb1a2b43a7433dd150bb82227ed519cd6b142d382,transaction,0x7fa73c2652e9d06fb4a1ebd4f03e6ef68806701b28066e732e8b753393f08483,49,exists,other,,,0.000
0x142a2b20216a1760d51c2a3760ead291fb2ccc30,237795,2015-09-15 12:04,0x6bccce69ca0223a421f5c672a29e29c6dc73f268,transaction,0x90c4724fbde3fa1629ff0f4582f566bc811f0d6f72c32dead3c414f26c6774e4,476,self-destructed,other,,,0.097
0x69fe01523a1f8553955212cb74087414585d2dba,237824,2015-09-15 12:14,0x2ceb3b12c48322ad13729485a87961fb737ba3a3,transaction,0xa04d38be35d212c3f8dc29ef190cf6c030a050ee8f3e15e377e416c11c24f738,476,exists,other,,,0.097
0x59832b73b999611204020e6d14cbe642f234bb0a,237910,2015-09-15 12:37,0x2ceb3b12c48322ad13729485a87961fb737ba3a3,transaction,0xc9466477c478092cf837849e23817ec8c1c29e001a3e698c87641fb8ac6d03c0,0,never had code,other,,,0.000
0x274511fea9d55d22dedf460b2687a4a428e306b3,237946,2015-09-15 12:44,0x2ceb3b12c48322ad13729485a87961fb737ba3a3,transaction,0x91c3376bfa96f3272f69aa96cd2930541b08a144e57ae77d2284ebcdc13f18b8,0,never had code,other,,,0.000
0xb385fa211cd08326ff84b0d4f37cc8c3735aa3aa,237957,2015-09-15 12:47,0x2ceb3b12c48322ad13729485a87961fb737ba3a3,transaction,0x0c5241ba8cf0725810a7bfec743daa248a1d6abb5d93e4c2a6722d007dc7d8c0,0,never had code,other,,,0.000
0xf92534b4433d1325aee26a6e175055ac414ad05b,238385,2015-09-15 14:55,0xfee038c0154bcb9a404014fdb42b0590cd9b55e3,transaction,0x2fe42dca5cc70fa9acd56016361211160144b8709ffee392022475ecd4ac2448,1860,self-destructed,other,,,0.040
0x9658cc6efe5711d457146c44133e9fbf488d98f2,238711,2015-09-15 16:29,0xfee038c0154bcb9a404014fdb42b0590cd9b55e3,transaction,0x6a27a76ed46f963d5143f3893f7f6c099db7490d9770e254c3a1db517248107b,1860,self-destructed,other,,,0.040
0xb0fe478950a68f39ba1936f9ae4cdd802f48e554,238761,2015-09-15 16:44,0xfee038c0154bcb9a404014fdb42b0590cd9b55e3,transaction,0x3335ca86161ad0d36b6022ac49cb4231455edb9d907eea81084a80c4d524e1e9,1860,self-destructed,other,,,0.040
0x3a354ac32d303bb0562842cfe2f5fb07d9ca845a,239483,2015-09-15 20:07,0x6bccce69ca0223a421f5c672a29e29c6dc73f268,transaction,0xb9acd2ee51f36893bea11a56118108bdb3fe61574b31c05bdd33feb9f0040a28,2880,exists,other,,,0.026
0x6fa11d347f84053a19be36ffb03cadf48bd80521,239484,2015-09-15 20:07,0x6bccce69ca0223a421f5c672a29e29c6dc73f268,transaction,0x38461d8e01834f1bd622134a908f8f1d4cd6fabfa8c03d1bf3504eedfbee7cda,152,exists,other,,,0.000
0x77db50bc7f937d7e2024b47724353202b812a741,239485,2015-09-15 20:08,0x6bccce69ca0223a421f5c672a29e29c6dc73f268,transaction,0x40cb30666abe0b0b4c764aa48b6cc2790d90aa2f3f1381b5254393e858b743e5,193,exists,other,,,0.000
0x2ada84514b9955a7c1770bf718d1fbe49e770462,239605,2015-09-15 20:40,0x10901cf06f190af365c2fe0d6de417ef0ad032ee,transaction,0xdeb1d5e9f47e83ce1ef439d82fb25b9f9598f9ebf7736829edb5e2292a810b24,495,exists,other,,,0.005
0x244a85c8f459fdcaa598e03be15566b63eb9c36c,240096,2015-09-15 23:06,0xfd2605a2bf58fdbb90db1da55df61628b47f9e8c,transaction,0x59092f434dccffc75ce93b5fd6e8e5cbd2b510177169021ead199508737fccf7,480,exists,other,,,0.037
0x10e1c4825262e8940f25ccbd6e2a06b35cf24a80,240820,2015-09-16 02:49,0xcac3e206dde6f042cefb1f7305a96ccf948ee6be,transaction,0x682f238b1359df8389f8bd09e8bce66358b42a96355017c677b43318dcf43c0b,476,self-destructed,other,,,0.097
0x6006f79e4104850ab7c9b0f75918c1e2cf6311df,241589,2015-09-16 06:37,0x2ceb3b12c48322ad13729485a87961fb737ba3a3,transaction,0xb01fe3154b56d489c57b0233815170e4d2d742e1ec9228a39c16a0ac02f04f6d,0,never had code,other,,,0.000
0x934909eab02d5c5c99c93a2f255b6c1ac454a212,241781,2015-09-16 07:32,0x1b29f1483232d2eaef8a5d535bc4b641d280f52a,transaction,0x5a47eb6ca7329533a24f2d69eb673f6ef3913f2b1c3d1191e0edb80b64b774fa,1305,exists,other,,,0.017
0x9b3f57e520ebaa5c14de25d9a82d408a6dfc9d77,241812,2015-09-16 07:40,0x2ceb3b12c48322ad13729485a87961fb737ba3a3,transaction,0xe691d786311844473026c101e0690d990e4354aaded0bf88b3ee9fe32d19f9fd,0,never had code,other,,,0.000
0xfd17a22fd80075f2716e93268aa01bcdd7d70b22,241825,2015-09-16 07:46,0x2ceb3b12c48322ad13729485a87961fb737ba3a3,transaction,0x40164a612bddcba748445518d5612ed23e7ad653c1ae4f359cfdacfa57a05d23,0,never had code,other,,,0.000
0xd8cf342d3e73eb081f070fcd079329b0e3188f43,241835,2015-09-16 07:49,0x2ceb3b12c48322ad13729485a87961fb737ba3a3,transaction,0x5ef2e523b5f0986d12a4a2c0d0a3542670fb2d40bf109f74caa9f11bfbf6d19d,476,exists,other,,,0.097
0x4cf82113a0f43e6c079a700438a6d838cf74673b,241850,2015-09-16 07:53,0x1b29f1483232d2eaef8a5d535bc4b641d280f52a,transaction,0x8d004740b85a4dfb8d1928a5aa1f5bb70c19e50bfded9a4192bb47d82730269a,0,never had code,other,,,0.000
0x859fe306c87ade39e5a428aedd3b30e1b67ea017,241855,2015-09-16 07:55,0x2ceb3b12c48322ad13729485a87961fb737ba3a3,transaction,0xa80afd23fdc6eddeb26f1e4a8e431b36b1ff8623b36a9f2dbec02d8cca1d5e50,304,exists,other,,,0.032
0xa106fccb8c7c156403b7f162d15b31dfb16523a2,241855,2015-09-16 07:55,0x1b29f1483232d2eaef8a5d535bc4b641d280f52a,transaction,0x2291f3a2ce7278588f9bb60d0dee93a1581258e783b5776d1fad0976fb0aa670,0,never had code,other,,,0.000
0xa97890083cbe965341328ed35d678858a297e62d,241926,2015-09-16 08:18,0xe1237d552429cc333ffd3038fc3ba3441d0b7dde,transaction,0x304596c863c87c2da07420a08ca2f8a8f10f2b6bdf9709e6d13c3f550fc0262b,1022,exists,other,,,0.073
0x393e2b1d499e84517b1477d3aabbd3d24c509cea,241978,2015-09-16 08:40,0xcf684dfb8304729355b58315e8019b1aa2ad1bac,transaction,0x28f6a7a1c579441f391968fb7fd0d0712093236ac4395c2ec2f746d0e1c85a2f,685,self-destructed,other,,,
0x19e196a202650ed561698b11973f3c66d46761fe,241983,2015-09-16 08:41,0xcf684dfb8304729355b58315e8019b1aa2ad1bac,transaction,0xcae93ca820271ea2e0ddc04483409ac7079e5ef57004e5370a9b3dad55ef516e,882,self-destructed,other,,,
0x71dd2138ea8ccc265c8839479ceb324617c323ba,242013,2015-09-16 08:49,0xcf684dfb8304729355b58315e8019b1aa2ad1bac,transaction,0xd34625b332e712bfd360ef5a2e48ad8ed5b41a9d66bf375cc44c380f79a549e7,685,self-destructed,other,,,
0x6e859be3fef84986cad5a15faddd2068771c3a9c,242018,2015-09-16 08:51,0xcf684dfb8304729355b58315e8019b1aa2ad1bac,transaction,0x5788002d4d110a8e77688b20f083bc0cd9fecdfcaa0d51f56bac3e3dc2be55b4,958,self-destructed,other,,,
0xbfb1316ab1b8e9a2a39c1c96ad325ea80c9e041f,242046,2015-09-16 09:00,0xcf684dfb8304729355b58315e8019b1aa2ad1bac,transaction,0xef72c0f2ca2a3d58da9ec482a4e06bb6633babee45b8e7fd15dae94a68c73abe,685,self-destructed,other,,,
0x399017999b6b673dbd6d2e1711df2968e292b94a,242048,2015-09-16 09:01,0xcf684dfb8304729355b58315e8019b1aa2ad1bac,transaction,0xdd486f1043bdfa860ae63b1dc3cc63ecedef026b530f484edae8297d2d521147,958,self-destructed,other,,,
0xae7a1b1ba864696bcdcec94a34fb5836ca9a3910,243172,2015-09-16 14:22,0x00cf70eef53e1eeb65f76a489d790e190857fce8,transaction,0x7614ee2f5deede9748a8c19f092100369a7fc5c59bae8e1938b50c779eb7afa0,0,never had code,other,,,0.000
0xe4ef2f3a3bccd2041d6072ac8ad11f3067f8b243,243350,2015-09-16 15:09,0x48175da4c20313bcb6b62d74937d3ff985885701,transaction,0xca76e8a0f78ecfaad7db518448d6f5e2db0c3f33948d99d5d5a91dc5edd6fb71,1304,exists,other,,,0.060
0x1e88d5f8b2a5d7388660a4f07f75c855849a8302,243792,2015-09-16 17:16,0xfee038c0154bcb9a404014fdb42b0590cd9b55e3,transaction,0x1eeb10ce32c5243226aa39eb7dec87d4124ab5434febf1bb5740dfaf2ab0dded,1860,self-destructed,other,,,0.040
0x332b656504f4eabb44c8617a42af37461a34e9dc,243826,2015-09-16 17:25,0x082d4cdf07f386ffa9258f52a5c49db4ac321ec6,transaction,0x9aac76c9ed191da631b5e70c8824f2ad106a0f5147d57c611ed64653734dd85f,0,never had code,other,,,0.000
0xfdd281a3f8f5f174adb259ae6a39070c6ed43a55,244232,2015-09-16 19:20,0x790077820fc227245d3de4cdbd3d801f3dd6b8df,transaction,0xc2629d71eeb0cb010ad6476e381b3ac4e0ac6d2473074eb71788f90296d1e8ba,49,exists,other,,,0.000
0xdcce8bb56e6c9b1328d4cd9561c7ae0ff491b83b,244390,2015-09-16 20:05,0x7d92ba91fb158cbcc62a697465d7113e131cefa7,transaction,0x346155c24410327c46d76211bf27ef81a9f941c122856e5ea5350e94869d2086,49,exists,other,,,0.000
0x903f1d8a086c6af1afe24648b6409aade83c4340,244759,2015-09-16 21:46,0xcf684dfb8304729355b58315e8019b1aa2ad1bac,transaction,0x467727876bac7028db6e6b86059bc07f3234e012a60b42976b9efaf0a9325e05,0,never had code,other,,,
0xcc7e520a081dc000df251ff97ca345bc76f19e7f,244787,2015-09-16 21:52,0xcf684dfb8304729355b58315e8019b1aa2ad1bac,transaction,0x06b9de85da77f607fd34b73e84d40c7bea8ff5d431be8e2174c9a369721891cd,469,self-destructed,other,,,
0x97844cd2dc6b878f9d2b4be9d1fe72a23699f0aa,245150,2015-09-16 23:38,0xcd8bae364eb88cdc9ae2d63822c606a3ea1975e1,transaction,0x14fd4ddcb26011e7b9c0e241c6e9522bb907f7a16f16cccac9aecfa790bdf92b,476,self-destructed,other,,,0.097
0x5d1ce157ffd616a6f9e059da6a4cefe31a8bba83,245180,2015-09-16 23:46,0xcd8bae364eb88cdc9ae2d63822c606a3ea1975e1,transaction,0xe96eeca8ddc63223ccbee90864d0fec73922e40fc3b373c435af3a0cdb29c56c,429,exists,other,,,0.005
0xd700bf3a5d3769e5ed092e15450e17420adde5bd,246236,2015-09-17 05:04,0x17c7d136bdfc4371f989076bb3842be2e73c3ec1,contract,,2472,self-destructed,other,,,0.045
0x31077bb4bd381542d9dbfec925be474d805d0084,246473,2015-09-17 06:16,0x5947168a79db294bda0db697a2e4ec7dfb2a0a5e,transaction,0x5294d77b9b4198f4dc872977f1416482a60f24a5724993bf1c350d32c8c9f295,49,exists,other,,,0.000
0x8f6fcb46ec7ee3d16b746ddeb905ba939b48d88e,246501,2015-09-17 06:24,0x17c7d136bdfc4371f989076bb3842be2e73c3ec1,contract,,2472,self-destructed,other,,,0.045
0x41e5d99a6b4299be7d2e5a8f7c616001964f1670,247119,2015-09-17 09:19,0x48175da4c20313bcb6b62d74937d3ff985885701,transaction,0x3e13e4b23e46f164bad9bd10c2bbd73ad53edb45c1c54a19d77bf42909676788,1881,self-destructed,other,,,0.055
0x8d2fbac64126f58394d9162a5c9270ca37cc0fed,247409,2015-09-17 10:50,0x0047a8033cc6d6ca2ed5044674fd421f44884de8,transaction,0x332a75be9e1596ece2398eccf5c25c6a37ce02b3f3accaa0c4b2adf6a608dad4,59,exists,other,,,0.000
0x9e0ae8ffd946d12d1d393c6f3bca0eecadc9428e,247409,2015-09-17 10:50,0x0047a8033cc6d6ca2ed5044674fd421f44884de8,transaction,0x65e0cc7171e368828baf0a20c7df62010b26a6c4e7e00ef9e32bec4903117069,59,exists,other,,,0.000
0x15c75b7f007db19c02087b19537d75edd377accc,247711,2015-09-17 12:13,0x0047a8033cc6d6ca2ed5044674fd421f44884de8,transaction,0x444786b176ec40a38ed62a1e35ce377e6de75ed74ccf819377f32257b507427a,147,exists,other,,,0.000
0x77beac0aed3b9e75ee2aba60b3dec66ff47e96c2,247715,2015-09-17 12:14,0x0047a8033cc6d6ca2ed5044674fd421f44884de8,transaction,0x402486fb21580f15af92113c412de160fb12ffe5b25f2652730134b8b099201b,147,exists,other,,,0.000
0x7aa73b556c0da8ca4e83e483d7404930e946473b,247796,2015-09-17 12:37,0x0047a8033cc6d6ca2ed5044674fd421f44884de8,transaction,0x22c1253afd203afb6508c2829c7cc651524f95c29d6453d2757aec682796b05d,100,exists,other,,,0.000
0x3c94923400ccc528e8ab0f849edafca06fe332e5,247976,2015-09-17 13:36,0x0047a8033cc6d6ca2ed5044674fd421f44884de8,transaction,0xb4cb9eb30270f412d42d3790c62dbc66c8c50b6eed8833eb21fc114bfceec366,158,exists,other,,,0.000
0x9f918d46c929f12a229b6084566384ee26805b4d,248215,2015-09-17 14:47,0x3b09d1f4b08ecc06d9c14ca7ab5cccb86848e8f2,transaction,0xe46e087056f1bac06ac87eab4f0ad10beab8a47546042b7a43d5506a07a70640,49,exists,other,,,0.000
0x70778073e9aff0db5f2ef176f8ae6f7aa1abc498,248216,2015-09-17 14:47,0xfee038c0154bcb9a404014fdb42b0590cd9b55e3,transaction,0x053c4a1c2f612bbaf197d02fdfa3962d8e7939091b213b16e43c34821916e2fc,1860,self-destructed,other,,,0.040
0xdd721a749401f1ff2806cd5bf4a7344ff7749057,248234,2015-09-17 14:52,0xfee038c0154bcb9a404014fdb42b0590cd9b55e3,transaction,0x45d23156529e99314ec317ea38cf7c247d39fe10c6ce56abe9df1d125bae23e4,1860,self-destructed,other,,,0.040
0x3bf2090aa666e33489d8d1d263b9ab7db6bdd375,249139,2015-09-17 19:16,0x0047a8033cc6d6ca2ed5044674fd421f44884de8,transaction,0xa5f4718deb367830fbebdc4f00b6dc4ff33280f9fe60b486c86afaa4b9ba9fd5,520,exists,other,,,0.005
0x07d1c321db7f9241b67ee751f41ae587682092b5,249162,2015-09-17 19:23,0x0047a8033cc6d6ca2ed5044674fd421f44884de8,transaction,0xe1e62413d61259f05b1568eb6a56b0a39249a0acbb8f24b439cfc6025ef057cd,488,exists,other,,,0.005
0xe595e837fc15f9d7be01cb4a9103b9fa49423530,249317,2015-09-17 20:03,0x0047a8033cc6d6ca2ed5044674fd421f44884de8,transaction,0xbd379e4657f2ecc3512a6a19c4e1fad1d6cfb967f8a487ffdbd58ecf58b650f8,57,exists,other,,,0.000
0xd17e9bb3d0629d434437d64ac27cf56e9b03b76a,249319,2015-09-17 20:04,0x0047a8033cc6d6ca2ed5044674fd421f44884de8,transaction,0x0e7b269b41e393b7a8dfe529d8d9d82d5ed144368a392e92a0515eccf44d0bc4,57,exists,other,,,0.000
0x8a8f86fa05ea762526cde6a83a6a3994eba66d32,249333,2015-09-17 20:08,0x0047a8033cc6d6ca2ed5044674fd421f44884de8,transaction,0xc295e4f328eb5920034c87b5f4fedb02808472b2d31c1f38a3fca63984069c57,509,exists,other,,,0.005
0x74667802e7d263523e5d0891a0caa08c1b46b5b8,249355,2015-09-17 20:15,0x0047a8033cc6d6ca2ed5044674fd421f44884de8,transaction,0x54cb150eb0cdc400fe212794dbb5e9d3969468e1d894040a2c9dc765af6c7a21,506,exists,other,,,0.005
0x7efca7cf6d5c3a3d60bac8d6ad47c86abf75725f,249358,2015-09-17 20:16,0x0047a8033cc6d6ca2ed5044674fd421f44884de8,transaction,0x9c17f45b873c928646e89da1d7555e292b50d5468e63dc18de146ef51735437d,504,exists,other,,,0.005
0xfc4a477a3a47c8aaa244cc2506c56f0c962dd0ff,249374,2015-09-17 20:21,0x0047a8033cc6d6ca2ed5044674fd421f44884de8,transaction,0x5b9a77da507723e864d2afae60e021a84c4ee19a6c6c246a05d602cdb539cbb1,504,exists,other,,,0.005
0xcc528e9a45f1f230c00791ab2d67e5d4d94af8be,249394,2015-09-17 20:27,0x0047a8033cc6d6ca2ed5044674fd421f44884de8,transaction,0xc82771d2c9b9b6c40eb13f6a1a54c5dcd90440313f1c16f35a20f400db96cc2a,504,exists,other,,,0.005
0x246b342b0fd5a8ad8d267e02ae860c71fba8eebe,249403,2015-09-17 20:30,0x0047a8033cc6d6ca2ed5044674fd421f44884de8,transaction,0x6ae9dd1524f600c50701ff0bca4c9a3c095083c7ffdbb572c3848144a603909f,504,exists,other,,,0.005
0xbb5cdae9cc524422a46f24b21ed9e1f718c483f9,249420,2015-09-17 20:38,0x0047a8033cc6d6ca2ed5044674fd421f44884de8,transaction,0x3af10438cba1b3ec661aa797b3b7ec64dcac9643db0fb6b6e4da5e05cea91657,647,exists,other,,,0.005
0x4f8a98ba5fe4c1c32f1bb916d1065f57395d269f,249437,2015-09-17 20:45,0x0047a8033cc6d6ca2ed5044674fd421f44884de8,transaction,0xb5c92e9e044a11cd0409a3fe1b8dd0e3191cc8f032e230ff88c790d5ef164b9f,705,exists,other,,,0.005
0x4abc539ee0c73725256391bf0eb3fda72e8a59ad,249445,2015-09-17 20:50,0x0047a8033cc6d6ca2ed5044674fd421f44884de8,transaction,0x36f55c28be935ed8cd2562404146c649ea040891d1afd2bb98f7ac6b277a3c66,758,exists,other,,,0.005
0x5ee8348672b1b518d20b63cf22ef3b23832b76f7,249862,2015-09-17 23:09,0xcd8bae364eb88cdc9ae2d63822c606a3ea1975e1,transaction,0xac5176e09fc4bbcf614ea74187947ef787c340ac182d2a9e5058145fc0c683a3,74,self-destructed,other,,,0.000
0x3ae08819090df060f796116d0cb078021e3701d4,250797,2015-09-18 03:45,0xcd8bae364eb88cdc9ae2d63822c606a3ea1975e1,transaction,0x844162f89ff2ee9f4a94745709d30704a4d533a1f2244dc78b65c4ac77f9d09a,316,self-destructed,other,,,0.018
0x6e1973b46e82ff2dd83194f22c241525eee79c1a,251515,2015-09-18 07:21,0x0047a8033cc6d6ca2ed5044674fd421f44884de8,transaction,0xf3e495e8355ee87f0c055f028b744ce5522b0ed39e5fc5b0cfc6eb700b79c1e5,0,never had code,other,,,0.000
0x4e1902c1c1c1ca85af46c01cfb6e7d0eba7bb296,251520,2015-09-18 07:23,0x0047a8033cc6d6ca2ed5044674fd421f44884de8,transaction,0xf477bac11fde312ccd2f4e7c89573e727f94a075f54b0373fb4a34b0339be7af,0,never had code,other,,,0.000
0x034a4941bfd3d30d93f0574b0c67eed9e866d9f7,251528,2015-09-18 07:24,0x0047a8033cc6d6ca2ed5044674fd421f44884de8,transaction,0xfde81014334cd87869e33aea0e1395fa20f35e71ac091de8189e3774abbf832b,0,never had code,other,,,0.000
0x8a1d57f88ae34e5e9ae447f4a8ba6145e6e0cf87,251554,2015-09-18 07:33,0x0047a8033cc6d6ca2ed5044674fd421f44884de8,transaction,0x31585a88956152f3a972b5399434a60650549626e5ca7f200380bd324889ff76,0,never had code,other,,,0.000
0x4ba53269e52c9d18eedf97992d53d38fe79e764b,251564,2015-09-18 07:36,0x0047a8033cc6d6ca2ed5044674fd421f44884de8,transaction,0x68c2469bfcdefa3b589c914462f8bc67dd5f0b1384a73361ba4a5eb19100a013,2045,exists,other,,,0.024
0xca97d13df5d8dea859253596b4737142e9b634dc,251573,2015-09-18 07:39,0x0047a8033cc6d6ca2ed5044674fd421f44884de8,transaction,0x7504252c5a1116263a4a2e5cd0eda0cdba9723c4dd301a71f173f2ff645b9574,0,never had code,other,,,0.000
0x4e157555de7cdf63df367cf332adcf714346e72c,251581,2015-09-18 07:41,0x0047a8033cc6d6ca2ed5044674fd421f44884de8,transaction,0x00efe9e862dcdf0fb6a969349e22c8ed1336f652cc5ab0225f4647272263a74e,1761,exists,other,,,0.024
0x7a6ac92ba2093195f3a7c8f65220c7142efa9799,251608,2015-09-18 07:49,0x0047a8033cc6d6ca2ed5044674fd421f44884de8,transaction,0xf365250ccad9be31fbece805989f1aacd1a670d076da9d743a7a2684edaff046,1834,exists,other,,,0.024
0x04ae71d3474d4ca2f8f811ccf64f7f4705649fbd,251632,2015-09-18 07:58,0x0047a8033cc6d6ca2ed5044674fd421f44884de8,transaction,0x0236bbec7bc5d08618c9a098af99b029b28c292ad0428b1fb0164d5df4e7ac5f,700,exists,other,,,0.006
0xa5c7b6657bf878076d4f75b7d6041b0b63c7a8d2,251649,2015-09-18 08:03,0x0047a8033cc6d6ca2ed5044674fd421f44884de8,transaction,0x636e92220422cfab1aa2d4d3119d988eb4dc3ab01fded5b5f89ffb5b0ec5826c,567,exists,other,,,0.006
0xe4dd8d18ea2f0c5c33e77de90acfaf22c2792f63,251681,2015-09-18 08:13,0x0047a8033cc6d6ca2ed5044674fd421f44884de8,transaction,0x43b64c482f01902105734f28f9fd60c21ab3033c82fdbe5f31fab8face8a5585,1463,exists,other,,,0.025
0x50c23d40170d612979f02f422938a00b3d47bea1,251797,2015-09-18 08:52,0x0047a8033cc6d6ca2ed5044674fd421f44884de8,transaction,0x71e06fe1df0ad2a87dd4dc11ea6c640510c08272f6efdf0f9d3297f580a4cb62,1506,exists,other,,,0.025
0x4557f35b137145e7b4b605836f9bd217d23c166a,251801,2015-09-18 08:54,0x0047a8033cc6d6ca2ed5044674fd421f44884de8,transaction,0x7f0af004f96d7b4c9ee58a5e62af07ccbef78a1e952e57b8e3841022065e121e,1653,exists,other,,,0.023
0xc2822b283c74012d08888997cf66fadd1ca0b8c5,251886,2015-09-18 09:17,0x0047a8033cc6d6ca2ed5044674fd421f44884de8,transaction,0xa8b2fe340c06a646d7d26ba1abeb42ae7580c23796dab64835ac8a2f75105162,1747,exists,other,,,0.030
0x02ad2003dbb5eb291b812af7e46ba8ec25795fb5,251957,2015-09-18 09:38,0x0047a8033cc6d6ca2ed5044674fd421f44884de8,transaction,0x717fcdefcf2415a3e43d1ae5a4e048aeebe91ee3f6e12c4bdad12ad0134dd816,1743,exists,other,,,0.030
0x2882e2dd3980fcbc6e3470168f1e01d55dc0f5d9,251999,2015-09-18 09:48,0xb67a1e56167d489370c4d781fd31a7b49663abf4,transaction,0x8095f722b868cdb5533700e74871aaefa88a615733e5146a003a1cf2fd133543,0,never had code,other,,,0.000
0x5acc762b479be5eea52b63a6330424861901c690,252077,2015-09-18 10:11,0x0047a8033cc6d6ca2ed5044674fd421f44884de8,transaction,0xf13bc1fa8f0a42f9d626ccb6e7310e283c3d88d41ec706f732094e449ecc253b,1812,exists,other,,,0.030
0x4ffe12efb30bbe70a807cc453cd1dbbdb8030132,252105,2015-09-18 10:20,0x0047a8033cc6d6ca2ed5044674fd421f44884de8,transaction,0x8e23298c9b133428fc449bfbe07813ac89503cf4c50ab17bd4d530186b2098c9,1791,exists,other,,,0.030
0xbf6ec2fc6480df4ffa1767534fa32dbca281e572,252122,2015-09-18 10:26,0x0047a8033cc6d6ca2ed5044674fd421f44884de8,transaction,0xe0460292cb7557e28685ee1e4b835276d96190aee193db1dd150e692038f1804,1853,exists,other,,,0.030
0xcb327b5e4872e77ae5add5aab2dbef10e8db1cba,252221,2015-09-18 10:56,0x0047a8033cc6d6ca2ed5044674fd421f44884de8,transaction,0x12bff948a3eeb81c41af99e0499d02ddef12d66d34eeef72b62b4d40ca0ff69c,264,exists,other,,,0.000
0xceb5b872db943553a3c2c8a826ded7fab74dbad5,252229,2015-09-18 10:59,0x0047a8033cc6d6ca2ed5044674fd421f44884de8,transaction,0x7859bd1534d42250df58ea2ccc25445a8589d86760c613d0da1f29f8068135d5,1853,exists,other,,,0.030
0x9b9f8f623363077ecb831cb3505246b6ca9e180a,252313,2015-09-18 11:23,0xb67a1e56167d489370c4d781fd31a7b49663abf4,transaction,0xa93a975701e56b5b094cb822307e868f55a683225a4715b26d4af8078bb57e11,0,never had code,other,,,0.000
0xa7673e3f7a53f7e8d553f1bee675f8429e6f3fb9,252329,2015-09-18 11:27,0xb67a1e56167d489370c4d781fd31a7b49663abf4,transaction,0x67e6dc5ee7cd3c54e8b7f5da27cbc48b0750c65553da19dac7cc985afd42bc43,0,never had code,other,,,0.000
0x6f404022a89e14ca805e12bb06e90cd953ee274e,252391,2015-09-18 11:47,0xa2a4710d4e0f76f500582eebee7ebfe0ea57a1e4,transaction,0x6b6ced88a59958a20ce5a6d0c4cc61c4a6be14987f8497dd0c4e75bbcf41ba06,0,never had code,other,,,0.000
0x4b68365373d9c448e09e654b57de75d9a49d9337,252449,2015-09-18 12:02,0xa2a4710d4e0f76f500582eebee7ebfe0ea57a1e4,transaction,0xe70f53258790f68610efa2daa2e5d82b16f01272579db4039fe5a2bce3b85a88,0,never had code,other,,,0.000
0x85382b85b842f6895061f1de6a9b57babcb2e5e8,252457,2015-09-18 12:05,0xa2a4710d4e0f76f500582eebee7ebfe0ea57a1e4,transaction,0x0da5a279de02f659df914cbe741d357808a3a2792bd180cfc614bb4b307bc886,964,exists,other,,,0.026
0xa6ca3828ade771caab52c687b052f13b32882eb8,252481,2015-09-18 12:11,0xa2a4710d4e0f76f500582eebee7ebfe0ea57a1e4,transaction,0xca40b32bd2779c6ec5defa2210b48af33f123e93905f18c5cfe0a94bcced335e,0,never had code,other,,,0.000
0x03763a7493ea6688eeeb040777187d69bae4f37f,252488,2015-09-18 12:14,0xa2a4710d4e0f76f500582eebee7ebfe0ea57a1e4,transaction,0xf6ffc35da75af8a463631075274e829b10c990bc8706f84c8f8c943b2a82cc2d,0,never had code,other,,,0.000
0x792c323bd45d9ca298e76edbc3185dcffc047c48,252493,2015-09-18 12:15,0xa2a4710d4e0f76f500582eebee7ebfe0ea57a1e4,transaction,0x4bfb924c47087f00c686ac8bfd963cb379f74da070f5f9c00b9041d7ba87ab06,0,never had code,other,,,0.000
0x0df26166cde1165ce381df3c107d6008143cd54c,252499,2015-09-18 12:17,0x0047a8033cc6d6ca2ed5044674fd421f44884de8,transaction,0x55831c8b97c75e84cf098fdd6fe0b9fc8d9bb878c9b4fb7f57be190efe9eb563,745,exists,other,,,0.000
0x7559d08c01f80014220dcdfdbfc943519fe8a3a6,252503,2015-09-18 12:18,0x0047a8033cc6d6ca2ed5044674fd421f44884de8,transaction,0x48ec1e947105147c14bf999bda0d90da285aedab5c42750c4815177f720acd0a,2218,exists,other,,,0.030
0x5574a2bfaac305978b676ac9ea56cef791c17f1c,252517,2015-09-18 12:23,0xa2a4710d4e0f76f500582eebee7ebfe0ea57a1e4,transaction,0x72e6040c1deeb963cdac38751a5a32b1455cda15b25685d93d65c2946822a068,0,never had code,other,,,0.000
0xe0bb87f8e98ef947e821a264fb7f4934fdf3126d,252525,2015-09-18 12:26,0xa2a4710d4e0f76f500582eebee7ebfe0ea57a1e4,transaction,0xfd23eb3d6fd5634476911d6b96436b1f3764f4f6a741b4b0179952e3de542d18,0,never had code,other,,,0.000
0xa9aef58da966540d3f5cf8aecb626e0110d7e906,252532,2015-09-18 12:29,0xa2a4710d4e0f76f500582eebee7ebfe0ea57a1e4,transaction,0x636f097f0640e4cd5c8be368c2168a86d29427975bc98d365839216a6a81696a,0,never had code,other,,,0.000
0xca1fbe9e893c7ebcac53a7f5dd7fe578a6d9aa7f,252544,2015-09-18 12:32,0xa2a4710d4e0f76f500582eebee7ebfe0ea57a1e4,transaction,0xd288b12d21d33e9e526e4adbc87f135d2ac81b9e6d0aef32c7b6e9e6c6429458,0,never had code,other,,,0.000
0x6d519d3a883c9968236fa71f142b5afea8a0ebed,252547,2015-09-18 12:34,0xa2a4710d4e0f76f500582eebee7ebfe0ea57a1e4,transaction,0x5edad3db5f331d66f22373be45cd57442d86ec287f5c82338e1275df4bcbb30d,0,never had code,other,,,0.000
0xdf72151ab2200269f68878b2edd99c940081cc00,252568,2015-09-18 12:41,0xa2a4710d4e0f76f500582eebee7ebfe0ea57a1e4,transaction,0x5f4e08fbff6cdac7b2b568558776b16bfdcbfb8d711ec2184962ae225a5b5f20,964,exists,other,,,0.026
0xc8d5fa607b58a5b5d74610f7e4bdd56e70ee6080,252576,2015-09-18 12:43,0xa2a4710d4e0f76f500582eebee7ebfe0ea57a1e4,transaction,0x5220b89ccd93a98f8d9f01380ab421653e5e3cf52cce206f6f819a7c6adad56f,964,exists,other,,,0.026
0x87a1ad4ab9facba197f99645e7a9edd46c1e5023,252578,2015-09-18 12:44,0xa2a4710d4e0f76f500582eebee7ebfe0ea57a1e4,transaction,0x68ee5b907ab7c9651b5706db7e1780781ba4c08b6ec1ca03fdc3299ccca2c0fa,964,exists,other,,,0.026
0x96d61c67487c5ce8bd683605f660e17b25c7c605,252578,2015-09-18 12:44,0x0047a8033cc6d6ca2ed5044674fd421f44884de8,transaction,0xfc7ab558674ee41196e8332a1204b3fe88fbe8c4b9a3b99debfc8dc29af26337,602,exists,other,,,0.000
0xb2f9adc907d0e1b38c35f578f06f312ea1bcfc76,252591,2015-09-18 12:47,0xa2a4710d4e0f76f500582eebee7ebfe0ea57a1e4,transaction,0x1c22c0998d591ef18db8416b104cca462c63cb3cbd0cafa6aa1f3a9464a5360a,964,exists,other,,,0.026
0x8c9901121c6e0de84c5f0ad60b5b62eac4de58e0,252593,2015-09-18 12:47,0xa2a4710d4e0f76f500582eebee7ebfe0ea57a1e4,transaction,0xbda4989f8cc24e7eba5d3ec541da8a77e05c9de75fe402b5b60ddd316401193e,0,never had code,other,,,0.000
0x0945a548467329e7d8603bee6dc55feb1af84349,252600,2015-09-18 12:50,0x0047a8033cc6d6ca2ed5044674fd421f44884de8,transaction,0xa8531ff31232e07bab8e3afbc19f62cdcb058b76435dbb3d21f55ed5285b413b,2077,exists,other,,,0.030
0x7835142df32411a7df9e9e7dbc757083d50e4715,252655,2015-09-18 13:09,0x0047a8033cc6d6ca2ed5044674fd421f44884de8,transaction,0x14b05966244c07e67cfeea0594a8e22e2652be1288083297ef547a82cb53b364,2077,exists,other,,,0.030
0x4233da63d4e23aa98c45069ff833ba51d72d6855,252843,2015-09-18 14:01,0x0047a8033cc6d6ca2ed5044674fd421f44884de8,transaction,0x2e3d900d113aa2ce349e64c6ec849abdb0be045b61d97e605eacec505db07dbd,602,exists,other,,,0.000
0xacf61dda0cf499e407a308a67b5fba88c849a730,252850,2015-09-18 14:03,0x0047a8033cc6d6ca2ed5044674fd421f44884de8,transaction,0x6edfb92f0b7ac4919cd4d0d8916cfa78ea56cb37af81f10ff7eca8378ef55ffe,2077,exists,other,,,0.030
0x0ba686ea7a9691211c28eb1ab2ec62e2a795ae98,252872,2015-09-18 14:09,0x0047a8033cc6d6ca2ed5044674fd421f44884de8,transaction,0x03f4414a90d074734fdeae365d211c8bc45e5c143e5075db8228c377c40b1d62,484,exists,other,,,0.000
0x3545cee43749805b1435338c9ceedf3ce1d8d985,252874,2015-09-18 14:11,0x0047a8033cc6d6ca2ed5044674fd421f44884de8,transaction,0xf3e9339c7ff305e06250ea9869ea9df290ff7f4a477fcb94d7da3bac5bb3546b,2077,exists,other,,,0.030
0x131e9a85db6f0f89761867075df0b8cec1c442ad,253126,2015-09-18 15:25,0x0047a8033cc6d6ca2ed5044674fd421f44884de8,transaction,0x04daf9b314ea2180e003b4a7e74c8c856a696da617092d4dbdaa3e484f02a7be,543,exists,other,,,0.000
0x2dd13bdced3f4caac13b64380937337f6cc5b6a6,253129,2015-09-18 15:26,0x0047a8033cc6d6ca2ed5044674fd421f44884de8,transaction,0x8f062b85c4696fac31020259ea41f5ab03155d39da1db8eccd777c04f5555ae3,2077,exists,other,,,0.030
0x57f7dc10bfe2152f1a087994b29c2599723b9921,253133,2015-09-18 15:26,0x0047a8033cc6d6ca2ed5044674fd421f44884de8,transaction,0xa6ba8b22fc0e940d2980e04e6a9848d93edd17ec08060653e695dbc58752a415,2077,exists,other,,,0.030
0xe985bd5aef1b9669b1ae5a6cfd70f01dfa9c802c,253249,2015-09-18 16:00,0xa2a4710d4e0f76f500582eebee7ebfe0ea57a1e4,transaction,0xd1d23406fa93098422a569b6032c040f4c7d48ef41a3eddfcc0381dbfefcd112,686,exists,other,,,0.028
0x9858ef8b50a53e738deb9c038e58b554925783fd,253513,2015-09-18 17:16,0x0047a8033cc6d6ca2ed5044674fd421f44884de8,transaction,0x66356d31616d5b0e6324363f958b1369088f1fb272c07245fd212acbeed0a6ad,2077,exists,other,,,0.030
0x393519c01e80b188d326d461e4639bc0e3f62af0,253552,2015-09-18 17:29,0x0047a8033cc6d6ca2ed5044674fd421f44884de8,transaction,0x68d2abb7518b82f662e02b9cf2269e53254c56f25ad0c12384f47eb9858ebb09,602,exists,other,,,0.000
0x38ac81460ae7ff8b50e1ee6e4beaae8f9722049b,253556,2015-09-18 17:30,0x0047a8033cc6d6ca2ed5044674fd421f44884de8,transaction,0x8d963ca3b056e3d1502af0f1701ccd8f22e3a59c3c6e76e2122f3e37432a2a9e,2077,exists,other,,,0.030
0xf66edd083d591149a5c4753423c51c318ff19187,253731,2015-09-18 18:16,0x0047a8033cc6d6ca2ed5044674fd421f44884de8,transaction,0xcb019b06712ff84586985d9375ef170f7eb5b63f64571d0eda2cd241520e1be2,2077,exists,other,,,0.030
0xdac273cd7213f4e0c812cfa4f0d1b70bbb4bf515,253791,2015-09-18 18:36,0x0047a8033cc6d6ca2ed5044674fd421f44884de8,transaction,0x63d67fddfe56ab748b88d41b41e5a8708d5308632ef95246ae6f3f1c3c380f49,2077,exists,other,,,0.030
0xcca03cbfef0332c7d29cc89a6ac31c1a815523f2,253837,2015-09-18 18:51,0x0047a8033cc6d6ca2ed5044674fd421f44884de8,transaction,0x4455b6d0ed8bc389ca11f1f00a6581f921402c212da0bbee49f72457066db2ed,2077,exists,other,,,0.030
0x1ec73eb2bab4a3fbc35997b0c3dff1a8c4076ece,253852,2015-09-18 18:56,0x0047a8033cc6d6ca2ed5044674fd421f44884de8,transaction,0xba5559233af6645e6dc5ef897b76efdaeb9bdd827d9062e8880a0628e9bdbcba,2077,exists,other,,,0.030
0x3269b0bf206f21389f7eaade5d70f11e72b45723,253894,2015-09-18 19:08,0x0047a8033cc6d6ca2ed5044674fd421f44884de8,transaction,0x47197a2dc7f82653f1a945589ed87d0c2df880d2b544e0fedfaa236212f99e43,2077,exists,other,,,0.030
0x9228416897721bd56c13914b0b068e69fb1e8014,254039,2015-09-18 19:55,0x0047a8033cc6d6ca2ed5044674fd421f44884de8,transaction,0xc5cd4795cab2504bdfad6630c9c94249eb47c3069a85868ba34df4aacadea76d,2077,exists,other,,,0.030
0x212ee0a5b703a99c0b3479d4cdfb2d2bc2f91fe0,254212,2015-09-18 20:42,0x0047a8033cc6d6ca2ed5044674fd421f44884de8,transaction,0x3c3c5a2526d02d9aae76b1c47e6644ba199c1a54fd5ec63764c37b7165d8c119,2167,exists,other,,,0.029
0x77b9147247626a91da497f16939c07342b303e61,254239,2015-09-18 20:51,0x0047a8033cc6d6ca2ed5044674fd421f44884de8,transaction,0xfa1038daf89980951bbcbdb78c30f3b98a60a14122072f2ca7108c8c025e3be7,2167,exists,other,,,0.029
0xd2826004ee7c528bc50bdcecbd22226c0a754722,254265,2015-09-18 20:57,0x0047a8033cc6d6ca2ed5044674fd421f44884de8,transaction,0x464db3992b27cb03f57378571d8def0099a225d066e49eba8196b0ef749f7e8d,2384,exists,other,,,0.038
0x1430236a73a97654bfb6851eb7e8facdfbe2cdb5,254291,2015-09-18 21:04,0x0047a8033cc6d6ca2ed5044674fd421f44884de8,transaction,0xbff6aff02c7d3f333518e81a7018d7112d2269597eedd273e4356e087c4aa525,2384,exists,other,,,0.038
0x67c854ecdfc74f2004116403eb5a6712651cd03a,254308,2015-09-18 21:11,0x0047a8033cc6d6ca2ed5044674fd421f44884de8,transaction,0x15d4abc2a6430f35189d3e0be135413735f60b6b1285f2563db2684eec1834c8,2351,exists,other,,,0.029
0x3f755d8d706e50a7251dfc0511b26d19ee156c78,254325,2015-09-18 21:15,0x0047a8033cc6d6ca2ed5044674fd421f44884de8,transaction,0x3c8f0023decc880b6a38ddb6138322dee79c58711047bd3176ade455977cd819,2384,exists,other,,,0.038
0x63990ffd8133cdc5b202eef18c52ef05f6c87843,254345,2015-09-18 21:21,0x0047a8033cc6d6ca2ed5044674fd421f44884de8,transaction,0x9f2987425e61351b87e47e8bea2aa47fabd78517b6e62e22e583c004b321ab0d,2385,exists,other,,,0.038
0x350c9ee6a6f5b20715eb4062b0a672a5f0395faf,254960,2015-09-19 00:12,0xa2a4710d4e0f76f500582eebee7ebfe0ea57a1e4,transaction,0xd8415040784ba0ab3efd601d614ca5ecb55fa0163ed36c777c50056802f4cf92,0,never had code,other,,,0.000
0x6b2b441dc098a21109fffef8d42289e4de576945,254969,2015-09-19 00:14,0xa2a4710d4e0f76f500582eebee7ebfe0ea57a1e4,transaction,0xf25b339b4c33b6a83b610670ef14dc05dab7d50c8386acf2c401b0edcf1363c7,0,never had code,other,,,0.000
0x51ff48b18a3f2b0a9e01bd529b9cdd7232aabb95,255797,2015-09-19 04:15,0xff665f7d3ea1efcfd21de31ce00bc52c5cbe5575,transaction,0x4729bd94820d2c243c680484297586f259ab07e33131a1fb5d264c2eeb7f3a41,49,exists,other,,,0.000
0x39cdee35b3b5941e9333b30a46183d9b29ffeaf5,256130,2015-09-19 05:57,0x5947168a79db294bda0db697a2e4ec7dfb2a0a5e,transaction,0xe34183c34a8dda6c4e0e233c9fb0825781d953f89c7883bd6c852d4fb034de6b,49,exists,other,,,0.000
0xe862b9be3e2c2b25970b87ee407147503f6a24e9,256196,2015-09-19 06:15,0xff665f7d3ea1efcfd21de31ce00bc52c5cbe5575,transaction,0x1233cb8df8e6b853124ef81ebd1640f44da69b99739748509fede3395db6b66b,304,exists,other,,,0.032
0xb8b224068c3b03411f8b067335e9b89ca60a354a,256262,2015-09-19 06:34,0xff665f7d3ea1efcfd21de31ce00bc52c5cbe5575,transaction,0xebe3b2eaed33fd05a28da4679ff8e695b787333de0055ae48c29b4ebd12ea01f,495,exists,other,,,0.005
0x14204f641d24b30890399766d5d0b8e39e721d71,257557,2015-09-19 12:42,0xb40a1890d2c75ecd8d592bb2cb0c5b4509cb55fd,transaction,0x591bc4a14325a55b99e18561699f16a1f1af81b1272e63267a3969e7319351c9,476,exists,other,,,0.097
0x8226891a383dc93da036274431aa9e00b47104d0,257647,2015-09-19 13:08,0x0462838f4e30223d51310c9725c51217481141c2,transaction,0x154c02594e63e09e68ec8526d22f1397cfb8c415ac5a451f6b7a573435769454,503,exists,other,,,0.018
0x11951c42809bae216b2accf8e466a40b9ed4f300,257679,2015-09-19 13:18,0x0462838f4e30223d51310c9725c51217481141c2,transaction,0xdf87c9e9470108d8aabd7d2d7a11f41c2181653a77a8675e759296b29d6dfdf7,541,exists,other,,,0.017
0x39fd251368a36056b2e0970b8904e731ffb2a87a,257734,2015-09-19 13:35,0x0462838f4e30223d51310c9725c51217481141c2,transaction,0x25e01f2242e920801f9a91438b3be7d36f7db6293f3089220cd1080255822632,531,exists,other,,,0.017
0x22f05f34d9ef6ea8c672e688e838e7b9eee6ce89,257772,2015-09-19 13:48,0x0462838f4e30223d51310c9725c51217481141c2,transaction,0x16b19529813fc5e96c575f54f7d4810a7cc4898af97e3298fdb04e10439021a2,59,exists,other,,,0.000
0x9a3c4b69ad9ef2e7ff37fb1dd922e2a1c4b05ec6,257862,2015-09-19 14:14,0xcf684dfb8304729355b58315e8019b1aa2ad1bac,transaction,0x7a54705e950d3f282741c3127546834480820fffc491f978987a3d558bcc822b,852,self-destructed,other,,,
0xe1c4eb6f295af0ea31048216a95efd97fe3537ff,257885,2015-09-19 14:18,0xcf684dfb8304729355b58315e8019b1aa2ad1bac,transaction,0x9a4785cb24069541f3f916744cb34213c84f066d058fef2c37403ccda24face8,1050,self-destructed,other,,,
0x334d0206a2dbdb25ce9937eb679f5455f4835298,257911,2015-09-19 14:26,0xcf684dfb8304729355b58315e8019b1aa2ad1bac,transaction,0xa84cbf75a65d91f7aba2c9088e6ee611fd9ec654a13cea47f196f15c1a99fc63,1824,self-destructed,other,,,
0x2712f4ecb2b2e200a8986ece5e77d8cda9a56c3f,257984,2015-09-19 14:47,0x5d1d36555752b215cfdb6a92995f5bf0e16f5ea6,transaction,0x659235a53b9f4c99b24d5a589637e5752ddd8191a190b783444461da7e007e40,93,exists,other,,,0.000
0x9a39a706f27910a656e9eda7ed14b2458ba03dbd,257988,2015-09-19 14:48,0xcf684dfb8304729355b58315e8019b1aa2ad1bac,transaction,0x058ff1f992b67d8f695c43e74c8484b9bbe9602f101f2a603f7e29023bdad6f9,1290,self-destructed,other,,,
0x7bf71e9fe51cfb9692d96165a79f1e6777f7424f,258009,2015-09-19 14:53,0xcf684dfb8304729355b58315e8019b1aa2ad1bac,transaction,0xd898d653b31d423791cbd4ae4f1c6a6ded19f678fbe3e015d7d6e857d20a1e03,1290,self-destructed,other,,,
0x072f9f47a8854b3dadf145356de46d3b90c5bac1,258011,2015-09-19 14:54,0x5d1d36555752b215cfdb6a92995f5bf0e16f5ea6,transaction,0x8921c346057a77b3e67ccfbe1be33f981077fbb9de017ec17699ee7fbc1c8877,93,self-destructed,other,,,0.000
0xdf5500dfc828402f4593bf8564bb7e94a74ef981,258021,2015-09-19 14:56,0xcf684dfb8304729355b58315e8019b1aa2ad1bac,transaction,0x8db9aba407a69354e4c18f60435066875ed7b668485d6a47799f5651f98bf3c2,840,self-destructed,other,,,
0x899305783ae22114d7f880e1130c909a2721fe08,258039,2015-09-19 14:59,0xcf684dfb8304729355b58315e8019b1aa2ad1bac,transaction,0x844c1852f36b0812516bfac04615b3536330310067c86cd525e8ff57ebbd01eb,1068,self-destructed,other,,,
0xd51c4b8f973837037ed6f5ea62454371490d2da8,258073,2015-09-19 15:08,0xcf684dfb8304729355b58315e8019b1aa2ad1bac,transaction,0x5388c0ab3131bd2ecad44b39ef42d713517e1d0ea823484b096fd97ded1cadd4,1376,self-destructed,other,,,
0xf5ab6359c0ff328c1f9b7209f1c8b95ffadbdf5a,258115,2015-09-19 15:18,0xcf684dfb8304729355b58315e8019b1aa2ad1bac,transaction,0x1c5fa55d1cedeaa7a267df8d5e3fc1024361772cc5a359f64370d473c088813f,1341,self-destructed,other,,,
0xbc47e525f552e9b57e62bf93a488cc8d1ef34e00,258128,2015-09-19 15:22,0xcf684dfb8304729355b58315e8019b1aa2ad1bac,transaction,0x2946da7bae113ea3381934b093dfae0101ed9101865a10cc6dfa3a921e5c6851,1290,self-destructed,other,,,
0xac939915c6d83cfd2e0ebeb90ea26e346a254d78,258140,2015-09-19 15:25,0x0462838f4e30223d51310c9725c51217481141c2,transaction,0x1658589f70a4d04cbc8696b20f5313778c500e1c368e1be6b4cdb584cfafcaaf,59,exists,other,,,0.000
0xc9c551e3fc32f9d830c2d98654f2d0c7f4ba82b7,258188,2015-09-19 15:39,0xcf684dfb8304729355b58315e8019b1aa2ad1bac,transaction,0x8f59da714b3c1ee738644f61f9088639ac4021f7fe79e3405fc4dfe667026ed5,1304,self-destructed,other,,,
0x9d9199a46701cd502b0ed666063710feaafaf1f9,258212,2015-09-19 15:46,0x0462838f4e30223d51310c9725c51217481141c2,transaction,0xfb5ccafa079ac6fd3f7361f2445a31069abecf7fea2296057a8482be4914686e,2272,exists,other,,,0.027
0x40d5082f6d581145e2f4ebca8a5fd5714d5d0b54,258247,2015-09-19 15:54,0x0462838f4e30223d51310c9725c51217481141c2,transaction,0xcdcf265c272de9563b70119f4c28e287b4d50b1a4b10f7247066d3d367168c44,102,exists,other,,,0.000
0x98eec1ec45dde9d0d0982ee4512bc5f44af139cf,258247,2015-09-19 15:54,0x0462838f4e30223d51310c9725c51217481141c2,transaction,0x4bb504b6db3f47da0712362c9fc456d8d06f62510f1644640b3aae75d16c752e,102,exists,other,,,0.000
0xacc059be6d1664ea0d6b569ce99320112f4abfc4,258247,2015-09-19 15:54,0x5d1d36555752b215cfdb6a92995f5bf0e16f5ea6,transaction,0x701a88570cf94ef34c779c18e3c3d5867ff8fc971c2f058c4f3c485aeb3054b3,476,exists,other,,,0.097
0x8e94b18b73e2b4c738917bb5bca969b43d66045d,258270,2015-09-19 16:00,0x0462838f4e30223d51310c9725c51217481141c2,transaction,0x8ffc1f3bfd813fd684a628a6f013f371833aa01c2bf73b6ee283530cbc08e81b,339,exists,other,,,0.005
0x17dfa34fe5df7481a09464bca531c7522fb075db,258271,2015-09-19 16:00,0x0462838f4e30223d51310c9725c51217481141c2,transaction,0x4c3dd09d36d6cd0a4900c6d7278f2baed11bc9341c20e86f10a95b981427f99c,2268,exists,other,,,0.037
0x7c4400c91cc687a935873adcc36773c566af80b7,258276,2015-09-19 16:01,0x0462838f4e30223d51310c9725c51217481141c2,transaction,0x2f6ec9cc0151c2cc218bd64a2591810cf15f6c732d43a0220c6ff0b4030c3b0e,102,exists,other,,,0.000
0x3c456e4d48f972dd28e508905d8ce824fc532d89,258329,2015-09-19 16:16,0x0462838f4e30223d51310c9725c51217481141c2,transaction,0x86e035b9c9b920174772f586f850cc158e52b67a3b43d99a95b1ecc5bd9c7f4d,2292,exists,other,,,0.037
0x9518f3c5aa82dd101b012d052822fe0b339464d6,258340,2015-09-19 16:20,0x0462838f4e30223d51310c9725c51217481141c2,transaction,0x6e828701f10909dc9421f3ddf0eeb6343a6263b618e6705c4194e14efc502d15,2292,exists,other,,,0.037
0xbd6328e05330543969609822a863d5fc18513bb1,258351,2015-09-19 16:22,0x0462838f4e30223d51310c9725c51217481141c2,transaction,0x7ab4d08150524a2507674aff198d972045580e24f1da88c4a0fb9df85e6e6a7d,2292,exists,other,,,0.037
0xb9cdbd2d984456b2a42d872265bdcdd1d6f297a6,258372,2015-09-19 16:28,0x0462838f4e30223d51310c9725c51217481141c2,transaction,0xaf79c4c9894b739cc5b9e906c5ba0010d7301669a9c20b2d2afb133a6b063280,102,exists,other,,,0.000
0x316c4b7a13e74dd24ab182a2229d18fed0d69d49,258386,2015-09-19 16:30,0x0462838f4e30223d51310c9725c51217481141c2,transaction,0xba4df742335186291558451b18965ac285773a5685b56717e32f62665d9e8823,2292,exists,other,,,0.037
0x07d39cea6facfccd1dd6e20081545cf809918e8d,258392,2015-09-19 16:33,0x0462838f4e30223d51310c9725c51217481141c2,transaction,0x50ce72a7c510f33be9b0d0251122c011ba17c25d4009b449a7b9b4efcc4deeae,102,exists,other,,,0.000
0xd11d86a169f2f95fc4b3e5507a34967c5123d682,258409,2015-09-19 16:39,0x0462838f4e30223d51310c9725c51217481141c2,transaction,0xf33a4eb5e533f5e600316d455a6f9d50167ca37dddb7e8a18e32d58860b1b572,102,exists,other,,,0.000
0xa0ba08ef876e28216d7f5a3864d0b7cbd71aa8f9,258451,2015-09-19 16:49,0x0462838f4e30223d51310c9725c51217481141c2,transaction,0xe64e0ec2747b7cd4623e8455e4886418090a7e81d008bdb5d595f7f2797091b0,2374,exists,other,,,0.036
0x4f7d0db3a8f2d7e2e7938e0b94961f743b0a7dd2,258460,2015-09-19 16:52,0x0462838f4e30223d51310c9725c51217481141c2,transaction,0x0e4ec6051c3e23109ce34aa4a464b2ff6a54f9db078a9a33a655b0c6d11bc4f1,2374,exists,other,,,0.036
0x736e9901266d3e84319ae428c4ea3fcbc9f94d1f,258465,2015-09-19 16:54,0x0462838f4e30223d51310c9725c51217481141c2,transaction,0xfdcfdf8d2586c39528a8c123a68db641abe53a03e1eef7f4e5a054de8ff18057,102,exists,other,,,0.000
0xc261ee62b45909fb675c703afca18f534d31b359,258465,2015-09-19 16:54,0x0462838f4e30223d51310c9725c51217481141c2,transaction,0x7f842651955d84232f472bd420c26184cc181c0803b6c3ae82a9778762385bad,102,exists,other,,,0.000
0x2ed1a4614c53d82bb6c9d6595648f5b3c9300897,258466,2015-09-19 16:54,0x0462838f4e30223d51310c9725c51217481141c2,transaction,0x62f1439619663225c3586f44bdd8c533122bc2e9adc02fd7b42785f5639f3746,59,exists,other,,,0.000
0x450246c5ea7557c6139bb1755d35d9298441cfe8,258466,2015-09-19 16:54,0x0462838f4e30223d51310c9725c51217481141c2,transaction,0xf5580bebc17a422ac6cbda4bae68102cc5f1f201a0458553d15b95e695419f39,59,exists,other,,,0.000
0x48081d4e0c408028fe5733553d12852eb1239d9b,258481,2015-09-19 16:58,0x0462838f4e30223d51310c9725c51217481141c2,transaction,0x35dd0c7d527b1e719d401d8cca3d61286df14daa80f3f24a79fd85e908ff7406,2307,exists,other,,,0.037
0x6050d3e60656be9baba236b74fdfda87bba2d374,258513,2015-09-19 17:05,0x0462838f4e30223d51310c9725c51217481141c2,transaction,0x9663c3f17605bad1b8690fef1dbdb89948ddc217f145a3224741fec59f31114b,59,exists,other,,,0.000
0x2e40dbc8cd19d81363641a87b39f6274582b3547,258552,2015-09-19 17:18,0x0462838f4e30223d51310c9725c51217481141c2,transaction,0x76b398d52cb93915baf85a5f24cc93747aa84cf2ba76479892610d1d7785b2d8,2307,exists,other,,,0.037
0xd02f71360ad2c8d3e0eef06ca85f4a70818f35b0,258796,2015-09-19 18:20,0x0462838f4e30223d51310c9725c51217481141c2,transaction,0x1b1121e96de34b34e0f42a0c8dc9e484db286817f6c3893e728a4c46783c81cd,59,exists,other,,,0.000
0xa1ba6548ef27df244e56fd5440f6e4979268d87f,258896,2015-09-19 18:52,0x0462838f4e30223d51310c9725c51217481141c2,transaction,0x91c4c865d29f8276805137f5ade42f405fb73cd58497391ee5b37bf9bffce573,102,exists,other,,,0.000
0xd7305c7d6b206f53fc037edfa7cf1644f9941349,259116,2015-09-19 20:00,0xcf684dfb8304729355b58315e8019b1aa2ad1bac,transaction,0x8ca3bb4f5109a9f67ae1eb58dac6dcf5bf3f042c273264e69cea642153355169,1304,self-destructed,other,,,
0xf26e0fab4e7ef9e73be44790c0a5c56b556857ed,261331,2015-09-20 05:51,0xf71dabf69974434e8c158b34fee9d11961920ae7,transaction,0x07ebff6f9bd9f29eb73465427056e882661f9deb384cd006b7512ddad46a842a,49,exists,other,,,0.000
0xe30608b59313681a1deaf5bea46f1cdb5052f474,261486,2015-09-20 06:28,0x5ed8cee6b63b1c6afce3ad7c92f4fd7e1b8fad9f,transaction,0x41d4adef128fd092dacee2a48f4c0cec22a8033d86cbf894993572c2d2c6f44e,57,exists,other,,,0.000
0xdf8eb001f29302ee380c548044dce4a09bd9e48d,262005,2015-09-20 08:48,0x5ed8cee6b63b1c6afce3ad7c92f4fd7e1b8fad9f,transaction,0xe4b8c5b758c28be45c7d5d6fbb140e6c3fe7829442ec52fac2ff13c47b6301e4,77,exists,other,,,0.000
0x441e72c65163612caf1b1c9ffaf67596defee0f9,262186,2015-09-20 09:35,0x5ed8cee6b63b1c6afce3ad7c92f4fd7e1b8fad9f,transaction,0x43bf94090e1257b7a32eec74f2c976b3d3614791913f026bd8ea38b9c91d76c1,108,exists,other,,,0.000
0x3c06b43e81ca0dab2fe173981faa91a1749e8dd7,262216,2015-09-20 09:44,0x0462838f4e30223d51310c9725c51217481141c2,transaction,0xc0daed41fc0973970b8084048942241f74d72995083d2c7a572f31f69ce8eb69,0,never had code,other,,,0.000
0xb6503808bf0d027df5cfc4ddb40de3708bb90026,262256,2015-09-20 09:54,0x0462838f4e30223d51310c9725c51217481141c2,transaction,0x7d6a33efdbc5008e5ee19af102ca6901f12e0e946d0838904d24d1cbc5c17b98,0,never had code,other,,,0.000
0xaabbf6b2d9e73bb6f4eee13a3500bf8733f7bd8e,262267,2015-09-20 09:56,0x0462838f4e30223d51310c9725c51217481141c2,transaction,0x6bdba4669949d27f00c8e68a821012b7427eaf77ef0ccbcc6f7ce1259032093e,0,never had code,other,,,0.000
0xc1efb9700a68000eb184c25d1ec9e83ab84eb70b,262278,2015-09-20 09:59,0x0462838f4e30223d51310c9725c51217481141c2,transaction,0x5e297348baf99755583381b3644b7751f73b72a4a98a08c16c5abb53bfd1932e,0,never had code,other,,,0.000
0x32ee1b24adf20782b072a534a88a1a90fd9c43f5,262289,2015-09-20 10:02,0x0462838f4e30223d51310c9725c51217481141c2,transaction,0xba7adca14356131efdafd458ecd23e3600dd0c62a805edbc7d2b209616cef929,0,never had code,other,,,0.000
0x804c58decad86f05e745dc7c12a49178bd05a33e,262308,2015-09-20 10:08,0x0462838f4e30223d51310c9725c51217481141c2,transaction,0x39fafe5ab97a1966174b0620e69c387ef979190e1f9eeab3f65b694a035521e4,4897,exists,other,,,0.019
0xc7fb262355db2a21b5941f11eeb168d52d92cd33,262326,2015-09-20 10:13,0x0462838f4e30223d51310c9725c51217481141c2,transaction,0xdf837665d7cc0d1ba90416f8e279cf8fea6ed40df985ce6a026c4ddd640eb16c,4557,exists,other,,,0.019
0xf93c43acb503613b7e5fd726517ea1e6d99af36c,262340,2015-09-20 10:16,0x0462838f4e30223d51310c9725c51217481141c2,transaction,0x2a8550f8c2a12efb29cfb94669ceda499a7aa0c44fd9030edb4edcdbab43f165,2416,exists,other,,,0.027
0x527e1d33e79c8a451e9daa481fc440721a7c8864,262350,2015-09-20 10:19,0x0462838f4e30223d51310c9725c51217481141c2,transaction,0x5c4ab10bacd36ad538d95e54bfa5924e79436fd299215f04fdc6362cbffee846,2756,exists,other,,,0.027
0xbfe67051fd94bdf71d0bb9dabc6fefac5d7961c5,262369,2015-09-20 10:24,0x0462838f4e30223d51310c9725c51217481141c2,transaction,0x761e398b80acc135532ea93f87d9a4c7bf95f5845a125d6eaae41a1e6c7e2060,2756,exists,other,,,0.027
0x92a7673718ca48a97182db3594fe021f82c1b407,262383,2015-09-20 10:28,0x0462838f4e30223d51310c9725c51217481141c2,transaction,0xcd98b39d49b29419e3850374a716beaa26da565a5f30291ba7ea9f973d771795,2756,exists,other,,,0.027
0x9e222c04211cc27d5f6afd9f43cbb13a90274ea6,262411,2015-09-20 10:37,0x0462838f4e30223d51310c9725c51217481141c2,transaction,0xf1ff7392dfdc13cef0d2fe91795ea1d2434669a25464467e0db4cf05fe7fc9d4,2756,exists,other,,,0.027
0xf565c54518cc0f2f4312e0db201429ca6b71a10d,262439,2015-09-20 10:43,0x0462838f4e30223d51310c9725c51217481141c2,transaction,0xe617bd6a9395fbc69e8a6499354bea3da7f7750420397b26265798260f95f3da,2756,exists,other,,,0.027
0x15070e7c856a686ee2ff425509e946dac8a63365,262453,2015-09-20 10:49,0x0462838f4e30223d51310c9725c51217481141c2,transaction,0xc9496f1da404c23fa73d57600b73bdab09f28bcef4533e7053b1e8dec25c6154,2756,exists,other,,,0.027
0xa320ee21c57f76db54a7b157256f17781cb5ce21,262481,2015-09-20 10:56,0x0462838f4e30223d51310c9725c51217481141c2,transaction,0x13c1fa1d47a6201c3d85b76299f5a0791c3780d5492d9c50964e39f4afe47692,2756,exists,other,,,0.027
0x72283c92a54afca82ef06b6268c66480b82a4067,262485,2015-09-20 10:58,0x0462838f4e30223d51310c9725c51217481141c2,transaction,0x046654784b6873ed4667913b03dcb96756c71a52008a3477edfe9995f8f10203,2977,exists,other,,,0.025
0xa8e58a8173e109feb1da5d153d328733aff0639d,262496,2015-09-20 11:00,0x0462838f4e30223d51310c9725c51217481141c2,transaction,0xd56ee85cb09c4ddb988295624bb5a024e8269ebb212519845ac47ab1e18d80ef,2952,exists,other,,,0.025
0x3b79a98f0c58a8f472632634a92dda669497281e,262513,2015-09-20 11:07,0x0462838f4e30223d51310c9725c51217481141c2,transaction,0x5f18e761a6889be1fe2840bca3f9779a5dc7d9c61f89096eaed25c39d5d9ec5a,2952,exists,other,,,0.025
0x6b8dedd61e606408353cb02d9bfff32d45abed9a,262526,2015-09-20 11:11,0x0462838f4e30223d51310c9725c51217481141c2,transaction,0xbea56dc6b7311662c4bb7e2c0a32cf7ecb656dc1f01cd59689523659ccb513a4,2933,exists,other,,,0.026
0xdf2f83ce0646496279b13b706141bdc65ab9660e,262534,2015-09-20 11:13,0x0462838f4e30223d51310c9725c51217481141c2,transaction,0x892f63188a0daa4ca4cc17333babc528d362b994718eedce66c4fcd239c1869a,2933,exists,other,,,0.026
0xde614aeb7fd9247caa2903c507ec7c22b8812b2e,262537,2015-09-20 11:14,0x0462838f4e30223d51310c9725c51217481141c2,transaction,0x6005a9965b988fb57b898ad88a928b64dc8ca2ff9e59b67fab7d3351980c6fc8,2958,exists,other,,,0.026
0x8dd77192b7f006d38602c3a8de9e773ced0595e4,262551,2015-09-20 11:17,0x0462838f4e30223d51310c9725c51217481141c2,transaction,0xb39ff8a8342d1649aba68ce459568dc69fbf96aa503e403101bfd02e45352797,2960,exists,other,,,0.026
0x5c5aee899e44088d2a9abae4ed5323f3402ef395,262558,2015-09-20 11:19,0x0462838f4e30223d51310c9725c51217481141c2,transaction,0xffa01d9e14da6179654cab7e9c8ea6f183b2407d7816748be78d81e3851b8889,2958,exists,other,,,0.026
0xc3f719fa2934c7fcd437c079dac01996a01f54a4,262568,2015-09-20 11:22,0x0462838f4e30223d51310c9725c51217481141c2,transaction,0x5568cc8d578e2d4eb6a468734f03f346b01aacc02901c53ecbba78672f3bfa7a,3560,exists,other,,,0.024
0xb896b25815e37dbd35da861112baf8a85426ee78,262600,2015-09-20 11:31,0x0462838f4e30223d51310c9725c51217481141c2,transaction,0x2744b3acd4f7c010439960cdf9d72e0146531acb0e005d426f0a463160c8b323,2990,exists,other,,,0.026
0xfc7e48742a29d5c995f4315169e60f148fdf83b4,262611,2015-09-20 11:34,0x0462838f4e30223d51310c9725c51217481141c2,transaction,0xc7a149a391b33c9d2b454948c7b8d598b32570e2aaf42dac2bff9e8993b4795a,2936,exists,other,,,0.026
0xa7dcf6477119e7796da9ad721733ffcec72f571d,262620,2015-09-20 11:37,0x0462838f4e30223d51310c9725c51217481141c2,transaction,0x52b6dd6764beafcf0fe1f0fce8c9c8a02c05ce524161f647c9e69183a07c3e88,2936,exists,other,,,0.026
0xb2d095c02bda57af9474619f8d2a19c965c25baf,262637,2015-09-20 11:41,0x0462838f4e30223d51310c9725c51217481141c2,transaction,0x36439a35c6884f12115cc05ea0b191f8ef4ba8d216fc83bc2d7130db42013042,2663,exists,other,,,0.026
0xa89f5d5b638c495069fab0b99f67435bbc739c73,262656,2015-09-20 11:46,0x0462838f4e30223d51310c9725c51217481141c2,transaction,0x295e8d147bc8fadf9d1ff55eff0b000ac4db9dadb547bff646d37df9214ca006,2663,exists,other,,,0.026
0x6fc26a39f65a4ea1b4ec539c5117bfa5f6400913,262670,2015-09-20 11:50,0x0462838f4e30223d51310c9725c51217481141c2,transaction,0x8a8ad888292ffb3bcd616b33e0231b581ca2b9fdc8562074189f008f03a43e66,2663,exists,other,,,0.026
0x1225986a51f7dc91f11916568b6cbcde4095bbde,262673,2015-09-20 11:51,0x0462838f4e30223d51310c9725c51217481141c2,transaction,0x6c27fea4c42457e6c190afa33c4e84af474ae97c058e610826b02f5c02cd7faa,2663,exists,other,,,0.026
0x43315f03dd63b1635198715edb433aaee8dad743,262681,2015-09-20 11:52,0x0462838f4e30223d51310c9725c51217481141c2,transaction,0xfed243f630ecac6ae8b3cc01f02a9058e175b8dcd9d54037aee9036fe39bef9e,389,exists,other,,,0.000
0x61048507a78b892b9f7a071742d28bcb9275bf29,262686,2015-09-20 11:53,0x0462838f4e30223d51310c9725c51217481141c2,transaction,0x4ee55d2440f4ac47dc75153e99ef93eff58ec79550b66736b07391a4f04a7129,389,exists,other,,,0.000
0x3ec738d2aa4ad9542c351d40bb6023838376fda2,262688,2015-09-20 11:54,0x0462838f4e30223d51310c9725c51217481141c2,transaction,0x4eaed4aea4607d5a2fe91199f4d90b692e58a0ad19e170446457c4c4146de843,2662,exists,other,,,0.026
0x9876a526f4cfa2fb575ae22448c1f558fff188f4,262710,2015-09-20 11:58,0x0462838f4e30223d51310c9725c51217481141c2,transaction,0x9ecf2c0bf1813ddb14f19c21467c86f0c0967e020f8cb1615ebe5894c70393db,2662,exists,other,,,0.026
0x72b524df1e33daba934122eb3438dbfb3242af2f,262724,2015-09-20 12:02,0x0462838f4e30223d51310c9725c51217481141c2,transaction,0x887d30b21fc377d4173612705f87a4cba844faa73ef2387b3835fb3daf0158ac,2961,exists,other,,,0.026
0xb4f2d6791bf8cb179a73655543598fa8078a9104,262736,2015-09-20 12:04,0x0462838f4e30223d51310c9725c51217481141c2,transaction,0x8a9ff13c54b711f92e3b41fffa087281f3f0d81662478d91486297d7ed3b6055,2961,exists,other,,,0.026
0xd226c05892b2d4b5b53297ada506415afccb9554,262753,2015-09-20 12:08,0x0462838f4e30223d51310c9725c51217481141c2,transaction,0x2c961c71c6e976a1d1216a72e25772d0d0aeef0da351ca7e4f4cfe490062d761,2961,exists,other,,,0.026
0x2c12be1863a7dac8e2ab92229a77b74632caeefe,262757,2015-09-20 12:10,0x0462838f4e30223d51310c9725c51217481141c2,transaction,0x10e5e9c8539ee0393e91488019a1dd7ea53853b4896b389d86a31ec791021c00,2961,exists,other,,,0.026
0x961dd92d0d64f3a92c4809287b8c8095db1865e6,262788,2015-09-20 12:19,0x0462838f4e30223d51310c9725c51217481141c2,transaction,0x82de019e24c22fb98c2d6a5b5d7d5b041938b90c79cd5107fa40049f36867e80,2896,exists,other,,,0.026
0xfd81e47f7873b69fa2bb1acfce9f58ddcace0ae5,262792,2015-09-20 12:20,0x0462838f4e30223d51310c9725c51217481141c2,transaction,0x41101ef313dec0b617c0439e6f137fccc892e7a1f4f3d0d8e464706838bb77ae,2896,exists,other,,,0.026
0x35fa28ebcf232dba860e90d576c2501bc13364a7,262851,2015-09-20 12:38,0x0462838f4e30223d51310c9725c51217481141c2,transaction,0xa3c003ec1be2d360e231ce1c585bd3a1a14a460564f0f6453ab2aeaf200c1e39,2896,exists,other,,,0.026
0xcb4209f4ed2927811bfef7e37b794ebb2943defc,262917,2015-09-20 12:55,0x0462838f4e30223d51310c9725c51217481141c2,transaction,0x5b83293e00fc658f403c77045e992a3e7d13ed8673618d837060d6c6602077e4,2896,exists,other,,,0.026
0x20f02962a5f541cee984dbd4c4398d492814bf80,262929,2015-09-20 13:00,0x5d3a874079045c21592b3f4c69d1c466b0342b07,transaction,0x8919d6ee7ae2a70bc4d3297e81ae16f946f82397e6088eb56951d9c768a4f4c5,623,self-destructed,other,,,0.094
0x88d675e08b053404209e6b0461a1b648592cfbaa,262936,2015-09-20 13:02,0x0462838f4e30223d51310c9725c51217481141c2,transaction,0x0361e347f16fbbf5763cf67aeaa8a655062dd56eb1dba29ccc68a0173a4c8976,2894,exists,other,,,0.026
0xd99d144dc28b25514a440e728767bd5de2a86276,262958,2015-09-20 13:09,0x5d3a874079045c21592b3f4c69d1c466b0342b07,transaction,0xc843d94225776d97ec15b56f410ed8c5cb4d63c4cb113373ca503c70f77dd3b0,676,exists,other,,,0.088
0x87d4c30e3f4ee7d1177156946cd32596fe475e86,262962,2015-09-20 13:10,0xcf684dfb8304729355b58315e8019b1aa2ad1bac,transaction,0xa4c99c61362dcaa91aa907fc4018e896e7888475355321178f7d91aae6d2fa07,854,self-destructed,other,,,
0x8802091021a1dc1116e922516cae506d6d566344,262976,2015-09-20 13:12,0xcf684dfb8304729355b58315e8019b1aa2ad1bac,transaction,0xbee7c12b7cf1c79e18634044ae675417ba9e49fa7a039d83b491f4f175f08ee8,854,self-destructed,other,,,
0x70809540169e2f7abca5af3daf1f7238b5d0bbba,263033,2015-09-20 13:26,0xcf684dfb8304729355b58315e8019b1aa2ad1bac,transaction,0xb149db3b55d32fa281dde76d8c17ff673e02722b6dace4a9b42a8165161120bb,940,self-destructed,other,,,
0x699f539b587434aa1bc4190ccc1428e711f124bc,263070,2015-09-20 13:37,0xcf684dfb8304729355b58315e8019b1aa2ad1bac,transaction,0x742050a5130efc9ec300e39ebd9300492d331c72a13e6ef060d3a3176d8db138,577,self-destructed,other,,,
0x034df87052894bbe35cbd4546fd1d3bdf7200e2f,263291,2015-09-20 14:38,0x1db3439a222c519ab44bb1144fc28167b4fa6ee6,transaction,0xcf24ed0d6ccee963ac5bd97d7a90717a8a6b8a5286e07fc775470837bc5b0271,1264,exists,other,,,0.000
0x173ddd20bdf0e6b4bbae196486575fea45638448,263618,2015-09-20 16:14,0xb40a1890d2c75ecd8d592bb2cb0c5b4509cb55fd,transaction,0xee17256a195d5ef62195fdca5d0c82b74ce339adea2cab8ba4ba0a63d9373472,0,never had code,other,,,0.000
0xf68e2fd419cd8c2508a8b39480dfac16aa5663b0,263791,2015-09-20 17:02,0x1ae1856d5811215dac11baeeb552fe7ad3fc94c4,transaction,0x8f74037ac8f91a18b54bcee45da09b7eb4ec73baff1991bcb2e3b2b5d05d586f,476,self-destructed,other,,,0.097
0x9994c560b7688ce125910737a2cabee075a76e7f,264209,2015-09-20 18:54,0xa2a4710d4e0f76f500582eebee7ebfe0ea57a1e4,transaction,0x587c401c1e8c470958604f9f5abfbe73dac214a979082befd85617799a707dab,0,never had code,other,,,0.000
0x76ae1e766977726542782188bf7a6743fb31e2d6,264250,2015-09-20 19:05,0xa2a4710d4e0f76f500582eebee7ebfe0ea57a1e4,transaction,0x085eb5772a04564d3bf2b8aa3d483f59801bcf0d8933a894cda43f7fa5d0ea94,0,never had code,other,,,0.000
0xf74212493d78da16c5d5776b0ecb055afade0426,264256,2015-09-20 19:07,0xa2a4710d4e0f76f500582eebee7ebfe0ea57a1e4,transaction,0x917df8554d19ffb3700d0ff301a2ef2be32d06bf0b18c54f1431f2eb4f664b2d,0,never had code,other,,,0.000
0x06a3ee722138e5187c8edb87e340da19414ce26f,264261,2015-09-20 19:08,0xa2a4710d4e0f76f500582eebee7ebfe0ea57a1e4,transaction,0x8217492e0aa724d117117cadaebe1ab4b65417e70556b2075141fae9a6a3226d,0,never had code,other,,,0.000
0x59a235d8bd3d0225fb4420dfd765a0b2c16af6f8,265044,2015-09-20 22:47,0x17c7d136bdfc4371f989076bb3842be2e73c3ec1,contract,,2472,self-destructed,other,,,0.045
0x595858869bd797b8217c174a7e51172220b1058c,265382,2015-09-21 00:24,0xfd2605a2bf58fdbb90db1da55df61628b47f9e8c,transaction,0x08a0c0ad090fdf182979b9a4a8ddecee2b3732f4fc34e2cbffb0d4565d5f2750,480,exists,other,,,0.037
0xc19fe6dc4ed2ceb54ebf7f96609fc5952d622a5f,265746,2015-09-21 02:13,0x4bbc2ef7e5482b88e8c9c4bc05c5a3d3ff2b03c7,transaction,0x5b5ceba0d9497ec153328131c6fe29ce8ddff68ad0b175b3dc8199a5df16dce2,495,exists,other,,,0.005
0xe5c70cf50a9e055a8353cca3e7411d962d9ddaf5,265754,2015-09-21 02:14,0x4bbc2ef7e5482b88e8c9c4bc05c5a3d3ff2b03c7,transaction,0x0883ac68f6316a731ccc3acca4f2cfabe6805620b6f38c4782581a13732a5b38,495,exists,other,,,0.005
0x5ca2c105cdd882f1f1028014fdeba6c3f675d959,265772,2015-09-21 02:20,0x4bbc2ef7e5482b88e8c9c4bc05c5a3d3ff2b03c7,transaction,0x15f0511144f61155911fd5aaa734b53b7eebc1a5a6cbed639c094e6d80f77096,495,exists,other,,,0.005
0x1fa30ee1730dcf38a1b2bc4309e7445d56e76fb1,265815,2015-09-21 02:30,0x4bbc2ef7e5482b88e8c9c4bc05c5a3d3ff2b03c7,transaction,0x1c9e624407290b60f18599cf435a74a8d733d12680efe2708ca41f48c69d6e11,495,exists,other,,,0.005
0xde6986cc00718faf24ea02c4d4af1be3d4b2531c,265822,2015-09-21 02:32,0x4bbc2ef7e5482b88e8c9c4bc05c5a3d3ff2b03c7,transaction,0x48d162d55de345512a917405c6a6533a3e0a6ccacc31daafa4427a44dae59e6b,495,exists,other,,,0.005
0xd710598e292f0d9e345e975916060696fe9cf48d,265914,2015-09-21 02:52,0x4bbc2ef7e5482b88e8c9c4bc05c5a3d3ff2b03c7,transaction,0x358d3713d00ad1238fcb517f26f1e0561d7fca30cd7515a240ae8fc051e81751,495,exists,other,,,0.005
0xbef31c4a8a4c1a0068e66dc530d3a4aeed19c400,265917,2015-09-21 02:53,0x4bbc2ef7e5482b88e8c9c4bc05c5a3d3ff2b03c7,transaction,0x6dac2eb7841a2b4e6e1955133f4037a616b881588f6248bed82766c2dd5bf3d3,495,exists,other,,,0.005
0xfc452fcc1a7d9b71ce46ffc39e65e9fb2ebd811e,265923,2015-09-21 02:54,0x4bbc2ef7e5482b88e8c9c4bc05c5a3d3ff2b03c7,transaction,0x923b52a8d66f9fc6517b6bf223101f741db139df36b6c1ad12a6e9cc18a50afc,495,exists,other,,,0.005
0x95df6ccd598c5bca424428afb820e123440ddce1,265926,2015-09-21 02:55,0x4bbc2ef7e5482b88e8c9c4bc05c5a3d3ff2b03c7,transaction,0x167f78ee37e8fc556453e16f2e24966489bd812387577ae5c016000794f9d4d1,495,exists,other,,,0.005
0x8579644f5370c359fd6853252c03acfcbc680f87,265946,2015-09-21 03:00,0x4bbc2ef7e5482b88e8c9c4bc05c5a3d3ff2b03c7,transaction,0xb3e942352f0dbcd7f3e496c9673831f3f5930997a56cb186f69c3eee1ddd0159,495,exists,other,,,0.005
0xcc17dbc45a8d011ef8367b41fe0103050376d7b9,265963,2015-09-21 03:03,0x4bbc2ef7e5482b88e8c9c4bc05c5a3d3ff2b03c7,transaction,0xc3dee15392197eb47b107c7a3dbb94ee5b447d6e0121cd09dd671416fe56e94c,495,exists,other,,,0.005
0xdb98a1c1fada17df5402e6781dd17ca76cd4b2ca,265973,2015-09-21 03:07,0x4bbc2ef7e5482b88e8c9c4bc05c5a3d3ff2b03c7,transaction,0x3628d9eebdc4a8ffa762749af0e93db9777d73ddcdfedc76282d4639eae86e2d,495,exists,other,,,0.005
0x52c2121d98c82b957d8862e86b2db4601f903979,266016,2015-09-21 03:17,0x4bbc2ef7e5482b88e8c9c4bc05c5a3d3ff2b03c7,transaction,0x51ff3b30c7d9b4941b35da6627ddde3ff1a637d70a458b4d9f108bdf4461cc7c,495,exists,other,,,0.005
0x016740515480649742b4d0c3eb5fad5dfbe68d01,266042,2015-09-21 03:22,0x4bbc2ef7e5482b88e8c9c4bc05c5a3d3ff2b03c7,transaction,0x1428d916f94ae1576c6fed2484b6860f9c527e019ee9ee2e886660eaf5da3242,495,exists,other,,,0.005
0xbfe18c68330b20f5ff749bd1ca547b364d982a26,266048,2015-09-21 03:24,0x4bbc2ef7e5482b88e8c9c4bc05c5a3d3ff2b03c7,transaction,0xe4404ee7711b4eb9b98915684ae3bd2ffe814d879341db8a0c4a04d945f93d57,495,exists,other,,,0.005
0x360b266e0b3e9ee306f20316b4964059bd603193,266660,2015-09-21 06:25,0x4bbc2ef7e5482b88e8c9c4bc05c5a3d3ff2b03c7,transaction,0xc99e93e7f26f794dc7e7fce53b09a20a50125efef4f411b878f154fdb9d2fc3a,495,exists,other,,,0.005
0xd4d1d397c7547070ce69d3e58ec99bc5e90d1aea,266689,2015-09-21 06:34,0x4bbc2ef7e5482b88e8c9c4bc05c5a3d3ff2b03c7,transaction,0x5172bb93395aac34dd6450b67b9c76180ab12d60c9c49a5a416f0e1f23a62bf1,495,exists,other,,,0.005
0xe8727d134c5e8d18975b9cc95851a3a9d31b22d2,266690,2015-09-21 06:34,0x4bbc2ef7e5482b88e8c9c4bc05c5a3d3ff2b03c7,transaction,0xcfaa4480d220234ecd1cfba0f56984af82db7c576b91ab795b7bb9e7415167f3,495,exists,other,,,0.005
0x4630d1fca04a0979870f308c7fe712be442ddb3a,267098,2015-09-21 08:32,0x46531e8b1bde097fdf849d6d119885608a008df7,transaction,0xb90b7cbeb2dc6db4d26c68c64c4633c2a11d26f5170abfe161b8e2d147c03ee8,49,exists,other,,,0.000
0x9ca7e991a96aad88a7eef8b4e65febebe1fa8bb4,267221,2015-09-21 09:11,0x1db3439a222c519ab44bb1144fc28167b4fa6ee6,transaction,0x4747ef85d2d64e0a6281a773d806d22d635935db48414918c4698dd876f9d195,1264,exists,other,,,0.000
0xec906b3944e84381ffac7835482ea7bafd5ecbcd,267288,2015-09-21 09:31,0x990ccf8a0de58091c028d6ff76bb235ee67c1c39,transaction,0x55e0b6c2079b1e48791924a6c585fc8a18681a1450ac4fa039d2d74645a64c1b,4031,exists,other,,,0.025
0xacaf7d852cf62aee9d43b962c731ff8b4408c73e,267306,2015-09-21 09:36,0x8674c218f0351a62c3ba78c34fd2182a93da94e2,transaction,0xced23e7a1b1dc4e51c6eeb64c2ff0e5d573afae43c7cb114a0b6b048d38d2fab,0,never had code,other,,,0.000
0xd539e8eda8a9aaa90253443668a9ad788b154a4b,267348,2015-09-21 09:48,0x990ccf8a0de58091c028d6ff76bb235ee67c1c39,transaction,0x7158b3fd9b50fa8794eea8e1119b343ab1932918a9bcd142cd410301a9df848a,4031,exists,other,,,0.025
0x036a9d59dc5a1b814f8839e14a0fd9a10c6e1194,267360,2015-09-21 09:52,0x990ccf8a0de58091c028d6ff76bb235ee67c1c39,transaction,0x2340a951ca1d497358dde701c7f6617a578256793587f92656918a81a6357b5e,4031,exists,other,,,0.025
0xd658a4b8247c14868f3c512fa5cbb6e458e4a989,267383,2015-09-21 09:59,0x990ccf8a0de58091c028d6ff76bb235ee67c1c39,transaction,0xdd3dc98933a7a307bfbd74cf35e56bc12c0254d2ff280241e04f3865d04e028f,4031,exists,other,,,0.025
0x75649ab5b4d165531c8d2e1178e406a095176028,267419,2015-09-21 10:07,0x1db3439a222c519ab44bb1144fc28167b4fa6ee6,transaction,0xb9cc2db348dd0405a1c81fecff6b0bdff9877624a70e3f254133a71586a86872,1264,exists,other,,,0.000
0x76882df06d9ac27ba37986fc99ea5425d0752874,267439,2015-09-21 10:12,0x8674c218f0351a62c3ba78c34fd2182a93da94e2,transaction,0xed0a9a02e67147feb74008ed21770091d8dd3009f69c7e189dc7c64fbc9e0997,0,never had code,other,,,0.000
0x54232b2c269c92eca67895429a6033ccb37a6dc0,267463,2015-09-21 10:19,0x8674c218f0351a62c3ba78c34fd2182a93da94e2,transaction,0xf02cb59acb0b4e5cca8de967377e552958fa81448c104b1caa680186a335ad56,1105,exists,other,,,0.037
0xe1a99f2ce25f9639599d75d0bd212c1e6b0d2457,267497,2015-09-21 10:29,0x1db3439a222c519ab44bb1144fc28167b4fa6ee6,transaction,0xc7c46d0f356a98f9a92b2de89ce64e75c1d1208d35bee0a99e0e367a77eb0669,1305,self-destructed,other,,,0.000
0xbc7d3a09551107f32f50aa450ca5e0bfa4694a7a,267504,2015-09-21 10:32,0x8674c218f0351a62c3ba78c34fd2182a93da94e2,transaction,0x9f167ba2d7263218a3cd02e2e7fe278646166c6fac885e48bc76fcecbf02b304,1108,exists,other,,,0.037
0x9f6e2b43189530792b34f935c0e8f2804ef92990,267524,2015-09-21 10:38,0x8674c218f0351a62c3ba78c34fd2182a93da94e2,transaction,0x4ca331d926095ecd18ac3a6cca865ced16e872b4beb972defd366c6d2a2b2c6d,9033,exists,other,,,0.046
0xc6c5d639930bc405978a47bd14845bb47723aeaa,267543,2015-09-21 10:45,0x8674c218f0351a62c3ba78c34fd2182a93da94e2,transaction,0x94e4fe4d576e6364283aadf70e2f5109d2132b93b66508b1d1d1fd9c2ddba380,0,never had code,other,,,0.000
0x926ad45124788c95031a5b8f8c790822b00b52ac,267557,2015-09-21 10:48,0x8674c218f0351a62c3ba78c34fd2182a93da94e2,transaction,0x74d9f8be62a77e03ec84b7705bbc1b7d3d328e99c133034a684d9c56ed505a45,0,never had code,other,,,0.000
0x6eeb6703fe4e3c2dfb2de9f1c3cdad1e340266f3,267577,2015-09-21 10:51,0x8674c218f0351a62c3ba78c34fd2182a93da94e2,transaction,0x20db5a5250364da980fb04898b7430625015e29beb3689e562386ef6f0f5a173,9123,exists,other,,,0.046
0x7fb3c212196f4b64b79f012d3d076ea425d1dba6,267777,2015-09-21 11:44,0x990ccf8a0de58091c028d6ff76bb235ee67c1c39,transaction,0x634a29da8463b438a843d4e6e2ac19aa8f71036de3f7907e509a9d857323c6a7,4031,exists,other,,,0.025
0x57a7b3b0ee066175a6ea2af7e1be5f53f8d1ee28,267827,2015-09-21 11:58,0xcf684dfb8304729355b58315e8019b1aa2ad1bac,transaction,0xf6552e211b98663f735d1d76c0dc0b8ce0e4d4355879b63df1f6b8c3a2f4b727,743,self-destructed,other,,,
0x2d815faea11a00eba7bac3a8c6c975a840644e5c,267889,2015-09-21 12:15,0xcf684dfb8304729355b58315e8019b1aa2ad1bac,transaction,0x00cc7b606f31949a2233f9ddf1adf73c4d7eac54223b2af1dbbf4cd63d592606,709,self-destructed,other,,,
0x012cc99b0725b39b59fd2e67524077c5ec578bb1,267909,2015-09-21 12:21,0xcf684dfb8304729355b58315e8019b1aa2ad1bac,transaction,0x97a3a06f548969a60d2b70dd13817db65dc28eb2fd669e289b662c8f8b295a25,771,self-destructed,other,,,
0xe5ff2c29724680174bb34c3813f150580f09ed20,267939,2015-09-21 12:30,0xcf684dfb8304729355b58315e8019b1aa2ad1bac,transaction,0xff36477b6fd19e923eacda19743ee75cf57111698aa6679ef58d0464bcb434ba,780,self-destructed,other,,,
0xbce988440296744c463a9939425d5bd6db843af1,267996,2015-09-21 12:45,0xcf684dfb8304729355b58315e8019b1aa2ad1bac,transaction,0xaf279ebe86288297321f830e3535e067de609e78b731cce1d86863119b3671f0,891,self-destructed,other,,,
0x68802b4ca0b8187096f96373dd300c791d321eaf,268023,2015-09-21 12:53,0xcf684dfb8304729355b58315e8019b1aa2ad1bac,transaction,0xfe93e09617a5f039c0cf83a8c4105f04200f4dc04ec7559e08ad11f3705a6156,828,self-destructed,other,,,
0x776f55fa27644705156a46e8c1b2dc28ca122832,268036,2015-09-21 12:58,0xcf684dfb8304729355b58315e8019b1aa2ad1bac,transaction,0x05f2f496549fceca1c0d966b73ed470cf6fd58dc85f2590b9cf0bc4e523533fd,466,self-destructed,other,,,
0x0ba12366651606d3157fede784d3cd1274e579a4,268046,2015-09-21 13:02,0xcf684dfb8304729355b58315e8019b1aa2ad1bac,transaction,0xfe6340ddd77b862af3853adc4e15eaec9813ab2695f0ddc636fb61b3dd5d94a8,904,self-destructed,other,,,
0xc4e5b19f8b7227452a2c6421e3e62a7aa5d14708,268101,2015-09-21 13:15,0xcf684dfb8304729355b58315e8019b1aa2ad1bac,transaction,0x24f66bc381375b02ac0c048815223eb87f6855ab05d4667db5903f5ac4c6ae0e,822,self-destructed,other,,,
0x8a99d9c2e45f333e404a5d3d96c17cc44955336d,268120,2015-09-21 13:19,0xcf684dfb8304729355b58315e8019b1aa2ad1bac,transaction,0x659ecb38f4e69befcd8c37dcc3d87a1dbad4f175288f24575c7aa5abb4f9f127,1470,self-destructed,other,,,
0x9fc109a236bc89ecf67622cb0452821381f85d73,268129,2015-09-21 13:23,0xcf684dfb8304729355b58315e8019b1aa2ad1bac,transaction,0x02f3fc6bc2fd8fb830784dea799bf05bab9b6f65658696a11576bc57a0f401e1,821,self-destructed,other,,,
0x5b79cbffecc9fb6077d85b3789369d531de0f3ba,268143,2015-09-21 13:26,0xcf684dfb8304729355b58315e8019b1aa2ad1bac,transaction,0x1a309234ab3aeac21cca4f6c7f130479d09e2299c374ec315c71f8f2cbd703ac,1194,self-destructed,other,,,
0xf4ba165ef03c7b3088b1f8eb52d2a7144cb0893d,268168,2015-09-21 13:33,0xcf684dfb8304729355b58315e8019b1aa2ad1bac,transaction,0x4663b12648c16958ee240630c0af6aee7619712b4898d071b89a0ed1952446d9,1194,self-destructed,other,,,
0x0c2457a6c236eb02be69fe3d9d4b3111594fdcb2,268180,2015-09-21 13:38,0xcf684dfb8304729355b58315e8019b1aa2ad1bac,transaction,0x2dce63acfcdb904e78766850019a4ca644789a04cf01aea0791f54f693054592,1194,self-destructed,other,,,
0xe8e62e0c5348bf7854e2ca91e2659f47864e76ac,268209,2015-09-21 13:46,0xcf684dfb8304729355b58315e8019b1aa2ad1bac,transaction,0xbb5d55433704e023102c8db96f6740d6e342ee7465489fedd16965fe6fba1029,1197,self-destructed,other,,,
0x9cb2ba330f35d30a8a1a1381f72b2534590e3eb9,268233,2015-09-21 13:52,0xcf684dfb8304729355b58315e8019b1aa2ad1bac,transaction,0x8d05b748d5d317b8ca35c83b37036cb40c076c82a50293bb19bf597942356a40,840,self-destructed,other,,,
0xdd28ca16b22fec832d31328919cf7dbfed8252e8,268282,2015-09-21 14:05,0xcf684dfb8304729355b58315e8019b1aa2ad1bac,transaction,0xa753eb8675a6fe57e2e9682dfb89bfd05b1b4d8c884c619ba20d7a89d55ecf10,1695,self-destructed,other,,,
0xa572527173ee7ca56ab72ae6165f8cb87d0e446a,268291,2015-09-21 14:08,0xcf684dfb8304729355b58315e8019b1aa2ad1bac,transaction,0xddf8877ade92a7e3c6280a4b3467d5978894be53c46df828f174f4ef95f5651b,1695,self-destructed,other,,,
0x6103747d18d174f61b470108f3a8be37c340523c,268427,2015-09-21 14:39,0x7d2bf6751846b59f2b73be89b8980b9637d840e3,transaction,0xbf80313d113a3c961dd57f605cf1bc1751181a388e80f5f7b8f7be575ea6a0ea,106,exists,other,,,0.000
0x9455c968229cf01e9640a496da44f26cf72f874b,268446,2015-09-21 14:43,0x7d2bf6751846b59f2b73be89b8980b9637d840e3,transaction,0xceee1c6bd0397047eda61bcf91245d172dd8a26197008f5c0237db7fb7170b0e,106,exists,other,,,0.000
0xda509cffd6032297f6c4b31ac11dd0ee07a5c42b,268447,2015-09-21 14:43,0x7d2bf6751846b59f2b73be89b8980b9637d840e3,transaction,0x0e690f247773d2a321e297b7d54c2d7056810c4a241c1ad35e10e9eb9db18d73,106,exists,other,,,0.000
0xdc00a9f92e9ea5cba399b026775e64596215861f,269236,2015-09-21 18:24,0x1db3439a222c519ab44bb1144fc28167b4fa6ee6,transaction,0x653dcad6796b5b4895bccbb84384f16e7ec974c53e2a553e1e2340cba2407f62,1789,exists,other,,,0.000
0xd0ed093408af5417fdfac9625d3aeacb03300b48,269438,2015-09-21 19:16,0x1db3439a222c519ab44bb1144fc28167b4fa6ee6,transaction,0x90265deb0c60c51eee6aae77f91cd1b7b04cb93ac0758a63fabf12a43e9929e1,1840,exists,other,,,0.000
0xcff3a3dbc611b364a7faa0a6834c2d22155c11e9,269609,2015-09-21 20:02,0x4bbc2ef7e5482b88e8c9c4bc05c5a3d3ff2b03c7,transaction,0x38ea917002d397f65d0b22f57dc9ef7db850541d5cb3c68e6bbe1f6bc7c702da,495,exists,other,,,0.005
0xb88493f6f70c102ff1d7790979f8fda1e5bec375,269855,2015-09-21 21:16,0x4bbc2ef7e5482b88e8c9c4bc05c5a3d3ff2b03c7,transaction,0xeaf8247461f3ba7d2d85e1a6241289593ee6c2794eed9528d44f38ac36cbfd50,495,exists,other,,,0.005
0x8dccdecd18ba77ea944add5889430c1a58bcdad7,270547,2015-09-22 01:00,0x4bbc2ef7e5482b88e8c9c4bc05c5a3d3ff2b03c7,transaction,0xa686abbf1b9f0b2f371468c4587c160f2e65e7aaa99efe280df7f2d04880ff3a,495,exists,other,,,0.005
0x45102439ac0f9982a20267f6f0bf3669af55f607,270616,2015-09-22 01:21,0x4bbc2ef7e5482b88e8c9c4bc05c5a3d3ff2b03c7,transaction,0xa5baf283c38b41ff3d67e99fb134b99d8b501f7430ca3086e3756decb6e6d1ca,867,exists,other,,,0.005
0xea815807271b0fa990d1eb66c0eec77ff17fbbbf,270628,2015-09-22 01:24,0x4bbc2ef7e5482b88e8c9c4bc05c5a3d3ff2b03c7,transaction,0x46c8915571e49f0d3969e4cf8611e00c759910f8b8fadcae288ba799569559e1,495,exists,other,,,0.005
0xe337a4cb0825840a84929178718affec13f55d3f,270631,2015-09-22 01:25,0x4bbc2ef7e5482b88e8c9c4bc05c5a3d3ff2b03c7,transaction,0x2b91f84f9ff6f62f24e0f0f94b6a396821e964379922087fe350d5f8063eb32a,867,exists,other,,,0.005
0x8230d81e3dae04203e7be342e15bb7c0e8816a58,270632,2015-09-22 01:26,0x4bbc2ef7e5482b88e8c9c4bc05c5a3d3ff2b03c7,transaction,0xa7201863bb6869224a9c80fe815df70dbd34c52e1a52972c31914b87a75536d2,867,exists,other,,,0.005
0x97a88c2ddf0c985d8b01d8aec9ae137e2801129d,270632,2015-09-22 01:26,0x4bbc2ef7e5482b88e8c9c4bc05c5a3d3ff2b03c7,transaction,0x6a0b73f528f58434c2f15ae0cba0e697ea8bbeb77e34e5b5b226b9389beba57b,899,exists,other,,,0.005
0x4c172cfca22cf4c18857468fc3a25d72e8690efb,270636,2015-09-22 01:27,0x4bbc2ef7e5482b88e8c9c4bc05c5a3d3ff2b03c7,transaction,0xda1e9f50d1239f3cf2d557f803730be556264bdc6b7ae61e2c7e8db5710f7bf6,724,exists,other,,,0.005
0x27cd9c424a3c1439a327c03c15578f38035906d9,270954,2015-09-22 03:01,0x4bbc2ef7e5482b88e8c9c4bc05c5a3d3ff2b03c7,transaction,0xa8793d8c45a6082f7cfb54afeb72b1dfe5204442e3d1718ea2c6ed8cf0d1a0a2,495,exists,other,,,0.005
0x6f44aad5f2a8d4c43489436e319f8cd78fcd5afb,270963,2015-09-22 03:04,0x4bbc2ef7e5482b88e8c9c4bc05c5a3d3ff2b03c7,transaction,0x0ca3d10fb1b20bd5e1aa6bd618e04ac904ddb53c6d41b01e8d31559aaa3110a9,1485,exists,other,,,0.015
0xc174b9117a378bd55b1ff51b227d34e876375360,271017,2015-09-22 03:17,0x4bbc2ef7e5482b88e8c9c4bc05c5a3d3ff2b03c7,transaction,0x9c81739fa6af02da8c601ec1b4cc0b19e983b7ce65e762680d1747fae28f1245,1485,exists,other,,,0.015
0xff2947b1851bb16a7c8e71c6a8458d29600f9d6a,271040,2015-09-22 03:26,0x4bbc2ef7e5482b88e8c9c4bc05c5a3d3ff2b03c7,transaction,0x192ecb161a5ad449185c9281fdcfcdcc3edd4ca1136750645697f3f60dd147d4,1648,exists,other,,,0.042
0x7ccd6318f10176c49dd07a68c8360856adb280f6,271511,2015-09-22 05:38,0x8674c218f0351a62c3ba78c34fd2182a93da94e2,transaction,0xe284b25d7c75308fdd076207e2343170120f83db47967098180a227bb26c4236,0,never had code,other,,,0.000
0x2858be938198beb28b6e595bbe1e0ea303457d1a,271522,2015-09-22 05:42,0x8674c218f0351a62c3ba78c34fd2182a93da94e2,transaction,0x0dd7c25f17110f0674a58c1bab3a23732958dbcfc44e7983a8231d70f7ca8bd7,0,never had code,other,,,0.000
0x83c0bc0863b5b97bf68335b95c4c4323ec577289,271534,2015-09-22 05:46,0x8674c218f0351a62c3ba78c34fd2182a93da94e2,transaction,0xd45e8494553fc882fa8ecb65ded162e545390a5ec0c2f79eb0982e1136377d10,9123,exists,other,,,0.046
0xc8a18a2ff0b3f845ba046f097418cbe64d131b30,271634,2015-09-22 06:14,0x5d1d36555752b215cfdb6a92995f5bf0e16f5ea6,transaction,0x0ce1032368b8a2599f0b1ecbd89ebf9be843181f9b39e0d48de94ccaad2999b2,10,exists,other,,,0.000
0x72e6f1da97caad5b4834898df86a851d05dba08f,271722,2015-09-22 06:44,0x5d1d36555752b215cfdb6a92995f5bf0e16f5ea6,transaction,0xb486f6c277f157e53a0ad8e0f18ee22a0188ec9067f1a1c254d1e98404853c07,115,exists,other,,,0.000
0xade1b9c40a470e48057666f9a161338371ad8bf5,271763,2015-09-22 06:55,0x8674c218f0351a62c3ba78c34fd2182a93da94e2,transaction,0x4c02ec45840b053ddce28c5ebe489d82261cbd4ab1aac8a1562d10cebe52d07b,0,never had code,other,,,0.000
0x4f2209a0269b1663527e5a45b42bf21397cb5dbc,271800,2015-09-22 07:05,0x8674c218f0351a62c3ba78c34fd2182a93da94e2,transaction,0x395037c72b653efe96bb81cf036ade7de2667882b7b1793abeb359083dd58656,0,never had code,other,,,0.000
0xbfb814b82530e4fcea2b39c8a4e947bd5dda5ac2,271828,2015-09-22 07:12,0x8674c218f0351a62c3ba78c34fd2182a93da94e2,transaction,0x2505634cf8d8676d0fd1b5ccda04c0d307465e421c9812caa58559913f6443e5,10603,exists,other,,,0.045
0x7e05754ca55673358f424c695a243fd0412ee97a,271839,2015-09-22 07:17,0x8674c218f0351a62c3ba78c34fd2182a93da94e2,transaction,0x109e4a95287335d2e70c282a83ce77e18f44e9f92dc89d8a4080498ea857c580,11055,exists,other,,,0.045
0x01eb011239275178445c870dc34455228b0714f5,271858,2015-09-22 07:23,0x8674c218f0351a62c3ba78c34fd2182a93da94e2,transaction,0xdb6ddf93177316f025db7d90fd587adf2641a17ce0a2b54f57d1be0ad4c896c8,11198,exists,other,,,0.044
0xfe80cdb9a559ce7f8ed6392e3f4c38113e1e0d4d,271884,2015-09-22 07:32,0x8674c218f0351a62c3ba78c34fd2182a93da94e2,transaction,0x9ea87c8fb884d179d0421f29c5ce3d44f13b9acf5d7e4292fe9b49f2a14e9a0c,11142,exists,other,,,0.045
0xca96df9e1b65ec6a1b63853f61ee6d391c35ce0b,272026,2015-09-22 08:15,0x8674c218f0351a62c3ba78c34fd2182a93da94e2,transaction,0x80dc01932f880359d37534304772dd2eede3add7759dae47c5f4df999b23150b,11089,exists,other,,,0.040
0x4942b8feaef425b30e2bb7d466dacb6ed42f3681,272509,2015-09-22 10:19,0x8674c218f0351a62c3ba78c34fd2182a93da94e2,transaction,0xeb29b5b88ad6da2c37acf131fbdacb28a357904574958342ac67d50700dab66e,0,never had code,other,,,0.000
0xcdb8b6ef0530da348bfae0a49562d606632fd345,272522,2015-09-22 10:22,0x8674c218f0351a62c3ba78c34fd2182a93da94e2,transaction,0x20d6bb72381a5cb054961492be91b2da61baf5f1525a1e5a75b215464763ed35,11526,exists,other,,,0.044
0x1a9e1f48359180d68fea914a89aae397b921bca6,272873,2015-09-22 12:09,0x8e91155388c8f2d8b17d936146a9b3e762cbcd54,transaction,0xd6a34774e895ccaa1315ab20b842ce6169ffc81f24e57f8e2298928d0bec7338,49,exists,other,,,0.000
0x3fcfa6c1d7d4365fe5c5e9c42fe554c91635ec5d,273095,2015-09-22 13:10,0xb1d9225b83d489e3eae21622f45947ee1426b47c,transaction,0x19d55ba22d19f639bfa27a692ad0090acfe5f4a11398d3bca0eb7a69c0ec9353,990,exists,other,,,0.037
0x380e8df0f365ee802a4bafcb73169fd841902029,273178,2015-09-22 13:34,0x29d048b1f434c350e689094bcbebd8b2d5a758d8,transaction,0x22aa565e5d3959e2d137ef416d983cc4fe5d81f035a6e1acbe6b69946c64de15,0,never had code,other,,,0.000
0x9874c54f3f7ad15f2dc4e181cc0bd95d8d189f3d,273220,2015-09-22 13:47,0xb1d9225b83d489e3eae21622f45947ee1426b47c,transaction,0xf1634e90b7ffe7bd603757a79be88fb8e5d53042939e848860a28c33dd879824,316,exists,other,,,0.018
0xa504cad01af5c4164f2fd8aad3da109412509179,273262,2015-09-22 13:58,0xb1d9225b83d489e3eae21622f45947ee1426b47c,transaction,0x16de4d9479b2c388118a5ef57d8ddc2a39e1bd11667af8636d53cffac39c46e0,0,never had code,other,,,0.000
0x8b2675b74f865498dc66a4711f662e61df3624dc,273334,2015-09-22 14:16,0xb1d9225b83d489e3eae21622f45947ee1426b47c,transaction,0x2583ab4be3c995e795d7d76329aff5c13c61181a4e7648f7580d4906ecbbf72a,0,never had code,other,,,0.000
0xb7982013eab7261e8060444d79c284f14105109b,273338,2015-09-22 14:17,0xb1d9225b83d489e3eae21622f45947ee1426b47c,transaction,0x207a69abe4e1974bba8fb11e48f95e398822b1c4b43d26388e1c68711da979a1,0,never had code,other,,,0.000
0x6e4facd718bf2ed10b1d612ec602f31436b3bfa1,273345,2015-09-22 14:20,0xb1d9225b83d489e3eae21622f45947ee1426b47c,transaction,0x07622022895efbbb3d586516eb1a6588422f7641d49081952f3e6a08b97eae7c,0,never had code,other,,,0.000
0x585d945e5a8df58ef45f88bd253d95ebeb38608f,273347,2015-09-22 14:20,0xb1d9225b83d489e3eae21622f45947ee1426b47c,transaction,0x812fe5144c4e4c022e94f59601ae01a42491e36e8439dd71d4f39e6256d9ca3b,1174,exists,other,,,0.041
0x329219be8810602a59b76df9ed7d52dc3afc3e8b,273762,2015-09-22 16:09,0xb0059e72ae1802fa1e1add5e7d0cb0eec1cc0cc1,contract,,3410,exists,other,,,0.040
0x5bab0c887d89a2703a770c6a41feeb103a484676,273762,2015-09-22 16:09,0xb0059e72ae1802fa1e1add5e7d0cb0eec1cc0cc1,contract,,330,exists,other,,,0.007
0x7ff073dd807c071a843573c2e88093daea728346,273762,2015-09-22 16:09,0xb0059e72ae1802fa1e1add5e7d0cb0eec1cc0cc1,contract,,330,exists,other,,,0.007
0xb0059e72ae1802fa1e1add5e7d0cb0eec1cc0cc1,273762,2015-09-22 16:09,0xd3cda913deb6f67967b99d67acdfa1712c293601,transaction,0xc6c479035f23533bf4679c61e239bdabaf7e6bede50292e01ad77f74370d345a,6621,exists,other,,,0.037
0x1fce1de80d291c558195facffd3c4049a127ffcf,274121,2015-09-22 17:44,0x7931c90100285910556fd3c6406942995930ad34,transaction,0x844b2fd11aeb78b70524f1cd35953762133c3744b8a621700078a2d3b8fdc940,42,exists,other,,,0.000
0x522a493d563b0189c76877382b33f4c8c842922c,274203,2015-09-22 18:06,0x4bbc2ef7e5482b88e8c9c4bc05c5a3d3ff2b03c7,transaction,0xff0353fcb9b32f576f7940b2eaa9a555cc947c8501407960c8da9d46c93d47d5,1648,exists,other,,,0.042
0x30eff2269c732c4a10f2b2151acb0979d48d380f,274214,2015-09-22 18:08,0xcf684dfb8304729355b58315e8019b1aa2ad1bac,transaction,0x1c45b86061e56dff2f43de5fa11311919f344c1957806d35064193b40e3bd77d,623,self-destructed,other,,,
0x6f3bc4c69867cd7b44b969af6b38de96d5d3473b,274233,2015-09-22 18:12,0xcf684dfb8304729355b58315e8019b1aa2ad1bac,transaction,0x60f2e930a32dcf2cb35e9b9142cb301fbe154dfe393ce85f67df0dc50b4a9b97,782,self-destructed,other,,,
0x3a0cc907753d33be07efa51b3dd961b8f4e29fe5,274266,2015-09-22 18:22,0xcf684dfb8304729355b58315e8019b1aa2ad1bac,transaction,0x30edd8d94ad1726053de63cd57dcea8c8424bb30040d4c75018b3ed383a23f7d,623,self-destructed,other,,,
0x3fb7a31a32b958acde2342233362038a5100182f,274271,2015-09-22 18:23,0xcf684dfb8304729355b58315e8019b1aa2ad1bac,transaction,0xed6931bcad5518bc15db0b22477458231151592852d6be54f869d8505ece0157,1002,self-destructed,other,,,
0x884d1f19352506bb92880ab34f16ee70025bacd5,274365,2015-09-22 18:49,0x5d1d36555752b215cfdb6a92995f5bf0e16f5ea6,transaction,0x8aab232c4d38511f051060fd0d32d9599fc0eff7e65143588e1e6837c08b08e9,334,exists,other,,,0.000
0xfebff5500ec9068b79bed2fac16a09e0465cd38c,274463,2015-09-22 19:17,0x4bbc2ef7e5482b88e8c9c4bc05c5a3d3ff2b03c7,transaction,0x2f61dd343f9998359ef440ef831518f2758cacfba2970dac2913ba49d9e7c1d1,1648,exists,other,,,0.042
0xc77fbe62dbb2ffb17b5c8ca77751d81edc119ed1,274709,2015-09-22 20:27,0x8dbc75fb7f596c302e2cbe24b6a754a81d21654b,transaction,0xd1a5a9307320516ec9582235e76e177926e2c86908201539bfe1bc9b69bbe992,316,self-destructed,other,,,0.018
0x223294182093bfc6b11e8ef5722d496f066036c2,274899,2015-09-22 21:27,0xd3cda913deb6f67967b99d67acdfa1712c293601,transaction,0x125661c7bd457c0dcde7931bfced99fb64425d2ed76d27d9f44c7c839b49a55a,1053,self-destructed,other,,,0.018
0x08d6f03ebb1d0db0c1072692addaa289570cba55,275694,2015-09-23 01:14,0xcf684dfb8304729355b58315e8019b1aa2ad1bac,transaction,0x2c137714977eb1175f183f534c468daee602d6782bbd07db476a741a1d034909,756,self-destructed,other,,,
0x988ec00ea642b7ecb48e95125e07bb60e7af78fd,275705,2015-09-23 01:19,0xcf684dfb8304729355b58315e8019b1aa2ad1bac,transaction,0x2c8519e638aa3c670a586e6af68556c4540da02842088c37892b8940fe4fc609,756,self-destructed,other,,,
0x3fb587c373414432b4ed33a074b47ce70abb9815,276414,2015-09-23 04:34,0x1db3439a222c519ab44bb1144fc28167b4fa6ee6,transaction,0x593ee95a55e4698f68b1f0699e7dd1d1a7877e854c0efa691a57c133bd17d74f,2239,exists,other,,,0.000
0x87e8c81194edbe6525ca6db174a402cf9590c060,276517,2015-09-23 05:03,0x1db3439a222c519ab44bb1144fc28167b4fa6ee6,transaction,0x2f315d29efe9949014489104de5cdb782a1f7251984f526a1a155f76e215ff10,2277,exists,other,,,0.000
0x93eccff8a25c9e0da6d468528a68396facdf991d,276625,2015-09-23 05:39,0x1b29f1483232d2eaef8a5d535bc4b641d280f52a,transaction,0x3b5080c731e363145218378a47b681fcd9df89ceb657dc426f9326fffb3f7a0a,316,self-destructed,other,,,0.018
0xd9b49b36b2454c7f3a7f1321e58b533c1230f6a9,276722,2015-09-23 06:07,0x1db3439a222c519ab44bb1144fc28167b4fa6ee6,transaction,0xee4190051ab233580409720173b0d4e7ad32234b108f0c51232fa41bcafe20ab,2277,exists,other,,,0.000
0xcfe01764a920e9c1ea9dc80e789021d37fcb07f5,276809,2015-09-23 06:28,0x1b29f1483232d2eaef8a5d535bc4b641d280f52a,transaction,0x77ee18dac8eb07e43568e906f6a38fb479b154e96db73f330bfc17e45c8f05c6,0,never had code,other,,,0.000
0xdaa036275cd6893f3acea9c0b29364bc20ca2387,276826,2015-09-23 06:33,0x1b29f1483232d2eaef8a5d535bc4b641d280f52a,transaction,0xe0c1fcddb0f5665c5f07fc96ce827b9e3afd9f94e616357d747bedc807abe814,316,self-destructed,other,,,0.018
0xec9c9c313d2cd6f78fbb1c6835d7add84076bb7d,276867,2015-09-23 06:43,0x1b29f1483232d2eaef8a5d535bc4b641d280f52a,transaction,0x3bd9f8654cdcdf1a0d3e6c54290c7c9215ee55ab2fc11ff36089b2720431877b,0,never had code,other,,,0.000
0x59375871ab51e8ffdf8d894071b330a3fa55b7d0,276870,2015-09-23 06:43,0x1db3439a222c519ab44bb1144fc28167b4fa6ee6,transaction,0x07e979d23b6c27b37471d1c04fc242d5c8c24c95a987de72316389a54449e37d,2387,exists,other,,,0.000
0x244e672a0dfdd4d72a72df67c8f5c9ff2f71e751,276897,2015-09-23 06:51,0x1b29f1483232d2eaef8a5d535bc4b641d280f52a,transaction,0x43fdfe1aca3c4f577f1c11b8876bee63432cfb3d2912fa63ba6fbbb9cb070e99,316,exists,other,,,0.018
0x6f477a6117107bbf76fbc084e06d60dfcbe88a00,276905,2015-09-23 06:54,0x1b29f1483232d2eaef8a5d535bc4b641d280f52a,transaction,0x5c554789dff67211b44a6dd116d858ad080e6ea8d94df028e687bb05548b3762,316,exists,other,,,0.018
0xf039eb559df879b02cbaea4ea0d6f5e9d8341c53,276912,2015-09-23 06:56,0x1b29f1483232d2eaef8a5d535bc4b641d280f52a,transaction,0x093cdb624d165f1bed9f1520cf3e1b4e6ecd927e3451390988b60e204e0a4aa9,0,never had code,other,,,0.000
0x3a5d474875caff8a953de2d4a859628dd44d9d9c,276923,2015-09-23 06:58,0x1b29f1483232d2eaef8a5d535bc4b641d280f52a,transaction,0x89e19784cfda8cfcf0712651c0021b382c5c4d0d1be1f647bb6ba635e7278868,316,self-destructed,other,,,0.018
0x19059e1bdfd297289a430238b18469375b82b644,276931,2015-09-23 07:01,0x1b29f1483232d2eaef8a5d535bc4b641d280f52a,transaction,0x312765914a67d197955af35ba5c42167d06f8bb62fe8748adbf08869e45ae97b,472,self-destructed,other,,,0.018
0xa31cbc0413324f9a2ceffd06bfbb780fe6a64626,276962,2015-09-23 07:09,0x1b29f1483232d2eaef8a5d535bc4b641d280f52a,transaction,0x4ac88d1bb560800b095f9792cc5cf81d9b720b11a3add159582abacf3e43b3ea,316,self-destructed,other,,,0.018
0x06513e339643d4d108d663c414312a8a42bc7f5a,276987,2015-09-23 07:16,0x1b29f1483232d2eaef8a5d535bc4b641d280f52a,transaction,0xbf346bc46f2a000765f013b9219bec7d0b60f75719f740ae5602b4ed3a567321,538,self-destructed,other,,,0.018
0xe0791439f5200e9ba47b560afa9ccf4f1330172f,276992,2015-09-23 07:19,0x1b29f1483232d2eaef8a5d535bc4b641d280f52a,transaction,0xa005be74543fbe2e9c16b4c8a24fcd1c356b70ba3cf31d61b5cfa91cba676ffc,538,self-destructed,other,,,0.018
0x2544df84af7739ee2ab261e661e7580848864f22,277028,2015-09-23 07:31,0x1b29f1483232d2eaef8a5d535bc4b641d280f52a,transaction,0x387f67120e674f79fdf20afce19a5f0a51f1402ec5c01cc7960f6fd2b9b2266c,293,self-destructed,other,,,0.007
0xa88fc7a34ca36b952aa45d94c1e13155042b5e7d,277078,2015-09-23 07:45,0x1b29f1483232d2eaef8a5d535bc4b641d280f52a,transaction,0xb65371118904a071ab9ee923e3e6152f0a0248acc2d08efc95840b9feb074bfb,0,never had code,other,,,0.000
0xf1b2db39256ef18e806f1245948e5032e5d86529,277095,2015-09-23 07:50,0x1b29f1483232d2eaef8a5d535bc4b641d280f52a,transaction,0xe7a52d9d1139b251ec7b75b19ae2c11f5bed6dc874cd41114425563c44e05b32,293,exists,other,,,0.007
0xcd7a2fe9cb80c95b03950daf5b6d476bec9ac24d,277099,2015-09-23 07:52,0x1b29f1483232d2eaef8a5d535bc4b641d280f52a,transaction,0x9a85584d43666dcc89d9d0833131d5b2ef0cf1997fae899be7b15e2236087ad9,0,never had code,other,,,0.000
0x6304b3bbaf33436bd3ddca8d2e7801b46a88a773,277102,2015-09-23 07:54,0x1b29f1483232d2eaef8a5d535bc4b641d280f52a,transaction,0x33728688d5fde814c48e6fe98ab30db317e69e7644a642a68ee5ac2e29985293,699,exists,other,,,0.028
0x441a011a8f956f1b09816622c1a4fb2b4451f263,277155,2015-09-23 08:08,0x1b29f1483232d2eaef8a5d535bc4b641d280f52a,transaction,0x5b0c61a6de7603d19fdc80a52c5b17557dc2b5425f3f3cf0994574ce433a5e7d,714,exists,other,,,0.028
0x1e97801b5c11863c800209cb216f53e0f9ca2f19,277179,2015-09-23 08:15,0x1b29f1483232d2eaef8a5d535bc4b641d280f52a,transaction,0xa5bee680e90a63b69ed630ae55f65ce6a0d620696a16cd8ef571bba2033021c8,715,exists,other,,,0.028
0x501dc78595fc6d3a22acbe554ea6a7b609f0b479,277193,2015-09-23 08:19,0x1b29f1483232d2eaef8a5d535bc4b641d280f52a,transaction,0xaa137139c46dcd24b754cd6a8c1413d064fc22472b26d84b249b6ea6ab8a442d,715,exists,other,,,0.028
0xfb331c697947fee2da1c1e3d8f2457cd623fbe45,277208,2015-09-23 08:23,0x1b29f1483232d2eaef8a5d535bc4b641d280f52a,transaction,0x68d4338664bb8d60474a45478b1f5110edd64fc5aed8b9a7823c1d4a8508a969,769,exists,other,,,0.028
0xa493979dd7f7762d16198c58d535a0961685baba,277894,2015-09-23 11:32,0x48175da4c20313bcb6b62d74937d3ff985885701,transaction,0x04586c649611ad6c96509c61d3ab49498fc415a75203e690b91167e9fcbbeebc,1860,self-destructed,other,,,0.055
0x7fc858e98b5b0bb98ec9bf0c60e56feb9833af85,278718,2015-09-23 15:26,0x8674c218f0351a62c3ba78c34fd2182a93da94e2,transaction,0x39d4ec20b005c07970b380c52ca48344a266eb0c11697d522a01861f988cce92,224,exists,other,,,0.000
0x36a86eec443b7ef7517327e372b73f26bfd22826,278751,2015-09-23 15:36,0x8674c218f0351a62c3ba78c34fd2182a93da94e2,transaction,0xeb043d3fc667c598f4923732f69967a127a4963969b7637c349934cb1f1e4c62,668,exists,other,,,0.033
0x0ab9c581e846d0ed7e86c4dcdebe5a68c3520de5,279929,2015-09-23 20:42,0xf0134ff161a5c8f7c4f8cc33d3e1a7ae088594a9,transaction,0x6f00a9eb55bb537806c015bd22cededcf4950bbaa987e507ac228dbfdde819e7,521,exists,other,,,0.111
0xe5d247f735fc133dd5520cc72184b20fd0b9958e,280158,2015-09-23 21:54,0xf0134ff161a5c8f7c4f8cc33d3e1a7ae088594a9,transaction,0xf2656a67833d2d44ae92922f2010d0343235e6a11669064285310728cce8a084,217,exists,other,,,0.024
0x683be9ac8d71bdc0d0f3cd9197c729f7a8bf0ff9,280246,2015-09-23 22:19,0x4bbc2ef7e5482b88e8c9c4bc05c5a3d3ff2b03c7,transaction,0x8e9b60d1a1fb3cab9b1298125dd95bc4ae4520d7d3c22bcfa77e31deb5cc635f,1648,exists,other,,,0.042
0x6546b3b4d3be6bb26e32977061a2b1336619c5f4,280268,2015-09-23 22:23,0xf0134ff161a5c8f7c4f8cc33d3e1a7ae088594a9,transaction,0x1e9565b99fe8c3fe2ee6a4e08e672bee04f5095b61907f86baedef1a377f6e63,521,exists,other,,,0.111
0x1edf23b3d74c2c083a517a29c1a21282867c59ec,280417,2015-09-23 23:09,0x4bbc2ef7e5482b88e8c9c4bc05c5a3d3ff2b03c7,transaction,0xef2d3591f15da7bc72bcd89331b0fc1669cfcd8a4a09378f99a31e2d380854ea,1648,exists,other,,,0.042
0xfc2c6085cde719bd28c07db43784440f7b8f1099,280885,2015-09-24 01:17,0xf0134ff161a5c8f7c4f8cc33d3e1a7ae088594a9,transaction,0x5131cf527fb2f12798f1e75f0c886fa66f5a66d6e44fbc5eb0cbb6847513b125,71,exists,other,,,0.000
0xd82aece2d1e70e16a6a0c2eacebaf4676349483f,281870,2015-09-24 06:14,0x8a88100a633c95016c6a6331d5cdb1029b75949d,transaction,0x57badeda85247ba659b5973742c5c24c90d8e0d45ad1f06e843f10ab69207b74,0,never had code,other,,,0.000
0x64f2e20e643e92b8f1b0af02053758ecb2dabcee,282869,2015-09-24 11:02,0x1db3439a222c519ab44bb1144fc28167b4fa6ee6,transaction,0xe99fdfd2aaef4a0247ceb7e46d1ecef57f9134ad2ee7c04f1fa2f590ae5c5c31,2387,exists,other,,,0.000
0x33990122638b9132ca29c723bdf037f1a891a70c,282880,2015-09-24 11:06,0xfe78b27b9a135636679f07fbccca7cabd8e5c370,transaction,0x335c41bc86a7115307cb95afb69f5403dce4a25a540e678b2a66ab8080aaf112,2880,exists,other,,,0.026
0x23bf622b5a65f6060d855fca401133ded3520620,282885,2015-09-24 11:07,0xfe78b27b9a135636679f07fbccca7cabd8e5c370,transaction,0x23409877ab248eb794098ebca442f868deafbe604387efe19f84a3e44fd73e47,152,exists,other,,,0.000
0x73ed5ef6c010727dfd2671dbb70faac19ec18626,282898,2015-09-24 11:10,0xfe78b27b9a135636679f07fbccca7cabd8e5c370,transaction,0xe9cb5f3bb8e56c6e27a78f76907c64ffe37cc33848e54f0b48030e4ba65707ad,193,exists,other,,,0.000
0xa25f4fe378f2fa0d91e64524a5b6aed113663909,282953,2015-09-24 11:28,0xfe78b27b9a135636679f07fbccca7cabd8e5c370,transaction,0x3a03679f8f4883499b3fa096b84227a4c59fd02f612ac3e58a1489fd193f687a,109,exists,other,,,0.000
0x14bdec6ef232b45db50c90e628c88b084ec44a9f,283004,2015-09-24 11:42,0x48175da4c20313bcb6b62d74937d3ff985885701,transaction,0x2cecd8f0078b477a8ab538d6c16180e05e07bbb14610219d6b2bb7cf690bcf95,1097,self-destructed,other,,,0.055
0x73cacded766a35aa1fccd85d932257ec1fd90a27,283642,2015-09-24 14:45,0x48175da4c20313bcb6b62d74937d3ff985885701,transaction,0x9fa2aeab1ca9c9500ce741fee13a8c55957d65d0d102ec00745111947d6b34c6,1162,self-destructed,other,,,0.055
0x43f811d66693de2026728218d2d1418e55ca3654,283683,2015-09-24 14:58,0x48175da4c20313bcb6b62d74937d3ff985885701,transaction,0xc027b09bf92533897fc5ddc41fb50ad4634d4bd766c004e0892fadec010f9c61,1162,exists,other,,,0.055
0xb5b8a0fed80719cc3903cd5108e9a513949cfec6,283697,2015-09-24 15:00,0x7931c90100285910556fd3c6406942995930ad34,transaction,0xcc2a24a51cba6b3388cd971242b76cc957c245b0ebab1ff42bbfab020f9bb5dc,2244,exists,other,,,0.030
0xcbe06ca838dc11cde2c86d648b40048db254c81c,283705,2015-09-24 15:02,0x7931c90100285910556fd3c6406942995930ad34,transaction,0xf18222db78b98e2549dc94a7e11aff7680a16468dfc35f9228bafbfbfec244ec,2244,exists,other,,,0.030
0x8d0c131a206b925e63632c0fd28cc78ad6ff4f34,283716,2015-09-24 15:05,0x7931c90100285910556fd3c6406942995930ad34,transaction,0xbbd2791bab202dca468b1aed8d42d8a9162d6e587ca3350f7b67f0e983007e64,2244,exists,other,,,0.030
0x8ecd7a31aa1df7097dee329a1a999880c4605874,283724,2015-09-24 15:07,0x7931c90100285910556fd3c6406942995930ad34,transaction,0x789403ca9a7e79fa22341501179556e1bf94140688facee46b161dfbaa3b3626,2244,exists,other,,,0.030
0xba2423f13495a3495a5a2307574ada554e0516e0,283736,2015-09-24 15:10,0x7931c90100285910556fd3c6406942995930ad34,transaction,0x7b9b78fd7d4871477b07793cd229739789b79077e502231c34358bc6db12053d,2244,exists,other,,,0.030
0xc602cba93e01f6363efde68dff07ed5bf1c710c5,283748,2015-09-24 15:16,0x7931c90100285910556fd3c6406942995930ad34,transaction,0x00e2fe3af699d1dabeab48e8a06032132b612a70c65a49cb8f33a8271e4fd715,2244,exists,other,,,0.030
0xf9fe42060ae6f44eac7e9cb04559db0b85cdd61c,283761,2015-09-24 15:20,0x7931c90100285910556fd3c6406942995930ad34,transaction,0xb90fad820a8235534216d994a5c59ecbbfa57ff52d50e774f6680ffb8dba3d26,2244,exists,other,,,0.030
0x50b260eb03d353432f6cb2fe4822522009219043,283764,2015-09-24 15:21,0x7931c90100285910556fd3c6406942995930ad34,transaction,0x32605d77256de573282251cbae5de261522623faa481a1de204f6b102284b2bf,2244,exists,other,,,0.030
0xe915ffcfbc1dd596361579f24b86b9ab93980295,283771,2015-09-24 15:22,0x7931c90100285910556fd3c6406942995930ad34,transaction,0x49348f5f18588c91cf1f437d277876cd58ad7bc8f0e7e65c99ea889dfee9210c,2244,exists,other,,,0.030
0xe26755edf74d538b740d92319ca525c58b4f1bcb,283836,2015-09-24 15:39,0x7931c90100285910556fd3c6406942995930ad34,transaction,0x6d06150129eb7e505cecddff896b7c10cea303b9c71671f3e3138ecbf9af8816,2244,exists,other,,,0.030
0x1138e862f44df2506abf48d8aba5b805eccc96c4,283919,2015-09-24 16:07,0xc57b3d4b3d69df9b746d64c06b14ff59c81af762,contract,,514,exists,other,,,0.004
0x80e275a4ab1ea0b1a98a5eb8aea104f1bf110f44,283919,2015-09-24 16:07,0xc57b3d4b3d69df9b746d64c06b14ff59c81af762,contract,,514,exists,other,,,0.004
0xc57b3d4b3d69df9b746d64c06b14ff59c81af762,283919,2015-09-24 16:07,0xd3cda913deb6f67967b99d67acdfa1712c293601,transaction,0x292a34b9dc9ce67d0b992d8b3a5a6b6ecbf25376b3adabcba56919054622cb7a,0,never had code,other,,,0.000
0xc5dd57026447ed3287196ac1e4c03975c5398ae7,283919,2015-09-24 16:07,0xc57b3d4b3d69df9b746d64c06b14ff59c81af762,contract,,5168,exists,other,,,0.030
0x6e79558453a083917af685793f29b424831b9f1f,283945,2015-09-24 16:13,0xd3cda913deb6f67967b99d67acdfa1712c293601,transaction,0x750aeb283e4db673454d30885d94beb723f23a8adb4590c761fa59b0406f6a81,0,never had code,other,,,0.000
0x758e18668c1024602fff556b82a553da4d80006d,283945,2015-09-24 16:13,0x6e79558453a083917af685793f29b424831b9f1f,contract,,514,exists,other,,,0.004
0xbaa4486fcc591476deb040377838b1b818b1cdfd,283945,2015-09-24 16:13,0x6e79558453a083917af685793f29b424831b9f1f,contract,,514,exists,other,,,0.004
0xd3b727dc4f38f9fcd2059ca2cb1b3451a20206a9,283945,2015-09-24 16:13,0x6e79558453a083917af685793f29b424831b9f1f,contract,,5168,exists,other,,,0.030
0x5d5c7337e86315e17d21ad620f534d9e45de1878,283986,2015-09-24 16:24,0x0094e72b29cd009183e412a226eb1a06badf3242,transaction,0xa3a0ca62d29cca3c03143b8b9bbe20319549eef312931023f28c662cfe35f2e1,361,exists,other,,,0.012
0xafac6ebf8cd3f8b490a845041dea6472b88a73ae,284027,2015-09-24 16:33,0x0094e72b29cd009183e412a226eb1a06badf3242,transaction,0x3c6996c29d8ddb151e860a8147adcc9455905ea3daad87bf3510cb1dcc6300f0,231,exists,other,,,0.011
0x6e1f0aef52b7b4b341ad27e00e394bd1c7f8b888,284041,2015-09-24 16:36,0xc1cfa6ac1d7cf99bd1e145dcd04ec462b3b0c4da,contract,,3447,exists,other,,,0.036
0x73770dc8c0477826e6ce849ba06688690ddd6fd6,284041,2015-09-24 16:36,0xc1cfa6ac1d7cf99bd1e145dcd04ec462b3b0c4da,contract,,330,exists,other,,,0.007
0xc1cfa6ac1d7cf99bd1e145dcd04ec462b3b0c4da,284041,2015-09-24 16:36,0xd3cda913deb6f67967b99d67acdfa1712c293601,transaction,0xb16fc553f27b413cc4973c380e7e85f8d90efeb721ed63335be5267cb848c5c3,6687,exists,other,,,0.037
0xd8e0968c56d52ebc43fb357176128d8ab53cf487,284041,2015-09-24 16:36,0xc1cfa6ac1d7cf99bd1e145dcd04ec462b3b0c4da,contract,,330,exists,other,,,0.007
0x7d8a046f0e4987e0b7cdac21c361bf2757383a08,284269,2015-09-24 17:42,0xd3cda913deb6f67967b99d67acdfa1712c293601,transaction,0x8aa9245f17c7785e3acb659576e41ddef6f666b19c5e6337afe50d937d387173,1179,self-destructed,other,,,0.018
0xad1a41f7e5ff04f81c2e7b73c026254fa73851e4,284512,2015-09-24 18:48,0x62a496c75751c67e600f5d04e763b85d4069af8e,transaction,0x1d4abb91b426ba41436ba663bce57304595b664807cf390221f911e139d6a5ab,86,exists,other,,,0.000
0xa3986e6e31f28433aeadf29dd0b3affcbcf826dc,284599,2015-09-24 19:12,0x71353366b3ca768968ea084167655e1cc09938f2,transaction,0x026f4748b66125091958acd7e81835b1777ba15177b73e9e7a3563e26a78077b,1248,exists,other,,,0.016
0x28f1ea59be2b797fe455d4279b4fc4497536bde7,284632,2015-09-24 19:21,0x1ae1856d5811215dac11baeeb552fe7ad3fc94c4,transaction,0xba605f6aeceef9a3641af0a8441c270a983f729d901ed9b2986a1a448e43e392,476,self-destructed,other,,,0.097
0x92c7143b1a11dc199cb0c58311f7c37395546615,285228,2015-09-24 22:10,0x1b341f7a7732c33c8140b1c11161c6d274979818,transaction,0x2f401fde7b87114d1f3ebe84354f2e8b806512338ea25e876fa962595b775084,2880,exists,other,,,0.026
0xd9b4d70d5b5e717a99d24fa0465f180688a3df13,285228,2015-09-24 22:10,0x1b341f7a7732c33c8140b1c11161c6d274979818,transaction,0xae5239a3df2ff7bde1f585955be1ea24a370ee914087293f6d1eeb6b080b9374,152,exists,other,,,0.000
0x2c9d2db85e9f7ce70df01ce5ea472067147e8e04,285229,2015-09-24 22:10,0x1b341f7a7732c33c8140b1c11161c6d274979818,transaction,0x53892f4a7a4e4f56cbe64297f50b83062cdd9a9feb4e20bbcd3c9ae9ef19d449,152,exists,other,,,0.000
0xa07e0a9519a2eca3312083f3fe91496f5d899ccd,285229,2015-09-24 22:10,0x1b341f7a7732c33c8140b1c11161c6d274979818,transaction,0x6d599ec1e192d619e556e5e9d92641f5e5dce110827ff7aa5b4f6446c66803bc,193,exists,other,,,0.000
0xe121c78bd4dc097bd949ba94e2a4621c32700630,285229,2015-09-24 22:10,0x1b341f7a7732c33c8140b1c11161c6d274979818,transaction,0x88f94c78f35215b32a5b41fabbb801f671f528b8e53de85b6ddee21fb5cea393,2880,exists,other,,,0.026
0x2b794737af0f32c30696d48563866e5e3bf7008a,285230,2015-09-24 22:10,0x1b341f7a7732c33c8140b1c11161c6d274979818,transaction,0xc6e11350476f2c5e20bfe40b29d6f3ac5cd2b472d92915071d76cbb30f2983aa,2880,exists,other,,,0.026
0x77f5f756f78a43a206c9027cf7454ef08728abbe,285230,2015-09-24 22:10,0x1b341f7a7732c33c8140b1c11161c6d274979818,transaction,0x471528bee63b870ebd39b0170832d16acf6559c159628a631bc458ac23d16bce,152,exists,other,,,0.000
0xb829c107e7beedf9d97694860e99efa66fd2ed3a,285399,2015-09-24 22:56,0x1b341f7a7732c33c8140b1c11161c6d274979818,transaction,0xf53cf9ed948b1b9a25ca70b0ba72cc3ddafa852753c76a29e1ddaca0edd2a998,2880,exists,other,,,0.026
0x807689d9426d8e36ad655e633ec2f27ca075fc91,285417,2015-09-24 22:59,0x1b341f7a7732c33c8140b1c11161c6d274979818,transaction,0x3940ffe690d9bbc88001b53a348f95cbcaa8f3f0c0ebbb1490bd2866f707338b,152,exists,other,,,0.000
0x5701caaacac76942a2a7a5814ff5b9b81df95c35,285428,2015-09-24 23:01,0x1b341f7a7732c33c8140b1c11161c6d274979818,transaction,0x03f0771ce63e8c81904ed5b82fdefa4bff4427d3437fbe14aec98ee3d9828066,193,exists,other,,,0.000
0xb97cc9603fb7d61f85e5500f7d67f6c88cfb0884,285687,2015-09-25 00:22,0x1b341f7a7732c33c8140b1c11161c6d274979818,transaction,0xeb04b99478c31b9eebe84ab2f131b02083336bba16ce4be57000f3c919fff5e3,476,self-destructed,other,,,0.097
0x88277c6cde4683a266fa71841e6930709de01fe7,285818,2015-09-25 00:55,0x1b341f7a7732c33c8140b1c11161c6d274979818,transaction,0x3d3c8e040a51147a991432f0cbac0b6a150966a4981448e785a045abc6605389,495,exists,other,,,0.005
0x5f4c010748a890c8a28a4858fe7b07048d194380,285879,2015-09-25 01:11,0x1b341f7a7732c33c8140b1c11161c6d274979818,transaction,0x6ae6b2396c59970c04e7aa7356837924c097cf32c7305a1d4557c055ef85307a,495,exists,other,,,0.005
0xd3740542c91af53ec6f62a0b31ec252cdd323cc6,285954,2015-09-25 01:35,0x1b341f7a7732c33c8140b1c11161c6d274979818,transaction,0x04ca0929ad95305c3a27c4def08ce3bf94cb54f7e5c2f52d96509f4ef6a25d1e,600,exists,other,,,0.005
0xe378f436d53d22cf61ca61db7622980c65a7717d,286141,2015-09-25 02:32,0x1b341f7a7732c33c8140b1c11161c6d274979818,transaction,0x4475001e5ca9a9318c2bdb02341c5ff2346beccba5d3179bcdff423eb416da3b,597,exists,other,,,0.005
0x003b160ab58a62376b6e2950e444ed28f38a8dd1,286160,2015-09-25 02:37,0x1b341f7a7732c33c8140b1c11161c6d274979818,transaction,0xe43c0890a0c386ef93c24bafbf7957c16b5b022ed714313ea2aacf0fa377ef60,598,exists,other,,,0.005
0xc3cba37d97ebaf6e7aebf9b0f118db40ec32c332,286230,2015-09-25 03:00,0x4bbc2ef7e5482b88e8c9c4bc05c5a3d3ff2b03c7,transaction,0xf98294ae1c7681a2504e98c8fc032bc74abe8ec3e10225be9d655e635b8472b7,1648,exists,other,,,0.042
0xf19da8c033e2f22dc08a0c626ee225f1674e9e70,286344,2015-09-25 03:35,0x1b341f7a7732c33c8140b1c11161c6d274979818,transaction,0xeebdea1dab15a172a896a64fdfd9dab97f84a09ca182cd50732c152962c52658,495,exists,other,,,0.005
0x4aebe87756617313fb12cf0b6be509200ab6da0c,286459,2015-09-25 04:08,0xa5d10bc7f2c91f4be0b0f2447c37110d3577b203,transaction,0x6c38686bac4d2e869bc915ab7625cbc2f5805876ff9cf53d4eba88dede37be70,476,exists,other,,,0.097
0x84bd88dfa2bbc7d65cb99a92fe91586d6b2afc99,286462,2015-09-25 04:09,0xd3cda913deb6f67967b99d67acdfa1712c293601,transaction,0x2ad5294c0c8d70c6ab5556ac4ad60346fd968f48c37e186b817489c44773cc53,1179,self-destructed,other,,,0.018
0x32544d4c4b155d31a1cf7f55310a93a187a08a75,286467,2015-09-25 04:10,0xa5d10bc7f2c91f4be0b0f2447c37110d3577b203,transaction,0x009723c66ef88c02e51b904c4d91a3530b288f8874ed96e791ed83e4baf6bdb8,598,exists,other,,,0.005
0x23e540268280ffc95f335aaaff42fbaa3f2bdfdb,286491,2015-09-25 04:20,0xa5d10bc7f2c91f4be0b0f2447c37110d3577b203,transaction,0x0b1cfaf9fb8bb20ff0911f08497f32d7d08362380c9fd4831710a78e14a69024,495,exists,other,,,0.005
0xd2ade413550127ee8269a882e0ea2658d9f5defd,286510,2015-09-25 04:23,0x2a53eca167f820be4ed0522a9c2559d8c475b8dd,transaction,0x26a7097af6ab93315100a85f2c1b477f3d7861ac6befea69958cb3ab08ca8dd2,476,self-destructed,other,,,0.097
0x52f332d9d93ae083a67bc4e3b9c344190b18b666,286529,2015-09-25 04:29,0xa5d10bc7f2c91f4be0b0f2447c37110d3577b203,transaction,0x219c1f5b8f409b2407a8783a982e068e90d125cb6baaa5e58ec5251b8ddf6a05,495,exists,other,,,0.005
0x01861c6dfab20bae0fa4ee698912630697d78ce4,287515,2015-09-25 09:12,0x7c4401ae98f12ef6de39ae24cf9fc51f80eba16b,transaction,0x9c4f5f2f5c8a023b419aabe5d6beacf68abbe999c639df705b6ce58881f7df63,49,exists,other,,,0.000
0xfc30a6c6d1d61f0027556ed25a670345ab39d0cb,287557,2015-09-25 09:27,0x7c4401ae98f12ef6de39ae24cf9fc51f80eba16b,transaction,0x03ea341652088142d84fb22dd4ce027833a77dedf4f1dc23ed38f8d654983854,49,exists,other,,,0.000
0xfadd0c5d206310344a31711da36ac89a7baeb388,287585,2015-09-25 09:35,0x7c4401ae98f12ef6de39ae24cf9fc51f80eba16b,transaction,0xa569792ebc0b90bf4897d197c7ae89e81474d0c530468adb77d02fa7fc3cd3c9,49,exists,other,,,0.000
0xe091f747e5f65a44ca1bd5041e7208c4cfd04bdf,287637,2015-09-25 09:50,0x7c4401ae98f12ef6de39ae24cf9fc51f80eba16b,transaction,0xcbcebd5b1d9927b1d884f99e84b627f42fe598b1f0ca83d0f318333908d6f883,49,exists,other,,,0.000
0x6e165abdfb9e6d67eec44c52ebab4e5cfed9df4e,287851,2015-09-25 10:54,0xab695dbc3fb03ba94e9023f3f692f448d7967364,transaction,0x0faa47c86ecf5999b804adafddbd149209b71e01550ff2875f839306d92609d1,302,exists,other,,,0.000
0xe2d52dd53f9a46b12582cc86308305900f246398,287900,2015-09-25 11:08,0xab695dbc3fb03ba94e9023f3f692f448d7967364,transaction,0x4f13717f561e21aa2ec8a2122597ba6b17a2f068bc47c608766635169ce35828,1208,exists,other,,,0.029
0xbece18cd208c3bf0975a32b706bdd5ca593a8009,288016,2015-09-25 11:40,0xab695dbc3fb03ba94e9023f3f692f448d7967364,transaction,0x4f698a439dad2042ed03afb2f8597d11c4921b3f96897f4d08e5a0f57d778c11,59,exists,other,,,0.000
0xf08b1cdcbde8d9b06c73360bb18669e9d5b1103a,288036,2015-09-25 11:46,0xab695dbc3fb03ba94e9023f3f692f448d7967364,transaction,0x33431b250094a9f5eaa8005f92942fa32d639f0e59d445955547204a6e7fa82e,513,exists,other,,,0.036
0x60e31df8699073bc83d7276376b9624a9dbb1bb2,288104,2015-09-25 12:04,0xab695dbc3fb03ba94e9023f3f692f448d7967364,transaction,0xe0c013a91a44f653c7080e76a15760395bf0d721be0c411d181ae34661c54dee,275,exists,other,,,0.018
0xffef1be4a394ff80444aac5b88278b67ebc68ade,288112,2015-09-25 12:06,0xab695dbc3fb03ba94e9023f3f692f448d7967364,transaction,0x3cfb8fbef105069adeb34bf98fccad9d148e6ea40faa0434340b77d1df6fa997,497,exists,other,,,0.034
0xdf2988b23a737d82938287884f541b576ccddddb,288121,2015-09-25 12:08,0xab695dbc3fb03ba94e9023f3f692f448d7967364,transaction,0x1bea70b9a7aa689da0fc23c55a5dbf85652d2aabf20e6e2bed92095098dc0fdd,497,exists,other,,,0.034
0xbc0ce5497e745685e4c0c2ed651ec94f712fd27f,288130,2015-09-25 12:11,0xab695dbc3fb03ba94e9023f3f692f448d7967364,transaction,0x78d71152d266cc2490946007a70edeb35cd0627980294edd9417997f318f568c,531,exists,other,,,0.038
0xe21eb38b4dc1ed0b0ec2b1b95999ee3872a15d47,288130,2015-09-25 12:11,0xab695dbc3fb03ba94e9023f3f692f448d7967364,transaction,0x1bcd71e898b264cb278ff006f347d3eb0e27ebbdfb5e3f9b11f996bc824726cb,531,exists,other,,,0.038
0xd12c3468ed409d3456d57c050fcc58c20b6878c8,288146,2015-09-25 12:15,0xab695dbc3fb03ba94e9023f3f692f448d7967364,transaction,0x4d6325fba02c286992789b7840c224852ae657582bccfc5609a9b1b215881691,634,exists,other,,,0.038
0xb27a9c4b9c6228c22569710cb48d6793986f72e7,288185,2015-09-25 12:27,0xab695dbc3fb03ba94e9023f3f692f448d7967364,transaction,0xad7bb7a4140f068dea99f9b198870f8cdd1f36b51b075ae680ad477b9011fe25,634,exists,other,,,0.038
0xb85d2da3d53d4c9b10598e12bc03ef8f41dd1bad,288204,2015-09-25 12:32,0xab695dbc3fb03ba94e9023f3f692f448d7967364,transaction,0xc6337e861ae02029d74d3eccf757e2a67747690c9070ae060efd92704e5b367d,339,exists,other,,,0.005
0x5749f09f7326b0a383043d6cac63bb6da51c6a48,288255,2015-09-25 12:46,0xab695dbc3fb03ba94e9023f3f692f448d7967364,transaction,0x33120781d0a18396ba145962ea63c3f704f4fbede9f2284e2df20f2eccbaf104,412,exists,other,,,0.034
0xedb95a28d55bbfcd977322ab4c533413f47b77f1,288638,2015-09-25 14:37,0xd3cda913deb6f67967b99d67acdfa1712c293601,transaction,0x3d7503aac72d0d135140afd3ac1788b0e95c75859cf63a005411aab87878a432,2195,self-destructed,other,,,0.033
0xadc3c8c4cf1a988f76b07b520814d610f9b29eab,288640,2015-09-25 14:38,0x7c4401ae98f12ef6de39ae24cf9fc51f80eba16b,transaction,0xc3088233442d810cbdcfe35f402f514e5af6c95139a48d54b83060bdd467b968,49,exists,other,,,0.000
0x21bb26652b5bdfbb3fb122f2fa334afa734e47ba,288975,2015-09-25 16:09,0xd3cda913deb6f67967b99d67acdfa1712c293601,transaction,0x75359ae2c443ede22914dd8e63a067dd79f1726e83f84fccd922d9dabf11a91a,2200,self-destructed,other,,,0.033
0x1deee219e78441a9b4e3188e841945d18d7c4b53,289592,2015-09-25 18:54,0x2345dc23de5f8b7da566f5baf39cd05ed64886ba,transaction,0xa959b80e5602843a3cf2c99edaad727be9323191a8af07bee523706e2d0afc07,316,self-destructed,other,,,0.018
0x3b33fd7fe8863ba41dd65f19618d9e666067cc6e,289733,2015-09-25 19:30,0xec61e51660f3cefaa16d17500542b5b7b3971b92,transaction,0xba4dc7075aab04d893b362cc852d4365319a70befca998eab5a4c32e004ac501,1086,exists,other,,,0.032
0x68656b11fe28184a2545a8132f4d495833099a3c,289905,2015-09-25 20:14,0xec61e51660f3cefaa16d17500542b5b7b3971b92,transaction,0x4e468d526ee0e3fd2e43cec1d14766198de74ba1a407b0da2317776922978794,1086,exists,other,,,0.032
0xb1cae15857ab3017a2c3264c8c1d8c9a9e3af281,289914,2015-09-25 20:17,0xec61e51660f3cefaa16d17500542b5b7b3971b92,transaction,0x2117e848f8780f3d128ad3a3a68b2d25c1c32eb0f875a33e5dd02da84df07ba5,1086,exists,other,,,0.032
0xd0f28a306dc0d325d7546c2ed0be8934dda2b650,289937,2015-09-25 20:23,0xec61e51660f3cefaa16d17500542b5b7b3971b92,transaction,0x9a58393a6a381d0282294e1edc11232695f0a061bf4d037717f487d0b30e5f73,1086,exists,other,,,0.032
0x6fe164a13502956ad17d2c37c6110c9f1cc7ef7a,289942,2015-09-25 20:24,0xec61e51660f3cefaa16d17500542b5b7b3971b92,transaction,0x50342062ffe612ab300892253c2f3b86764f7e5e09676333fcbdaef71375589b,1086,exists,other,,,0.032
0x016c93c3b62e533946f666896a161b2623befc1a,289944,2015-09-25 20:24,0xec61e51660f3cefaa16d17500542b5b7b3971b92,transaction,0xa63c489423166f131a6b22dd678e314c05dcc20c76172ab12be9db577d1bb067,1086,exists,other,,,0.032
0xaeb702c88e6626b471300fe7afbbcfd1220008b1,289948,2015-09-25 20:25,0xec61e51660f3cefaa16d17500542b5b7b3971b92,transaction,0x7b0f92750b86561bdd215ccadba47d08a714d263fa1c3ac9cec1648716033a30,1086,exists,other,,,0.032
0xe5fe5a1b94a14e2ebfc2a684a499d08d205eb74f,289950,2015-09-25 20:25,0xec61e51660f3cefaa16d17500542b5b7b3971b92,transaction,0x56f6b4763ee991dd949935db0aa552feca830cd3a677f174a71af5038f4c8095,1086,exists,other,,,0.032
0x503e256c11e69b7eef98f3a34bff548f69a0d382,289955,2015-09-25 20:26,0xec61e51660f3cefaa16d17500542b5b7b3971b92,transaction,0x2c8c47de39669efd5a65dfbcc12a67460a864ca3fa926b19f974f262c580c810,1086,exists,other,,,0.032
0x77c39512080aa64a6161c779af2011f3bb52981a,289958,2015-09-25 20:26,0xec61e51660f3cefaa16d17500542b5b7b3971b92,transaction,0x0a1fd8cb1d7eb8d31862c0743b4d01cff5f3160fa7e0211eb98f108a411fd530,1086,exists,other,,,0.032
0xce22275635454616077841093fd9b8bc0a78a805,289961,2015-09-25 20:27,0xec61e51660f3cefaa16d17500542b5b7b3971b92,transaction,0xbe52e21b42ff17736baf352cde8c4d08507d89f2b70d85dcdadec05848027216,1086,exists,other,,,0.032
0x689330ea9c040a074ee2d474461f8925d7d2cfc8,289967,2015-09-25 20:29,0xec61e51660f3cefaa16d17500542b5b7b3971b92,transaction,0x497b5d0d2041deb49b97206400a09a55e19e3c3128ef36acb5c87cb5e4f7736b,1086,exists,other,,,0.032
0x4121faff1e008a86b0ea2f53931e06384386f826,290127,2015-09-25 21:15,0xec61e51660f3cefaa16d17500542b5b7b3971b92,transaction,0x4351bdb47cf5c404a6669c192e04191f790527a93f1c548404dc8a1365814376,732,exists,other,,,0.032
0x8904d972debed95f515b409c51e2424cbd2c5c11,290131,2015-09-25 21:15,0xec61e51660f3cefaa16d17500542b5b7b3971b92,transaction,0x2c029500f9df931886b8607232d4939c2a6bc0c3786bcfe9a3c29364b5651794,4329,exists,other,,,0.031
0xc699608dd050d140e37cd402efe8343abcce6cd3,290247,2015-09-25 21:51,0x48175da4c20313bcb6b62d74937d3ff985885701,transaction,0xabc49835d55e9fadab2067e93e218fbf82695185d91ce4c8c29624bacd4f803f,1164,exists,other,,,0.055
0xd7993a6976ee91e89bc131e6e143d350ddad9a70,292295,2015-09-26 07:38,0x1db3439a222c519ab44bb1144fc28167b4fa6ee6,transaction,0x77c5825011101f7c8e730bd2bf39ce70757c46328fa6e2fb8bf42194fb3c8855,2387,self-destructed,other,,,0.000
0x8056338e73fde306bb5d9aedec7f4a7b8637c9e7,294359,2015-09-26 17:37,0xd2143a6dffdd21f3aaa748119262959be1a1d3c7,transaction,0xd547646e734013aa86b17a839a1a9907c22eb01d2a80e6f13dcf7ce53f33c3c7,49,exists,other,,,0.000
0x678a889fca4033328cc90bb71cb5d3783c0d86e6,294586,2015-09-26 18:44,0x2345dc23de5f8b7da566f5baf39cd05ed64886ba,transaction,0x4ae1333a9ed4a0a0d0b2a2d7107f5bed0309a6a6f38f310209b2368d9ed3e7d3,238,exists,other,,,0.005
0x214f1ead3a3a7cf85c2d39652c44efc28d167f67,295461,2015-09-26 23:05,0xcf684dfb8304729355b58315e8019b1aa2ad1bac,transaction,0x2da8263c6c71dc0ce1999636ca92ebd01f601f564f2992672de8fe9c8e2b5184,918,self-destructed,etheria-like,getOwners(),getElevations();getOwners(),
0xcb9ad17d013fd67b46e26462437bf24fe690fae0,297869,2015-09-27 10:54,0x71744de37e18561c508082ea27aee707190c429b,transaction,0x890a165939f7e6223e18a596d647f58e6efc959585bd3e888e88301ca9a56ac8,0,never had code,other,,,0.000
0xe3ba0d5c1eab53fc0f018cc94af8ec3f60bff95a,297956,2015-09-27 11:17,0x71744de37e18561c508082ea27aee707190c429b,transaction,0x8838f98293262ad1179a60a2a652822b6740778f0779504b9902793f733860db,0,never had code,other,,,0.000
0xa5550b4a4e8b105275460a7373a7398091858e39,297978,2015-09-27 11:22,0x71744de37e18561c508082ea27aee707190c429b,transaction,0xa8ccad281f85682501e1fa208be779103e7d93a3cefb9e9a0184ab6fc06945b3,248,exists,other,,,0.000
0x8f8e560fe9e855cc3e6da25319c41aedfbaba8c2,298110,2015-09-27 11:59,0x71744de37e18561c508082ea27aee707190c429b,transaction,0xdac821fb5cc2107bff5029b952aff30fe9a87930fc2a1d03d90eb4581c401f10,0,never had code,other,,,0.000
0x6bccab576db796cceb57487c01ff9bc67b07c0e8,298143,2015-09-27 12:08,0x71744de37e18561c508082ea27aee707190c429b,transaction,0x5270f714dae5d06e815f02032eca1692177fd81957426684b9760e56eee1d1c7,0,never had code,other,,,0.000
0xaf6b8693da94ee4dba6eedc89a089371623e2234,298163,2015-09-27 12:13,0x71744de37e18561c508082ea27aee707190c429b,transaction,0xdce8ff5e9bf48345766251207de48120323831d1ef46cf22347accf6bed16577,0,never had code,other,,,0.000
0x4656856fba163804bb1d8088c844c5385dab5a1c,298201,2015-09-27 12:21,0x71744de37e18561c508082ea27aee707190c429b,transaction,0xa80254a4a920482dbf7c94490d37cc3613f606bfa7144b2e6543685ea0a1602c,0,never had code,other,,,0.000
0x896f1a38cc6fe7386db5ab3823acd2b43b0db8ff,298258,2015-09-27 12:39,0x71744de37e18561c508082ea27aee707190c429b,transaction,0xae49aa148b9d29b20c3fe67bded9dac4c1b3a6f7c886f0896fd807884f5ef980,461,exists,other,,,0.020
0x0a7beed148889463080197d22055bf4af0653158,298715,2015-09-27 15:02,0x2345dc23de5f8b7da566f5baf39cd05ed64886ba,transaction,0x0904215130a0ab9024d996bde0ddc081bbee2073bd84762b142dbc35d8fdd0f6,238,exists,other,,,0.005
0x1f525bc62ec63c8ae1bcd2885192a16f9fe8e64a,298916,2015-09-27 16:03,0xcf684dfb8304729355b58315e8019b1aa2ad1bac,transaction,0x1ecc08b8d7406f1c9fb78740af854d97f1d038b8a30b47ead9a9859816b0e4e5,918,self-destructed,etheria-like,getOwners(),getElevations();getOwners(),
0xf736864abe4d812ba2182c202764844a28bf3c59,298937,2015-09-27 16:10,0xcf684dfb8304729355b58315e8019b1aa2ad1bac,transaction,0x0a02563882789c2e3568143331e3a0f4361777dda8aedcd32cabff694ac85f6f,0,never had code,etheria-like,getOwners(),getElevations();getOwners(),
0x980e79a7af177d98db557cf7bd82f64f089b291d,298944,2015-09-27 16:12,0x71744de37e18561c508082ea27aee707190c429b,transaction,0x72dd53820e4d3abf0a232894988f944f59dbfc8027aa30fd89677fbe34b85e65,449,exists,other,,,0.019
0xe373ea2df5fde83a29a38dbe1a8fd05a2015d1fb,298950,2015-09-27 16:14,0xcf684dfb8304729355b58315e8019b1aa2ad1bac,transaction,0x181e90ba8b80b5e90c1ef5c58710a832afe07f2a9fb9ac6de3938f0dfd64acb9,0,never had code,etheria-like,getOwners(),getElevations();getOwners(),
0x413dcb07a46f8ab82c1eaf24ceb45a5ae44a8608,298960,2015-09-27 16:19,0xcf684dfb8304729355b58315e8019b1aa2ad1bac,transaction,0xeeb3cb79fd690b1e5e8a29896074330617eee2ff4098eaa7655cebc639aafbba,1536,self-destructed,etheria-like,getOwners(),getElevations();getOwners(),
0xdc82eadf03eb457988a6bdf17e8c5765354db388,298971,2015-09-27 16:22,0x71744de37e18561c508082ea27aee707190c429b,transaction,0x6717aca48cb341ef2f08f4dc9942200ab769d6d870f05958598032dba1e8d4f8,1024,exists,other,,,0.018
0xfc67bd301a4c698b461e5e9f26eab60d230b77a4,299052,2015-09-27 16:45,0x71744de37e18561c508082ea27aee707190c429b,transaction,0xc8ab54f63f91e8546ecce4ccda025cb6ff7e19e73a595c8fec4412cbfc93ad95,351,exists,other,,,0.019
0xa93b1b5f70bad509dc2777563cf97dd7c950e53e,299096,2015-09-27 17:01,0xcf684dfb8304729355b58315e8019b1aa2ad1bac,transaction,0x269b2d32e080e795f2fadcffa76e71831ab74d763404338ce5248eae9c54c703,1187,self-destructed,etheria-like,getOwners(),getElevations();getOwners(),
0xb61f8327d15af15b3cf3ba09063304af17b38643,299119,2015-09-27 17:06,0xcf684dfb8304729355b58315e8019b1aa2ad1bac,transaction,0x685b0e0aa10e26cfca6241782bf6c11593f25fe893d3e51e161bdc2be6345dc3,0,never had code,etheria-like,getOwners(),getElevations();getOwners(),
0x6d6f1871ce2fa7b56c352ffacd039bd2253ddf09,299376,2015-09-27 18:16,0xcf684dfb8304729355b58315e8019b1aa2ad1bac,transaction,0xa5326b227e69359f3874c8440530ed3c9998e37d0b7f0aa422e4faefe68c8030,0,never had code,etheria-like,getOwners(),getElevations();getOwners(),
0xeec0773a49426ddc7ba0c6e2e7bd36b4d8e50b95,299383,2015-09-27 18:19,0xcf684dfb8304729355b58315e8019b1aa2ad1bac,transaction,0x61d89b211cff27d621fb9e44d414d8a5bc503ad59d21e7002455a7abc7f59ce7,0,never had code,etheria-like,getOwners(),getElevations();getOwners(),
0x80d6dd984817e60cd2a8ae6ba3c4221412432c7f,299422,2015-09-27 18:33,0xcf684dfb8304729355b58315e8019b1aa2ad1bac,transaction,0x61924677fa03025183a390dc6ca2e37cfce708c7302e43038a6c0b87a90264dc,0,never had code,etheria-like,getOwners(),getElevations();getOwners(),
0x708e375919b699094df88c09cdb193c8aa59c2d2,299448,2015-09-27 18:39,0xcf684dfb8304729355b58315e8019b1aa2ad1bac,transaction,0x5135d47cb892b73a273c24685fc39574ba3f5bddd40be298ed908bebfe49f68c,0,never had code,etheria-like,getOwners(),getElevations();getOwners(),
0xfcdc54b317eaf4eae3dbd665704a1a69d66c8a15,299460,2015-09-27 18:43,0xcf684dfb8304729355b58315e8019b1aa2ad1bac,transaction,0xb48adcb3aed82350c3b886dc91d4d7070bdc7c5f5be676d760cc767e7bca3431,1027,self-destructed,etheria-like,getOwners(),getElevations();getOwners(),
0x661a6484cdd8c8cfda55966f44f6e991ff95e3f3,299465,2015-09-27 18:45,0xcf684dfb8304729355b58315e8019b1aa2ad1bac,transaction,0xd1531dafdb50872f7b9aae1f30ad4942dd5519e96be0ad4e1d2dba49b8be99a7,1027,self-destructed,etheria-like,getOwners(),getElevations();getOwners(),
0xd6cb0a97eb60f2351585642dd043ba4bba7dc3c1,299534,2015-09-27 19:07,0xcf684dfb8304729355b58315e8019b1aa2ad1bac,transaction,0x6d851c63584d329be4e0b4b40348d6bff819f2d91f9b0ceaeed2ced95ed035a1,1150,self-destructed,etheria-like,"setOwner(uint8,uint8,address);getOwners()","getElevations();getOwners();setOwner(uint8,uint8,address)",
0xb0be528ddbc5a7fab0f44feb579c64fa7c195540,299573,2015-09-27 19:20,0xcf684dfb8304729355b58315e8019b1aa2ad1bac,transaction,0x7b77965fe05b9ef882439468dd40b90039901f3ef81087a448d6ed82ff942866,1299,self-destructed,etheria-like,"setOwner(uint8,uint8,address);getOwners()","getElevations();getOwners();setOwner(uint8,uint8,address)",
0x154e70baa941675e5f77cf25a0047f0ece426860,299666,2015-09-27 19:49,0xcf684dfb8304729355b58315e8019b1aa2ad1bac,transaction,0xebde562b52041a01ebab0538946f5a3c311ab6134dd63b30b03693eca26dbc5c,1417,self-destructed,etheria-like,"setOwner(uint8,uint8,address);getOwners()","getElevations();getOwners();setOwner(uint8,uint8,address)",
0xef2d6d194084c2de36e0dabfce45d046b37d1106,300191,2015-09-27 22:31,0x02e816afc1b5c0f39852131959d946eb3b07b5ad,transaction,0xfbca8286ac518dbd3e824f945bfabaa0cf29ae7d2180ce243739f4d79cd9cdd2,4148,exists,other,,,0.042
0x584aeb8bcb61e5c1a84d167c2511abf581713495,301351,2015-09-28 04:41,0x71353366b3ca768968ea084167655e1cc09938f2,transaction,0xb4c7b8845dcee6a583393f0039f52a7c116db9441f482d1356c363d1c9a1b62c,729,exists,other,,,0.018
0xab15fb3bdd8ed8c117e7534d33a72f0640125178,301947,2015-09-28 07:38,0x1db3439a222c519ab44bb1144fc28167b4fa6ee6,transaction,0xd7867820b69521b95363c068be5d9459a6fe0cc6b346e090410868e5d4b3d563,2396,exists,other,,,0.000
0x82afa2c4a686af9344e929f9821f3e8c6e9293ab,301954,2015-09-28 07:41,0x1db3439a222c519ab44bb1144fc28167b4fa6ee6,transaction,0xc3f01f2508d0018ae7661730f9ec6cb589c71666fd95f42bd400168ccc52e556,1638,exists,other,,,0.000
0x3201504224719b3f30b1f166ace185fb74ed24e1,302585,2015-09-28 10:55,0x027b066604c97f61af0a61dddb1120347e7c7a0f,transaction,0x002b9470653d3669f82707304adca640cefb1857edce2f566aed42714d5e920e,316,self-destructed,other,,,0.018
0xe881af13bf55c97562fe8d2da2f6ea8e3ff66f98,303316,2015-09-28 14:38,0x1db3439a222c519ab44bb1144fc28167b4fa6ee6,transaction,0xd9a870d9264ead47477f8ed713a49edd3c461e5f50a6152772396578df76d739,2544,exists,other,,,0.000
0x035e62c27a2338d6ed147ec45d2779990a4c3b00,303583,2015-09-28 16:01,0xb1a2b43a7433dd150bb82227ed519cd6b142d382,transaction,0x69b901254a3b271be47a1fd536265bf95c2cf104f31886ac976fc00ee706a47d,49,exists,other,,,0.000
0x6ed1fb5138cdf3bb88ee739ff40c70132be6cf03,303811,2015-09-28 17:12,0xec61e51660f3cefaa16d17500542b5b7b3971b92,transaction,0xc5043a4eddfb3c26c2377e43f047210d5bf645ff6ef3a6e3a0aa12f26f7d232f,732,exists,other,,,0.032
0x202df3e24ca1dff23b6bee0e28dd9de210093863,303842,2015-09-28 17:17,0xec61e51660f3cefaa16d17500542b5b7b3971b92,transaction,0xdee6a1dbcce72040157cce03b7e46bafd988ae0ffa2d667f8dab267e22a2e803,732,exists,other,,,0.032
0x961f3c1649f2cdd74c90bf8e107ed3d0353038a8,303845,2015-09-28 17:18,0xec61e51660f3cefaa16d17500542b5b7b3971b92,transaction,0x8a8213a39dfdad06550b4bab7938390fbde0cc3319888f346534269bc4e18748,4329,exists,other,,,0.031
0xf1ca6c99a338d763a92e166634b752f582162f5f,303859,2015-09-28 17:22,0xec61e51660f3cefaa16d17500542b5b7b3971b92,transaction,0x46c6f6949a18c8b735b4b4b58123b191b2ad1c32be7ebcb740bd5f15530a5e0f,732,exists,other,,,0.032
0xc0bab15d1aeba401316c95b02b542167fb733dde,303991,2015-09-28 17:59,0xcf684dfb8304729355b58315e8019b1aa2ad1bac,transaction,0x0858cf620fcf1953cb61dfef469c589826edfdf8772d164b9f0686eaf1ad557e,1760,self-destructed,etheria-like,"setOwner(uint8,uint8,address);getOwners()","getElevations();getOwners();setOwner(uint8,uint8,address)",
0x9c667b7ea8ac2a0cc7e73544625d692f72175489,304015,2015-09-28 18:07,0x4c1687b702f9caafa7411eac9fbfc94356a0bdfe,transaction,0x6f095423cce28a42270a4224a288ade16fa9d6c5f9746e76455d285257f626da,3065,exists,other,,,0.060
0x4d498b18abcf83a15d3364d7419a4ef382982c7d,304046,2015-09-28 18:17,0x4c1687b702f9caafa7411eac9fbfc94356a0bdfe,transaction,0xc3a6f8c6fd6b9e38ec1867d69fd79b6c7fd0d4c9ee9fb87e6a6d8cc67c31e5cd,798,exists,other,,,0.029
0x7370033627207d547cac73426a04cdfda28f49a7,304060,2015-09-28 18:21,0xec61e51660f3cefaa16d17500542b5b7b3971b92,transaction,0xa4d155bdd494d290993bf55dcdd6e0fabf73f0cca5d684fdcd9d3e0be84fddb9,732,exists,other,,,0.032
0xb7f3db79312db4551ce64aa432aa1f32ca5f4a45,304061,2015-09-28 18:22,0xcf684dfb8304729355b58315e8019b1aa2ad1bac,transaction,0x19e2e8b719bea09da8f1b94febfab523adfe088c22387f6c3d1adfa3eea019ee,1854,self-destructed,etheria-like,"setOwner(uint8,uint8,address);initializeOwners(uint8[]);getOwners()","getElevations();getOwners();initializeOwners(uint8[]);setOwner(uint8,uint8,address)",
0x768fadb35b2e62b93bd653f419315d15800b6605,304063,2015-09-28 18:22,0xec61e51660f3cefaa16d17500542b5b7b3971b92,transaction,0xf7d807db4a1f33eb710f0e7026ccf432780b72be9018e48d6f5ada6f4675e7ff,4329,exists,other,,,0.031
0xb70ca79ffad5f6ddff259bd07089a9c771e32711,304363,2015-09-28 19:51,0x1b341f7a7732c33c8140b1c11161c6d274979818,transaction,0x19fe7748aaf8aa583a9f00dab1b0806a318ed7fc03fcd07b3ab0737461b9cbb2,343,exists,other,,,0.020
0x5be6129ce8f523753131eb11c6f719f5b72e0e11,304526,2015-09-28 20:45,0xcf684dfb8304729355b58315e8019b1aa2ad1bac,transaction,0x5247f804e264319722a72698e8e29fa7cec01823b058c59d66033274136c4409,1862,self-destructed,etheria-like,"setOwner(uint8,uint8,address);initializeOwners(uint8[]);getOwners()","getElevations();getOwners();initializeOwners(uint8[]);setElevations(uint8,uint8[33]);setOwner(uint8,uint8,address)",
0x7d00703c96bcd2b2af420cf165241396528b5e99,304577,2015-09-28 20:58,0x1ae1856d5811215dac11baeeb552fe7ad3fc94c4,transaction,0xcc884d2d03b22dabc0ba501aa41d940f494931bd4ce16686318bf2a2c3b08711,495,exists,other,,,0.005
0x4a12965ea0664f61a881bc5ac02ee19a980acf74,304633,2015-09-28 21:16,0xcf684dfb8304729355b58315e8019b1aa2ad1bac,transaction,0x78f744b861b489d4511b821f816df50c1eac204a57785eecf41292ad3d253760,1854,self-destructed,etheria-like,"setOwner(uint8,uint8,address);initializeOwners(uint8[]);getOwners()","getElevations();getOwners();initializeOwners(uint8[]);setOwner(uint8,uint8,address)",
0x4bca74810cc4917a7dee954d21221b72fd87d3d7,305049,2015-09-28 23:20,0xf6facd151e64a31c9485e8fd6d911184362140b6,transaction,0x8f82484736d97b4234c7897a95c74d4703c9ad90504465ebdb13d4e7d6ec9443,49,exists,other,,,0.000
0xaedd2a6a28782a9cf8945c3e0d516b47ba8a0526,305216,2015-09-29 00:13,0x0ae14271999b68a35eecb2da492486e354ef672e,transaction,0x876921c8ae57bd63469e3b65a0658571557c0da8c75fc544d582699556a752fe,316,self-destructed,other,,,0.018
0x0302c71076ccf517291e4e28ceb7d136b8938628,305586,2015-09-29 02:08,0x8394a052eb6c32fb9defcaabc12fcbd8fea0b8a8,transaction,0x1093c71e66ea2cb00a3ff64f79a6c15ae6d2769afe98f0a6aab2943f312023d0,0,never had code,other,,,0.000
0x73ee62158b584f0f2b64bc3b3cce0c1c1fc43735,306929,2015-09-29 09:01,0xfb8054341cb05099821154815a229c3a7ee2cb6f,transaction,0xcbe7c1b5a2a8967a1cfd5c7190c1618513f14590668eeef760ded35b3db71e71,49,exists,other,,,0.000
0xfae0d03c4e98022a8c5f35843925d36baf0e51b3,307697,2015-09-29 13:17,0x10901cf06f190af365c2fe0d6de417ef0ad032ee,transaction,0x6b543154bfba14e6a3d70c064bdcbe01faf568210a7e1aab68df1ec5a3e7a31c,1226,exists,other,,,0.005
0x7356159f3e9c9a629d0e0ab23daa47d18bcebd22,307822,2015-09-29 13:58,0xcf684dfb8304729355b58315e8019b1aa2ad1bac,transaction,0xafb9985591607d6fd79236e1468cfa847789f7d0cec261fc6177569281209891,2356,self-destructed,etheria-like,"setOwner(uint8,uint8,address);initializeOwners(uint8[]);getOwners()","getElevations();getOwners();initializeOwners(uint8[]);setOwner(uint8,uint8,address)",
0xbef64f2491c22e639d0c8133db04c8c8a695586a,307951,2015-09-29 14:42,0xcf684dfb8304729355b58315e8019b1aa2ad1bac,transaction,0xf0e66e53b9b664b064a3d0b99c1f812b430051fa6708f5ea724044ab19c856e2,2176,self-destructed,etheria-like,"setOwner(uint8,uint8,address);initializeOwners(uint8[]);getOwners()","getElevations();getOwners();initializeOwners(uint8[]);setOwner(uint8,uint8,address)",
0xcc511853b96ac27d926485366542351d31af338f,307959,2015-09-29 14:45,0x02e816afc1b5c0f39852131959d946eb3b07b5ad,transaction,0x24c0cbafffae4ba71d30d7806ef88676cb5185bfebe8620d92c9357b04d990c0,1211,exists,other,,,0.033
0x37c8f253d780913bc2b2d63c4f13f991a9ce7880,307980,2015-09-29 14:53,0x02e816afc1b5c0f39852131959d946eb3b07b5ad,transaction,0x81c3a2ce29595ce95b85927019734ce8817c3029dba8d49376750b7e0db866af,4148,exists,other,,,0.042
0xb16e2467158becc402ece4e77dee0505e43a545f,308121,2015-09-29 15:32,0xb67a1e56167d489370c4d781fd31a7b49663abf4,transaction,0x04679e5231d2908337ea6ecc20d4a323d8a90b41b98391a66085c3a66cd28bdc,0,never had code,other,,,0.000
0xba7c3722f8971257e79330b66965bb3bec80d639,308146,2015-09-29 15:39,0xb67a1e56167d489370c4d781fd31a7b49663abf4,transaction,0xaf689493b0e9c49a4e83d18385366ca351b912f62ba3d7994dfb017cbcff9cb7,0,never had code,other,,,0.000
0xd202f28e78e9802a95fe5b3d26785257fcf8493b,308149,2015-09-29 15:40,0x02e816afc1b5c0f39852131959d946eb3b07b5ad,transaction,0x743f47fa21f10770adcfc3e660e3f802c703855865e7bf48b7755e306d2a3e6f,1509,exists,other,,,0.036
0x58db357c28947271c883b11bab4caaa445e0ebc0,308155,2015-09-29 15:42,0x02e816afc1b5c0f39852131959d946eb3b07b5ad,transaction,0x518994cda79e6b4058e47102c255630b19eb2585847959955bbf8bbc35f4a03c,4148,exists,other,,,0.042
0x59a964f830b3593af88b3d5b2835938d7985fbae,308188,2015-09-29 15:52,0x02e816afc1b5c0f39852131959d946eb3b07b5ad,transaction,0x81187a9b2db873253ed646a130852f66217653740d262fe34c95e39a0133b25d,4148,exists,other,,,0.042
0x70b32f0222efba6815386b3cc91d03db5503fd1d,308222,2015-09-29 16:02,0x02e816afc1b5c0f39852131959d946eb3b07b5ad,transaction,0x166befc5276a47bd8f6bc65ae42299de4951a5dc3868085231aac0729ed5a526,4148,exists,other,,,0.042
0x06ad6295221af2e493ba3bedeabe28b5b9e3d716,308936,2015-09-29 19:33,0x0ae14271999b68a35eecb2da492486e354ef672e,transaction,0xe56bd42593f6b975ced37f3e92cbe86ef8c980acdadfefae614934a8ceb4c6f3,316,self-destructed,other,,,0.018
0x1bb982b4f21418b48347d63c7909e5426f99b520,309066,2015-09-29 20:09,0x0ae14271999b68a35eecb2da492486e354ef672e,transaction,0x8d9fd82b4cbe8756cb70d767e3da0aa5abd7756c94660c945cb26e2b79abb6d2,0,never had code,other,,,0.000
0x033b1f92c01397478851b32faa47bb23371bd58b,309098,2015-09-29 20:19,0x0ae14271999b68a35eecb2da492486e354ef672e,transaction,0xe566454ca58fb36a06c1d463ad5e3c4f75b38417f4ecc1b6244659752d5d253d,0,never had code,other,,,0.000
0xf0112cce5eaf16210b9a28c5e748ff37d8445e58,309098,2015-09-29 20:19,0x0ae14271999b68a35eecb2da492486e354ef672e,transaction,0x2f4c0b71b9a40097d3d252ce6bde9ee65b1621461b4e90c3bef14e8c07e70178,0,never had code,other,,,0.000
0x0a1914fc5d3eebe0fc31f59e911d570855a4b88a,309321,2015-09-29 21:28,0xcf684dfb8304729355b58315e8019b1aa2ad1bac,transaction,0x4a56c5600e6d9d7115c2f7f9b4b425838c0c6b351ec4d728d028ea2e9e4b0844,155,self-destructed,other,,,
0xa480f1923652bb75a6c1c3fdd602c9ddbf0124fd,309351,2015-09-29 21:39,0xcf684dfb8304729355b58315e8019b1aa2ad1bac,transaction,0xe9cbff7ae51deb2f0478a4bf623d09793eddd35ada772ec9a1d797e5957a6b8f,376,self-destructed,other,,,
0x8c703e1015c36e43ff05bf91f4a4e4b7bb189607,309378,2015-09-29 21:47,0xcf684dfb8304729355b58315e8019b1aa2ad1bac,transaction,0x0bbaf40a61900f890d8335db2503c7f48f3b2cdda3ddfb5d01c6e83bf7a58362,518,self-destructed,other,,,
0x2757ebbdf14b60befa25fcb6374941a206aa33a9,309405,2015-09-29 21:56,0xcf684dfb8304729355b58315e8019b1aa2ad1bac,transaction,0xa37eb6106f69305040e378f7ebee43b507980fd3853a09e4f86a72e1f257149d,512,self-destructed,other,,,
0xd409c61cd9b0c6bd8d9ef68439474bd975f6e0ce,309741,2015-09-29 23:40,0xe62fcfbe69189c9fc537b5209d633b9e4973f2d1,transaction,0x51bed14bff729a8113b48f4470254452310bae010f1de4f0a08713e7f33b221c,316,self-destructed,other,,,0.018
0x47c25a00d53337c0bbf297a51939a1a9309ff5c9,309824,2015-09-30 00:03,0xe62fcfbe69189c9fc537b5209d633b9e4973f2d1,transaction,0x69e362f7e00a6881a9029fbf81d19f3a9bf0e5da87c7c7d34d2a6541862d5dee,0,never had code,other,,,0.000
0x80603decb9f6326b05fec23c9a830d6cf506aa88,309873,2015-09-30 00:18,0x4dabcdda03a0b38618c571bbe607074d87446b61,transaction,0xf4ce202163e4be3e0214f08cd1b49007156b5a077772044177015c437454c573,1089,self-destructed,other,,,0.019
0x4ba7460d36416e6d854526cb1567b1f2bd12ab01,309909,2015-09-30 00:31,0xcf684dfb8304729355b58315e8019b1aa2ad1bac,transaction,0x7db57ed0f6c11db31951c05ae4d182fbc5881af37d4b6b2ab536f5d802f12414,698,self-destructed,other,,,
0x89c7776f8ae736ce12a0b3309bcea8b4d24bfb12,310109,2015-09-30 01:35,0x4dabcdda03a0b38618c571bbe607074d87446b61,transaction,0xb6631783bfb9fff4671ce7c3c9c10aaa016ad64bd66e68299c1090e1bdf1d255,1089,self-destructed,other,,,0.019
0x2adfc2febf51d75d195ccd903251c099fdd22f20,310456,2015-09-30 03:14,0x329a2da2753351f9b5d7a7c9ac51664278b3b817,transaction,0x0a6542d47e999942570013e1de9a75107991de1253907ae91ff762fb71da9b33,2935,exists,other,,,0.044
0xb912acab51206235b6082bcbd2cb88a5fb485a8f,311846,2015-09-30 10:29,0x10901cf06f190af365c2fe0d6de417ef0ad032ee,transaction,0xdce9f070c3d9df9fa2734420f284334939286c2cb10568f65760731477e56f71,1229,exists,other,,,0.005
0xb7871c70fcba963f502f5b25ca39932820f23206,312090,2015-09-30 11:39,0x7686f2ba0ebfdcc560be8bb6746c53edf4a3569a,transaction,0xd2d0e34adad62cb1bb2998970a3c3f9988ac147a6518fd2110bfed5c1455e7ca,1089,self-destructed,other,,,0.019
0xfa15b8c872f533cd40abfd055507f2907bcf1581,312353,2015-09-30 12:53,0x740f63f535bc86fb87f9482adbec5ca289a2d59e,transaction,0xb4681493d813932e9b0c7cbd54919dd1a48fd41048c964ee6493181402a0d11a,1229,exists,other,,,0.005
0x5e50225b8dccefd89dcbae96e73f71e59a4e2529,312361,2015-09-30 12:55,0x4dabcdda03a0b38618c571bbe607074d87446b61,transaction,0x7c478f2db4eed02bfad0c0d926ea050f59d70f644559cb968105ab65d6eb8bc1,1089,self-destructed,other,,,0.019
0xf3cf86ec4f6b09593593651513e0b6aae64f986f,312391,2015-09-30 13:03,0xcf684dfb8304729355b58315e8019b1aa2ad1bac,transaction,0xb29f6ef2c61ceee81597ebb2a5d2fcb0131fd3ca5a41f39c06b18c877c8a136c,908,self-destructed,other,,,
0x58d1b73e4a0ac264d410343c3c3e61f81ad9a81b,312418,2015-09-30 13:12,0xcf684dfb8304729355b58315e8019b1aa2ad1bac,transaction,0x0245580d7aa7ac774c47b11a921e7a7932b5b74ed53840e5958c7562e9ed4c09,920,self-destructed,other,,,
0xdcf763a7041bb7c05493c5f6a748598467b08071,312433,2015-09-30 13:19,0xcf684dfb8304729355b58315e8019b1aa2ad1bac,transaction,0x8e2e0c02924d15a524ac3d33ed4ff09f7ef6cebaca1b346de5c70fc24d4f9754,945,self-destructed,other,,,
0x87a43d5d34d3ca30868eed291d1bbb7a29c5af88,312668,2015-09-30 14:30,0xcf684dfb8304729355b58315e8019b1aa2ad1bac,transaction,0xe9d08afcc1f4d2fb002e3d659466ad129ece7f6b0a3677149c02cd5f31f50dd1,0,never had code,helper,,,
0xdeaff3cca517bc15b74397d9a9248134484f70d9,312668,2015-09-30 14:30,0x87a43d5d34d3ca30868eed291d1bbb7a29c5af88,contract,,259,self-destructed,other,,,0.036
0x6fa734d070e89d5daa4a2f6621ad098d831da18e,312726,2015-09-30 14:45,0xcf684dfb8304729355b58315e8019b1aa2ad1bac,transaction,0x518e0ec15296c1e1fc1b91f80cb5b0d0d6b1732b4607da2513c13508f294dc75,0,never had code,helper,,,
0xb892befc6ad7439566c587b4b85b5feaaa285f71,312726,2015-09-30 14:45,0x6fa734d070e89d5daa4a2f6621ad098d831da18e,contract,,259,self-destructed,other,,,0.036
0x2912c40f5e9ea98698b8c8e482fdf206bed13a4e,312766,2015-09-30 14:58,0xcf684dfb8304729355b58315e8019b1aa2ad1bac,transaction,0x6aa406e750dbe65d5be1726c43c2db7102b01ea7ee71a6f89ba0d44e980df5d7,0,never had code,helper,,,
0x60c11bc69c33c397855ffbb619548b066c15bd91,312766,2015-09-30 14:58,0x2912c40f5e9ea98698b8c8e482fdf206bed13a4e,contract,,259,self-destructed,other,,,0.036
0x28837c1b40f30a8a03b0f83dbc5422826c04d897,312804,2015-09-30 15:08,0xcf684dfb8304729355b58315e8019b1aa2ad1bac,transaction,0x90b5c1a4b4256674e287568333d9bf7b0db219f12d5f8fa624059fb334e2bda1,953,self-destructed,other,,,
0x2ed055ab9d4697197d4b767b2a7a0cdb93bbc124,312814,2015-09-30 15:12,0xcf684dfb8304729355b58315e8019b1aa2ad1bac,transaction,0x0dadf83fb87016c662f1a1b2bd30bed56508e6e4c5e6aeba2faaa8d69ba4fafc,259,exists,helper,,,
0x957a1fa9deca64e4a92312f01a20b85df5929826,312827,2015-09-30 15:15,0xcf684dfb8304729355b58315e8019b1aa2ad1bac,transaction,0xce41b6aee9e42f2c7c2503f809518f11db1359c8969506cc1f232f41ca47d605,953,self-destructed,other,,,
0xadccb16c0cc9cc2c419a30f7d58466b7139f91c2,312829,2015-09-30 15:16,0xcf684dfb8304729355b58315e8019b1aa2ad1bac,transaction,0xec9696f1eb6cf203b13013941ec95819cdc6eea7cc06b1f5cd37f892f7e79796,208,exists,other,,,
0x210fe31af3871297503f4e46c6d1be8d2366fa2d,312843,2015-09-30 15:18,0x957a1fa9deca64e4a92312f01a20b85df5929826,contract,,208,exists,other,,,0.000
0xcc4dbc374a27efe2a1640376c23f9c24a1f1ac73,312869,2015-09-30 15:26,0xcf684dfb8304729355b58315e8019b1aa2ad1bac,transaction,0x887a2d176d15337dc75dbf8defa45198bf29c92eac11661227d5aef7253458dd,1339,self-destructed,helper,,getElevations(),
0x9fb0b5c0cbbd30a9e8ce9c81c686a797121d69b8,312888,2015-09-30 15:31,0xcf684dfb8304729355b58315e8019b1aa2ad1bac,transaction,0xd409ee076ce9de1cbc3c7cc8d1f9283ebc963bc4331c47fefd6a6d288a7786e7,208,exists,other,,,
0xf7dd4e0f5b7a7f245a4b5d26505cdfd25818be28,312893,2015-09-30 15:34,0xcf684dfb8304729355b58315e8019b1aa2ad1bac,transaction,0x3918571fcde60282e5f4aad5755edac850e2caa8f57fc76931453de5d57a2b7d,1339,self-destructed,helper,,getElevations(),
0x183b42ed6eb558e11cf1a4e93190731b4a62a7cd,312897,2015-09-30 15:37,0xcf684dfb8304729355b58315e8019b1aa2ad1bac,transaction,0x9558015ab6705fb823b4eedc776cce6178889fa9b2b4e72178ffe7e7d7e7bb2a,1511,self-destructed,helper,,getElevations(),
0x0b70c9eb28589d7a3bd38fcb0772e0cd647a2269,312916,2015-09-30 15:41,0xcf684dfb8304729355b58315e8019b1aa2ad1bac,transaction,0xa3a1ce58a2692541e703e33795ac50c9a2ce8ecfc1826465b4016a3079366807,1511,self-destructed,helper,,getElevations(),
0x1ba4fa7c00b9644904b48155cca04489d159ad97,312923,2015-09-30 15:44,0xcf684dfb8304729355b58315e8019b1aa2ad1bac,transaction,0x54dc3e80dd0e55402c0b80a79d1319400c95f48dc847db3f4c54d80ce5319fef,1511,self-destructed,helper,,getElevations(),
0x64ea8fc80f18e68e546b28dffbe13b6eb63fa819,312969,2015-09-30 15:58,0xcf684dfb8304729355b58315e8019b1aa2ad1bac,transaction,0x2f036bb7a258ef61722edbe43fc3d6b45662e43b98cc4e466c6b4a1c8eea1af4,476,self-destructed,helper,,getElevations(),
0x2ed778bb966a4517e5f02d336fb9f13d0c2c8efb,312977,2015-09-30 15:59,0xcf684dfb8304729355b58315e8019b1aa2ad1bac,transaction,0x47b28981d085ee8ce592fe74e77e395b85935e1d37539656fecf59f27b765b6b,476,self-destructed,helper,,getElevations(),
0xc62ea1ac94d83d386c74d3eb7f5c7b447eb2636c,313117,2015-09-30 16:37,0xcf684dfb8304729355b58315e8019b1aa2ad1bac,transaction,0x9518b83580b99760af115fdcf53e85a2fd3ff6f17f015dbc05d7f221573c9de4,690,self-destructed,helper,,getElevations(),
0xc8c2ed93af09a2d9be99d98cf8338d9d527e9057,313141,2015-09-30 16:47,0xcf684dfb8304729355b58315e8019b1aa2ad1bac,transaction,0x5418ccee5139a5f726433d321366d4529fccbecfdc5383c9e113c230413f90db,690,self-destructed,helper,,getElevations(),
0x2a4ac29959cd398dd0950bae6147efa007ad3372,313450,2015-09-30 18:27,0x9b22a80d5c7b3374a05b446081f97d0a34079e7f,transaction,0x03d7600006965b153a0b16901d7188ce0b21eba8d7cb4f3a56dd6f094b114597,49,exists,other,,,0.000
0x8465dac1172b6abe303bead4d06125aed72ea01c,313472,2015-09-30 18:35,0x9b22a80d5c7b3374a05b446081f97d0a34079e7f,transaction,0x7195290392cb4f9547a3e5a569e4c7dfb212ab5db951ec90e089d664fdc95395,49,exists,other,,,0.000
0xaf527686227cc508ead0d69c7f8a98f76b63e191,313791,2015-09-30 20:06,0xdc99b79555385ab2fe0ff28c3c954a07b28aac5e,transaction,0x1d8740e601c8a88cfaa3a13e401b5588fd2bf446faec5ee7ca4cc00159612b0d,1284,exists,other,,,0.035
0xec6952892271c8ee13f12e118484e03149281c96,313861,2015-09-30 20:27,0xb1b8003ef773b11cd5a1cebd80922f09a1f1819e,transaction,0x07fa9c829b35633ca8b36c8cbf6a14b243efd92c212aa79d8e20b3e097ac143c,418,exists,other,,,0.041
0x6489fc370c7df314ee0bdfb1fbd185f1bc457d89,314103,2015-09-30 21:37,0xcf684dfb8304729355b58315e8019b1aa2ad1bac,transaction,0x710f516f119e0519ae8c2283bb639b14bf90188609ab2f531c9642d28010357e,3949,exists,etheria-like,"setOwner(uint8,uint8,address);initializeOwners(uint8[]);getOwners()","addBlock(uint8,uint8,int8[7]);getBlocksForTile(uint8,uint8);getElevations();getOwners();getPrices();initializeOwners(uint8[]);setElevations(uint8,uint8[33]);setOwner(uint8,uint8,address)",
0x915f6a8fac7e4de205b72aa30289354921cbeb90,314188,2015-09-30 21:59,0xcf684dfb8304729355b58315e8019b1aa2ad1bac,transaction,0x5e66fcd682e3669830de8e2e4494690e14b162f4bbc6701829892e7411b19e05,3240,self-destructed,etheria-like,"setOwner(uint8,uint8,address);initializeOwners(uint8[]);getOwners()","addBlock(uint8,uint8,int8[7]);getBlocksForTile(uint8,uint8);getElevations();getOwners();getPrices();initializeOwners(uint8[]);setElevations(uint8,uint8[33]);setOwner(uint8,uint8,address)",
0x6b07cb54be50bc040cca0360ec792d7b5609f4db,314301,2015-09-30 22:36,0xd3cda913deb6f67967b99d67acdfa1712c293601,transaction,0x430464ebe6471423bd701a516d53a7ed3e3e0f39b673c2221317968eb5fe80ab,2692,exists,other,,,0.017
0x6754f0ede29e762ff85a756d2a27ca42f5ec097c,314653,2015-10-01 00:19,0xbfda1f342f8298a57dabf54a3893855d34187dc9,transaction,0x1a2a44a6791c2846fc539fd0c4d93836fb7c47414daf037399943828e2b135a2,213,self-destructed,other,,,0.040
0x9e376482fcac510b5b9e02d0dc956a8101a1c344,314798,2015-10-01 00:56,0xbfda1f342f8298a57dabf54a3893855d34187dc9,transaction,0xe0df07cc5612f6d57b4b6db64d51c7dc3b8bf712baa487485ca9ff2db71f6614,667,self-destructed,other,,,0.100
0x64dbc7b07a21ccad0fe4258fcdc42cfe512e76c4,316604,2015-10-01 09:22,0x5c2422a39bcb8e469423ca039cf2b89bbe55e93e,transaction,0xdb225a625f4c8d200d87c750d96a44c174739dd695b48f222d85d42bc0ee2dce,49,exists,other,,,0.000
0xb4a953f12f7418ed498a782ba47e5a7f5967091c,317497,2015-10-01 13:33,0x70e3e34c0100b1e05700fa699183c82af7a25ba0,transaction,0x08d8ec3b6cb1cc501428b7f7c35aeb65e644f367a9d5f899149301e9beece0cf,49,exists,other,,,0.000
0xcb5f9267b576eba00cfeff9af88e05ff354919df,317548,2015-10-01 13:47,0x70e3e34c0100b1e05700fa699183c82af7a25ba0,transaction,0x095399770add0f0c68a0f004b3da0182604ea8b8c39194ec0a752845a660568a,49,exists,other,,,0.000
0xc630a71b2dfbcc621affd33257132b50adbe1cd0,317550,2015-10-01 13:48,0x70e3e34c0100b1e05700fa699183c82af7a25ba0,transaction,0x85e251c6dd48fb21bca5f13aa41eda00462ead3e05b584bd88cf477e0bf19286,49,exists,other,,,0.000
0x1c776e19850998177a7e33f6496c368bcabdce54,317626,2015-10-01 14:10,0x70e3e34c0100b1e05700fa699183c82af7a25ba0,transaction,0x58e47164d00c986b0e736346057031a461e7052ff03bcb51e8fed4cedd003b01,49,exists,other,,,0.000
0xe30c59e4dc19d7c9ed6eb10d734d4d7ef28403ac,317646,2015-10-01 14:18,0xc876c021ece519a8cb7d3d1b8eea2d1cee9929ba,transaction,0x48c60ff4ebae271f1536ac365c1f808d9ac298e37de4e9abeab13dce9567751d,0,never had code,other,,,0.000
0x7e2d0fe0ffdd78c264f8d40d19acb7d04390c6e8,318029,2015-10-01 16:03,0x1db3439a222c519ab44bb1144fc28167b4fa6ee6,transaction,0x33cfe04ab5977e50022d2d2ac579b7656714102b652dd267b95cc5cc5d1c5f18,2544,exists,other,,,0.000
0xb9286a788806b13aad71ae2add935d550bf7ea33,318139,2015-10-01 16:28,0xcf684dfb8304729355b58315e8019b1aa2ad1bac,transaction,0x63f65b471e956da9c3e7bfd761e5eab5a221ef926e1d842229ba378976596d99,3473,self-destructed,etheria-like,"setOwner(uint8,uint8,address);getOwners()","addBlock(uint8,uint8,int8[7]);getBlocksForTile(uint8,uint8);getElevations();getOwners();getPrices();setOwner(uint8,uint8,address)",
0x6c3afb0adc5ecb094a06601ceac1a90a47d4b066,318403,2015-10-01 17:37,0xcf684dfb8304729355b58315e8019b1aa2ad1bac,transaction,0xfc4e1cd64c3521063bab19ad8af07faf98ca863963e69e8bd573a4845f0e1cfe,3469,self-destructed,etheria-like,"setOwner(uint8,uint8,address);getOwners()","addBlock(uint8,uint8,int8[7]);getBlocksForTile(uint8,uint8);getElevations();getOwners();getPrices();setOwner(uint8,uint8,address)",
0xfdf00e23dbe2240d07127b6289e59d64b7cdda76,318431,2015-10-01 17:43,0xcf684dfb8304729355b58315e8019b1aa2ad1bac,transaction,0x05d30ccc96371d64b24d168553de6edb0a4794b2a3464d1230c8bd3837263bbc,3469,self-destructed,etheria-like,"setOwner(uint8,uint8,address);getOwners()","addBlock(uint8,uint8,int8[7]);getBlocksForTile(uint8,uint8);getElevations();getOwners();getPrices();setOwner(uint8,uint8,address)",
0x078f0b668283b0e5941fe204081b3df5c5b8ba33,319017,2015-10-01 20:26,0xd3cda913deb6f67967b99d67acdfa1712c293601,transaction,0x9a155492ca9dc521d92307d896ee36b1d3b59f32dc3357b999f758a53c8e2151,4100,exists,other,,,0.016
0xa5715a1cb7572eeaeec2855d4b85a8afec84dc28,319018,2015-10-01 20:27,0xd388d8671ac6edb904d91c1585dedbd6895b9ef8,transaction,0xab134441fd2dd539a6037410e1956fb01878ccbc03809382b49b4f0f78c3d1cd,2880,exists,other,,,0.026
0xc243dded4e4d319707dcb5d00d1a946bec8083db,319018,2015-10-01 20:27,0xd388d8671ac6edb904d91c1585dedbd6895b9ef8,transaction,0x2472b49b10c5bb5a9bb8a199205f11d5e0b899fb5614336b2baf090fd95610f4,193,exists,other,,,0.000
0xd623202692642143842b66e64c63309e945c12d8,319018,2015-10-01 20:27,0xd388d8671ac6edb904d91c1585dedbd6895b9ef8,transaction,0xda6633b2a5fd96abc4f828d03620add0bb14c109bcade1d8ebd298402406a35d,152,exists,other,,,0.000
0x7d7ce4e2cdfea812b33f48f419860b91cf9a141d,319046,2015-10-01 20:33,0xd3cda913deb6f67967b99d67acdfa1712c293601,transaction,0xa10b79b11025dd6c29d968e0c30b817129e3981656fe4e041a24d6301c2015f4,4102,exists,other,,,0.016
0xc7696b27830dd8aa4823a1cba8440c27c36adec4,319299,2015-10-01 21:46,0x421291621428555e77f5ad58f217c9efa84d901f,transaction,0x9b5615d7abef6660e3d9941add9f0284e3428021339095261d35a8ac857506b6,5673,exists,other,,,0.017
0x7b6556b40a5a4d40118387495314f4445986239c,319519,2015-10-01 22:46,0xfd2605a2bf58fdbb90db1da55df61628b47f9e8c,transaction,0x85ae5887766ec146337e824d86202df9c9bbca427dde15dd2f5275e2b81cd936,131,exists,other,,,0.000
0x72395c4d87dca2a815a6abafd2ceabc20a543193,320558,2015-10-02 03:49,0x329a2da2753351f9b5d7a7c9ac51664278b3b817,transaction,0x8fcbdb57c12fa3f9833f131a6d6079b46e29cb9a874a92844979f7397275ccdd,1577,exists,other,,,0.023
0x4e45f2f7707c2d3bf5f426a113f5e3f730e259a8,320658,2015-10-02 04:19,0x329a2da2753351f9b5d7a7c9ac51664278b3b817,transaction,0x3724947af0f839d5157e1703ff8464d10abb7a32facaf2cbb37a9492ecafd621,2935,exists,other,,,0.044
0x7076533113d3c5ed718c758c77c300bbb0daeeb1,321760,2015-10-02 09:23,0x8674c218f0351a62c3ba78c34fd2182a93da94e2,transaction,0x936e991190041388d33db190d4a0e40a563b4cfcb4378ba065fefbd82bda2dcc,0,never had code,other,,,0.000
0x7150b475b3be1a6c861d8b66a7085bd7e23cb6ed,321771,2015-10-02 09:27,0x8674c218f0351a62c3ba78c34fd2182a93da94e2,transaction,0x99b205752e143eaff223d5e5514eac70c83ad700f35ecf8691d71c39307e0fb5,0,never had code,other,,,0.000
0xe64bfbdca344fad73f306bd6b958538cd2a5bbcc,321799,2015-10-02 09:39,0x8674c218f0351a62c3ba78c34fd2182a93da94e2,transaction,0x4d9693d3b6f060971f8f9d3498bc4c68d51fbe621c48f6770893946b9ca12113,0,never had code,other,,,0.000
0xbfb14798cbe0dec1e6ac8a397c8a29bc78f8c908,321842,2015-10-02 09:51,0x8674c218f0351a62c3ba78c34fd2182a93da94e2,transaction,0x32b123abaac2c064fe074206d533bcbf700f0ef710b3c6f0b786f54d9d5e4dd3,0,never had code,other,,,0.000
0x5dc2e401e29ea16e51ebcecaef129c15fed5a5e8,321856,2015-10-02 09:56,0x8674c218f0351a62c3ba78c34fd2182a93da94e2,transaction,0x84b4a7d1a5a9ce8779179bcce6f85930b51cea8f50201ad9507e961a02465c36,8641,exists,other,,,0.048
0xd48577e8b78c60864585a248455da7f2f9be429c,321934,2015-10-02 10:17,0x52de4b32e40ba930679efeb2214357cdf6fec979,transaction,0x9b476e9f2fb5484b8ea5d178ca0afa13d7218f5bc93906fb605ce404f722099d,476,exists,other,,,0.097
0xf45a8e4161007754ff0b7a85eac47ea857590836,323111,2015-10-02 15:39,0x2955ee647f3b06b1c961fcf4e0a61df00ecd5b5b,transaction,0xd89bea3ba3e917030556f239a4fc2754ae11a59eba3d6199c343d147717a405d,546,exists,other,,,0.094
0x4d8875b5058c6bf9db0fba172114299eaa476a9d,324314,2015-10-02 21:16,0xfee038c0154bcb9a404014fdb42b0590cd9b55e3,transaction,0xe40e8388e89fe65d96143d38dd17113cab715e6a2183e4f66c4e84406ad7652f,1860,self-destructed,other,,,0.040
0x55a8264a6ee08ef9878c1e395e4041df6ee28832,328416,2015-10-03 16:19,0xcf684dfb8304729355b58315e8019b1aa2ad1bac,transaction,0x6aafefb4a97a5543b6d93fd6a58dd11012862dbf9118bb625707bd339185b691,3135,self-destructed,etheria-like,"setOwner(uint8,uint8,address);getOwners()","addBlock(uint8,uint8,int8[7]);getBlocksForTile(uint8,uint8);getElevations();getOwners();getPrices();setOwner(uint8,uint8,address)",
0x67df020d60db5fc673774ec6c0c589f7d960d58b,328635,2015-10-03 17:22,0xcf684dfb8304729355b58315e8019b1aa2ad1bac,transaction,0xd00ab479c5b7a061eab5e37a1a497033181bc15da0f2c50df1025da1fd16979b,4542,self-destructed,etheria-like,"setOwner(uint8,uint8,address);getOwners()","editBlock(uint8,uint8,uint256,int8[7]);farmTile(uint8,uint8);getBlocksForTile(uint8,uint8);getElevations();getOwners();getPrices();setOwner(uint8,uint8,address)",
0x236493502bdd660940942b9a38c48ef0539e3cf2,328688,2015-10-03 17:36,0xcf684dfb8304729355b58315e8019b1aa2ad1bac,transaction,0x2a3502718f9c7073d8f57aabaaf49684a6c8579ab1696c5a4a823829179fda63,4157,self-destructed,etheria-like,"setOwner(uint8,uint8,address);getOwners()","editBlock(uint8,uint8,uint256,int8[7]);farmTile(uint8,uint8);getBlocksForTile(uint8,uint8);getElevations();getOwners();getPrices();setOwner(uint8,uint8,address)",
0xd74ab8d50f84e966aa175870b9c0a84eea891c6a,329571,2015-10-03 21:52,0x456bdcab7c614200f75b0c479f76770ea9740438,transaction,0xb7e0ce788eff5b390b9c4693e61759920a4775fa6e190ce841e5ce5acec62232,476,self-destructed,other,,,0.097
0xb5a79525ea8302e7b489a1f55b0df6021ad1dee1,329762,2015-10-03 22:52,0xcf684dfb8304729355b58315e8019b1aa2ad1bac,transaction,0x5c356e703b8b68d651c63caccc1058ae6b52b34f0af1a6981b79f747a4ca0e36,4216,self-destructed,etheria-like,"setOwner(uint8,uint8,address);getOwners()","editBlock(uint8,uint8,uint256,int8[7]);farmTile(uint8,uint8);getBlocksForTile(uint8,uint8);getElevations();getOwners();getPrices();setOwner(uint8,uint8,address)",
0xb8af70f84bfda39ccb2858f4fc54eca1b63dd519,329945,2015-10-03 23:46,0x363be44335d8b8d9cc7447913a72d077041bbfba,transaction,0xaa2679e4a4945f60d9e76b495e117d4430ad978311f55d53d65c65a09233dcb6,49,exists,other,,,0.000
0x5177ba9bd8cbe8f95632b4e32f87a045469a2672,329979,2015-10-03 23:53,0xcf684dfb8304729355b58315e8019b1aa2ad1bac,transaction,0x10f7a2aed3506979b2ad431d0475ae69eb5fd0c01732eecc8261b454a6371f51,4160,self-destructed,etheria-like,"setOwner(uint8,uint8,address);getOwners()","editBlock(uint8,uint8,uint256,int8[7]);farmTile(uint8,uint8);getBlocksForTile(uint8,uint8);getElevations();getOwners();getPrices();setOwner(uint8,uint8,address)",
0x27f5d585627f1a775e4db66c3b44fc994849e99b,329983,2015-10-03 23:54,0xcf684dfb8304729355b58315e8019b1aa2ad1bac,transaction,0x16229a27a22ed08d472e3aa69b072af3bf502d05461355fb98c16bce1526bf8d,4160,self-destructed,etheria-like,"setOwner(uint8,uint8,address);getOwners()","editBlock(uint8,uint8,uint256,int8[7]);farmTile(uint8,uint8);getBlocksForTile(uint8,uint8);getElevations();getOwners();getPrices();setOwner(uint8,uint8,address)",
0x9147f75b7da0a69cc99a51054d6ebfc12356ae9d,329984,2015-10-03 23:54,0xcf684dfb8304729355b58315e8019b1aa2ad1bac,transaction,0x6395f1564ceb969b5b22f2662fe2f5c13067abdea52e1d01a78e98b8d1c36d7f,4216,self-destructed,etheria-like,"setOwner(uint8,uint8,address);getOwners()","editBlock(uint8,uint8,uint256,int8[7]);farmTile(uint8,uint8);getBlocksForTile(uint8,uint8);getElevations();getOwners();getPrices();setOwner(uint8,uint8,address)",
0x0ab6bbc215ba128a30d480c3d201798fb0252d0a,329985,2015-10-03 23:54,0xcf684dfb8304729355b58315e8019b1aa2ad1bac,transaction,0x2a86a338b45a049c732877fdf9e25eceb4bdce654fe9544f49efddbbe74c11f4,4160,self-destructed,etheria-like,"setOwner(uint8,uint8,address);getOwners()","editBlock(uint8,uint8,uint256,int8[7]);farmTile(uint8,uint8);getBlocksForTile(uint8,uint8);getElevations();getOwners();getPrices();setOwner(uint8,uint8,address)",
0x17c1de7250c4d048c3c2e5521e9a72107ca0421e,329991,2015-10-03 23:57,0xcf684dfb8304729355b58315e8019b1aa2ad1bac,transaction,0x8678068d7a8d002e1c9143cdba9d8527aa7fd428cd914fbbca35b114d282985e,4160,self-destructed,etheria-like,"setOwner(uint8,uint8,address);getOwners()","editBlock(uint8,uint8,uint256,int8[7]);farmTile(uint8,uint8);getBlocksForTile(uint8,uint8);getElevations();getOwners();getPrices();setOwner(uint8,uint8,address)",
0x7f79493141a42fd51ec9c4dc5e31af33e8e354ee,330041,2015-10-04 00:16,0xcf684dfb8304729355b58315e8019b1aa2ad1bac,transaction,0x5b6e7e9a0f03745e3c21739d48b44731a9d43e7ae194b2e7bdd24a2f07148878,4157,self-destructed,etheria-like,"setOwner(uint8,uint8,address);getOwners()","editBlock(uint8,uint8,uint256,int8[7]);farmTile(uint8,uint8);getBlocksForTile(uint8,uint8);getElevations();getOwners();getPrices();setOwner(uint8,uint8,address)",
0xd930e23c857865f33ae2e44201f5630ee98dc470,330051,2015-10-04 00:20,0xcf684dfb8304729355b58315e8019b1aa2ad1bac,transaction,0x7ed5e70a5c6cece3f5852a57302d6e475dae82e847948c37084e2e6359258208,4216,self-destructed,etheria-like,"setOwner(uint8,uint8,address);getOwners()","editBlock(uint8,uint8,uint256,int8[7]);farmTile(uint8,uint8);getBlocksForTile(uint8,uint8);getElevations();getOwners();getPrices();setOwner(uint8,uint8,address)",
0x53bccda5dcacc0b10b7c4145b0aa6581330b8635,330952,2015-10-04 05:01,0x456bdcab7c614200f75b0c479f76770ea9740438,transaction,0x0ce30a813917ec149a5be372d697f62a8c96b901f20bfce48e802f68afdcdd74,495,exists,other,,,0.005
0xb73cf815c72fdbb7fdcf5578e290b8f010d4c862,332435,2015-10-04 12:16,0xefd125f76b020623f7f1c455ac173caf8d610c52,transaction,0xe9ad03fd241e0aa0f8a5e368318f9e82b983667762c6479f6b37819ace498cb9,49,exists,other,,,0.000
0xbd0edfbac386c9964f8f013d65d7dad5382d9cd7,334223,2015-10-04 20:58,0x1b341f7a7732c33c8140b1c11161c6d274979818,transaction,0x8602d4f41d9f5826eb87648efdaa0f4355b5c431e53745ca5a6a66567283b64f,495,exists,other,,,0.005
0xf01b35a7c859068894b85a15133d241119d5bd03,335442,2015-10-05 02:39,0xcf684dfb8304729355b58315e8019b1aa2ad1bac,transaction,0xa59c9a40773394cc774ccdb0c6ee2f4ee03831ca8a45a997766c9f9ed668e3cb,4216,self-destructed,etheria-like,"setOwner(uint8,uint8,address);getOwners()","editBlock(uint8,uint8,uint256,int8[7]);farmTile(uint8,uint8);getBlocksForTile(uint8,uint8);getElevations();getOwners();getPrices();setOwner(uint8,uint8,address)",
0x904b5b23612641714c59a7d09e6d4232eef91f9c,336733,2015-10-05 09:08,0x8674c218f0351a62c3ba78c34fd2182a93da94e2,transaction,0x82685f38ca09c9ada3986e84ad151d80275be6acd7c172b41e10c4ecd105199b,86,exists,other,,,0.000
0x08d123fa88950ca2d41879fa41691f9b17a90e58,336805,2015-10-05 09:26,0x8674c218f0351a62c3ba78c34fd2182a93da94e2,transaction,0x3ba5ba4eaca6212dbc2be64ca2b9f36a3c2b0fd97b5835e3a43a240f35a83ac1,1870,exists,other,,,0.050
0x53e50ce896abec2cefba2481319cd7fa51b6aa6f,336820,2015-10-05 09:30,0x8674c218f0351a62c3ba78c34fd2182a93da94e2,transaction,0xae4f1c47a8341cb8c0e43f779ced89db720cd825df2aadd9eded92cd1b4f96f4,1759,exists,other,,,0.053
0x59d778d331ba1f541e6c73cdacd8085b7b001841,336834,2015-10-05 09:34,0x8674c218f0351a62c3ba78c34fd2182a93da94e2,transaction,0x07b53bad0f29166eb15a6076279a43418a9c5f25f4853edde6695dd9ac462405,1707,exists,other,,,0.053
0x22cebe6be509a748155fee7eeecf3e1a444f6545,336847,2015-10-05 09:37,0x8674c218f0351a62c3ba78c34fd2182a93da94e2,transaction,0x25c566c383f5649211819ebb135db8333086ff40f3eeb7f666c778688b490514,1558,exists,other,,,0.044
0x76c14eab5ab3c6fd373bead58492b97c7c72b896,336882,2015-10-05 09:47,0x8674c218f0351a62c3ba78c34fd2182a93da94e2,transaction,0x288426e375dcb45241a6250f3ebcd4a2adbb32f02831cba11520d5e001254db1,1520,exists,other,,,0.043
0x4718855b9b3d6d527c9d9166035d86d99aab5a0b,336900,2015-10-05 09:52,0x8674c218f0351a62c3ba78c34fd2182a93da94e2,transaction,0xc193616e9658ff516b4b3b1255f7f51e28ad9819f8561ceb1dffd7682e3a7a40,1494,exists,other,,,0.040
0x136f0e900981d6d9301c96590f18bc5effd4d027,337202,2015-10-05 11:22,0x8674c218f0351a62c3ba78c34fd2182a93da94e2,transaction,0x1329d612b823a4b9e5ee197cd5685dc2a3bfc598da21d4a3116c458fcbfce719,1494,exists,other,,,0.040
0xb4793eabf233e6e875fe6ed8763b3616616af984,337221,2015-10-05 11:27,0x8674c218f0351a62c3ba78c34fd2182a93da94e2,transaction,0xfea4e5476a111e620eec4b672199bffef1d7cfdceb979e42fd89f9c24ce1fad7,1481,exists,other,,,0.040
0x8022007f81ace0f2594b34086eaad696616b19c1,337244,2015-10-05 11:33,0x8674c218f0351a62c3ba78c34fd2182a93da94e2,transaction,0x10c16ecbea3efce396fe5e12b951daaa1fe425d79f7d6e79a7113ce855df3434,538,exists,other,,,0.034
0x8eb600ab0e4c36990769e149b9a454b409235c93,337276,2015-10-05 11:41,0x8674c218f0351a62c3ba78c34fd2182a93da94e2,transaction,0xeb0ff8ad2019d52fd3fbe191c8fd228f0a186f0c244e642bedf5f759601470c4,504,exists,other,,,0.034
0x9e8c18870d732adf08ae1d69f2586e7317b2e95b,337327,2015-10-05 11:56,0x8674c218f0351a62c3ba78c34fd2182a93da94e2,transaction,0xf60deda852267a1d82947ae86baa53d857fa406bad7c316e4848317fde213e1a,0,never had code,other,,,0.000
0x9b4f59c0d2d533fc2c9f527e16ea6e21f4234959,337332,2015-10-05 11:58,0x8674c218f0351a62c3ba78c34fd2182a93da94e2,transaction,0xe699c15060f2f51d2b06aaea18ee3982f7a14688853464bd16acfb474abab1e2,852,exists,other,,,0.057
0x0b4db64d1b97b127a6978211db0140386eeffbe7,337369,2015-10-05 12:06,0x8674c218f0351a62c3ba78c34fd2182a93da94e2,transaction,0x25b31c6eaa556df3a3fcaa27050afd7256200ba04ecbea25ab53bd8a6dfd15a8,291,exists,other,,,0.011
0x58568f47e0bb8ea65eda5459c53ea21bd91bee9f,337396,2015-10-05 12:14,0x8674c218f0351a62c3ba78c34fd2182a93da94e2,transaction,0x0a928cbac99450d17a13dc1cdf2a3c1c07849c8d43e14089bdf8108cc0b7e573,182,exists,other,,,0.000
0xf4c966c6b9a2f0b2d285d81142b50662ad91feb5,337414,2015-10-05 12:18,0x8674c218f0351a62c3ba78c34fd2182a93da94e2,transaction,0x721dbc4afa3e0ae9837fcff8f23387c9c3fd0dc822216951f81f5f65ffd7bf80,266,exists,other,,,0.012
0x6991253a2b776de00de5f8e1b48a44e3aefe7e80,337432,2015-10-05 12:22,0x8674c218f0351a62c3ba78c34fd2182a93da94e2,transaction,0x15591a8072384ac8491f6bd9d0c80b663b6054abaaf2c4a52faa4c7e9d228374,218,exists,other,,,0.000
0xd5274c05f44f51397a7eedaa12f060b101c29f3c,337441,2015-10-05 12:25,0xcf684dfb8304729355b58315e8019b1aa2ad1bac,transaction,0x40913edda6401213ec6c012d35904fac2c695fa3a7240ef1dc1a00cc8c92f658,4216,self-destructed,etheria-like,"setOwner(uint8,uint8,address);getOwners()","editBlock(uint8,uint8,uint256,int8[7]);farmTile(uint8,uint8);getBlocksForTile(uint8,uint8);getElevations();getOwners();getPrices();setOwner(uint8,uint8,address)",
0x17c5cb97997c4db584f960484e54ca0c15adcf02,337444,2015-10-05 12:25,0x8674c218f0351a62c3ba78c34fd2182a93da94e2,transaction,0xcd0eedc357a9364b41703c08c4a2ac61558b62c8ee4fab1d5c427702e5670918,289,exists,other,,,0.012
0x8b239308d39fdd4079b38795e39bd7faaa80b5bd,337458,2015-10-05 12:28,0x8674c218f0351a62c3ba78c34fd2182a93da94e2,transaction,0x8a74a01bd05465a5b13e060ce2d0af0083f7e4fab4011630437434272972e9d7,245,exists,other,,,0.000
0x6c33ec0703b733014c83de428fb7e16a01a5b819,337471,2015-10-05 12:32,0x8674c218f0351a62c3ba78c34fd2182a93da94e2,transaction,0x784a5595cbb417b7af48d52e9a238f560f27814b648f503af32bcd44db6e2114,96,exists,other,,,0.000
0x1e6a3dc8a2c9447a0e18202a28e3719f9086f262,337485,2015-10-05 12:39,0xcf684dfb8304729355b58315e8019b1aa2ad1bac,transaction,0xf9cd529e3895429f4104833e75b356a77376759d6fb62fd39ee979807552a6dc,4216,self-destructed,etheria-like,"setOwner(uint8,uint8,address);getOwners()","editBlock(uint8,uint8,uint256,int8[7]);farmTile(uint8,uint8);getBlocksForTile(uint8,uint8);getElevations();getOwners();getPrices();setOwner(uint8,uint8,address)",
0xef6834f98d94badaf6c2bae963aa02f23c3eb0e0,337487,2015-10-05 12:40,0x8674c218f0351a62c3ba78c34fd2182a93da94e2,transaction,0x296d60f5d0960a3451a0d31066be040124657ed4e90cdb40639cfec8bbd45f99,96,exists,other,,,0.000
0x7b4dd5d67e4f5a05f363f67bee16ff5ccb0c87e8,338732,2015-10-05 18:37,0xd9278954d1b60ee7844d8e9630dd4234afbebe5a,transaction,0x29a24146fba97a21671f1538e78a4c4c840c584dce8fbc0e09e993212d76a308,59,exists,other,,,0.000
0x099d1487f29c5497072aa78bad64a29b0bbcb8ef,338734,2015-10-05 18:38,0xd9278954d1b60ee7844d8e9630dd4234afbebe5a,transaction,0xbca41b9855c65e623a8933748f27451817b130857ed5559b792c0ffbc890e921,59,exists,other,,,0.000
0xba4ce2985d9c5d134d92874ab10210f14e14027f,338734,2015-10-05 18:38,0xd9278954d1b60ee7844d8e9630dd4234afbebe5a,transaction,0x2c868161371c89b8c58c1a3b46ec8b1308f447588f46f19b626e5768f8a05212,59,exists,other,,,0.000
0x3bb4cc206544c8288e3558652449b9252377eeb4,338735,2015-10-05 18:38,0xd9278954d1b60ee7844d8e9630dd4234afbebe5a,transaction,0x5b9e1a081362d827aaed2a90fb936cb6dcf80bccec154c2b1e3ac876867a7ded,59,exists,other,,,0.000
0x4c70da5d37318ca73f5a1f14f0a100e3d5170399,338735,2015-10-05 18:38,0xd9278954d1b60ee7844d8e9630dd4234afbebe5a,transaction,0x39f19c57dab086167ef4fc24996991bc3c0603576209f65df0b3517d653441a4,59,exists,other,,,0.000
0x70efcfd418b2394f170771a41e9b06fe851bfa68,338735,2015-10-05 18:38,0xd9278954d1b60ee7844d8e9630dd4234afbebe5a,transaction,0x31dd2dd3bff2d2088deaca65e8fafeaf95378c1a0fbe2bf2326d06bacf3fa9b7,59,exists,other,,,0.000
0x74070e6d27458c08c0c9b8803ce004be4bd4ca37,338735,2015-10-05 18:38,0xd9278954d1b60ee7844d8e9630dd4234afbebe5a,transaction,0x14e6e586a24bc6eca3ea30b98235a5892c67ebbf633a9a46ce0b02b42b832c8b,59,exists,other,,,0.000
0xfabfe21b0b9f0c026e1c9f32e0f287225efdd19c,338738,2015-10-05 18:39,0xd9278954d1b60ee7844d8e9630dd4234afbebe5a,transaction,0x690b1330aa676b987670d50ba4cda614ee9243218e6058386769fd38f3086e30,59,exists,other,,,0.000
0xd925cfa709943a8183741d377e8dfa43167da126,338740,2015-10-05 18:40,0xd9278954d1b60ee7844d8e9630dd4234afbebe5a,transaction,0x7a77779fb147018bd50197aa0bb9861d0396c0fbdb24f0c7659f9a7eae5cfd46,59,exists,other,,,0.000
0xdc0507c9572e9af7c5c1999cb560b9f6538b5914,338740,2015-10-05 18:40,0xd9278954d1b60ee7844d8e9630dd4234afbebe5a,transaction,0xa35775ff8451e091567db85210b6a5e95837a7bf87d33edd8f0825702e974360,59,exists,other,,,0.000
0x311473dedce4ff9c66deddaee7138634e91b8dfc,338742,2015-10-05 18:41,0xd9278954d1b60ee7844d8e9630dd4234afbebe5a,transaction,0x53fa048e7cfbd2b5a030c5c60e299329e033c52c4b8de6fe895031a09f6ebdb6,59,exists,other,,,0.000
0x32d2840d4704ece11fb9d7b50d70f3959b0b6a9c,338742,2015-10-05 18:41,0xd9278954d1b60ee7844d8e9630dd4234afbebe5a,transaction,0x7b535b82a491d3974c09b98e9e0460111a7ffbd9a4ca282f3e090c404f74150f,59,exists,other,,,0.000
0x716c107cc772ed63c63ccb41849d0c5d54942ff8,338746,2015-10-05 18:42,0xd9278954d1b60ee7844d8e9630dd4234afbebe5a,transaction,0x6484ceea4aed17ec895f999d7b17989f29674d3179f66b023b22f9fb5bbfc566,59,exists,other,,,0.000
0xb5fa33de3fee27bea17a9c2c16c5aa31da13a7c0,338746,2015-10-05 18:42,0xd9278954d1b60ee7844d8e9630dd4234afbebe5a,transaction,0x7187f2ac9794055379f139ea3ba4233945d4bbf8f60518de571a3649ae1868e3,59,exists,other,,,0.000
0x75e2e581c97615732194809619450ddf3cef0869,338751,2015-10-05 18:43,0xd9278954d1b60ee7844d8e9630dd4234afbebe5a,transaction,0x419b5bb5f02ef6fe2b672a24bc98b693a62b1fb38b6c94d30543058dd5401007,59,exists,other,,,0.000
0xf0aaf59641731b70540494b6c98ae9d3202d28c0,338751,2015-10-05 18:43,0xd9278954d1b60ee7844d8e9630dd4234afbebe5a,transaction,0x78481569b5932e4b0675dbb523058e4000e8d2aa306e55917dd59ec04dc8d8a7,59,exists,other,,,0.000
0x2739da74741bac3b84114e1b7fca2208cf17ddea,338752,2015-10-05 18:43,0xd9278954d1b60ee7844d8e9630dd4234afbebe5a,transaction,0xdb56b145ff0b9b2948bd9bc7a11b7c79a49be9b4c8ee6e24c395de92bb614499,59,exists,other,,,0.000
0x6f53978df704708112c384ff33b3851a46c7aacf,338752,2015-10-05 18:43,0xd9278954d1b60ee7844d8e9630dd4234afbebe5a,transaction,0xba7d346f9c8e0e129d4337ad58161c7bb883a4a6afbb43eb2ddf0dea9f6f856f,59,exists,other,,,0.000
0xbc7c5b8830e5f911cfee334563444b6da09cfcd2,338752,2015-10-05 18:43,0xd9278954d1b60ee7844d8e9630dd4234afbebe5a,transaction,0x2eaebeac170f02c6c1616e6bdc5ca2431f0480db9fdab44300e6a945705ab1e1,59,exists,other,,,0.000
0xcd04c185c50cd1f6af86be567bb14343cfa06a77,338752,2015-10-05 18:43,0xd9278954d1b60ee7844d8e9630dd4234afbebe5a,transaction,0x30af6485a4e44eb89ee8418596f6e3c14daca8d82d1f021c9cde089c9e4b867d,59,exists,other,,,0.000
0x8479d953521d6a904e667bceb3c29966148a5db0,338754,2015-10-05 18:44,0xd9278954d1b60ee7844d8e9630dd4234afbebe5a,transaction,0x48a485da6c4093385a67c2f035b0f2b0f8e9abf6b01de9dbd75ccb0ec31e4f30,59,exists,other,,,0.000
0x51a9fbf5f30c614ef2812892cc0f284488480bb4,338896,2015-10-05 19:24,0xd9278954d1b60ee7844d8e9630dd4234afbebe5a,transaction,0x4542871d5921320037f95dfbc9eb60099ba5e5432e7f92256a7c01cac69a56fe,59,exists,other,,,0.000
0x0e5e2b9341341ade98f510ad9a744e01f3b29f03,338951,2015-10-05 19:35,0x00f59a27876a4d06a8e8dede3e2d32613583abca,transaction,0x6814cb70e92c01a62afe48a0a18b6cc154e035de518a52fd43538e1ac981f25b,2750,exists,other,,,0.056
0x50a48d9e03ddf5dc542a1f04db5611e838ade155,339145,2015-10-05 20:33,0xd9278954d1b60ee7844d8e9630dd4234afbebe5a,transaction,0x51ca2a7240fa3ee348b4e106af68cda3b52001533fcd4bb8e1927fc4be981359,59,exists,other,,,0.000
0x66a4aeaa6c0cd65aaf104a4d983a61bc92a7f7f6,339535,2015-10-05 22:24,0xfdff6d471a57e0fc4175a1ecd478372f8e6698ef,transaction,0xee549a70069516b694811285b593254ca6d59e7ff296314798a5ff2e65a6ab91,642,exists,other,,,0.045
0xf9c826f212c5a1e3233329d6326fe983feb093be,339607,2015-10-05 22:43,0xfdff6d471a57e0fc4175a1ecd478372f8e6698ef,transaction,0xc9dda1463bdaba39c6ca495e885753ed2855b1834f3cce14277530341b1f4704,642,exists,other,,,0.045
0x140c702c7a0fbeeb774ac62d06d5aa3e2cd1bfe7,339775,2015-10-05 23:30,0xfdff6d471a57e0fc4175a1ecd478372f8e6698ef,transaction,0x1a3be7be6bff833a4cb142ee046c20e8f1c13d4ba83b2e5c6fd9aab8152cdb7e,642,exists,other,,,0.045
0x7a0de4e1a3cd421cb5d1226a3c2b27b75a1fab5d,339795,2015-10-05 23:36,0xcf684dfb8304729355b58315e8019b1aa2ad1bac,transaction,0x8355570543cb71e43bc80b9c3e89f21f79fa113a7a1b8b805373b85c3cf95a7d,6006,self-destructed,etheria-like,"getOwners();acceptOffer(uint8,uint8,uint8)","acceptOffer(uint8,uint8,uint8);editBlock(uint8,uint8,uint256,int8[7]);farmTile(uint8,uint8);getBlocksForTile(uint8,uint8);getElevations();getOffers(uint8,uint8);getOwners();rejectOffer(uint8,uint8,uint8);retractOffer(uint8,uint8)",
0xc6fcc585e8fbe068b9c0148f01fdf3c1184242a3,339889,2015-10-05 23:58,0xfdff6d471a57e0fc4175a1ecd478372f8e6698ef,transaction,0x05b25d940622bf6916d29f2d8ad3c980cd6dbeb19b1a0598b88c446e5a4049b4,642,exists,other,,,0.045
0x3cb9872c4c3d380a65646d5d892cde39f072d982,340114,2015-10-06 01:06,0xcf684dfb8304729355b58315e8019b1aa2ad1bac,transaction,0x563edfa64bc098de0f63eb482bc3fa49a08c717d11d5a1f446ff098315bc2219,5796,self-destructed,etheria-like,"getOwners();acceptOffer(uint8,uint8,uint8)","acceptOffer(uint8,uint8,uint8);editBlock(uint8,uint8,uint256,int8[7]);farmTile(uint8,uint8);getBlocksForTile(uint8,uint8);getElevations();getOffers(uint8,uint8);getOwners();initializeTiles(uint8,uint8[17]);rejectOffer(uint8,uint8,uint8);retractOffer(uint8,uint8)",
0xf80f0f99e76c9e61c8ac3d54a9c346a17e4646f5,340185,2015-10-06 01:25,0x363be44335d8b8d9cc7447913a72d077041bbfba,transaction,0x0d92d18ee8e934ce8722d0997b6b7dea9f3e78b297903a6acb4bbfc021b0ac53,0,never had code,other,,,0.000
0x44592c3bbb47e96daad01ad1867edcf24bab0928,340223,2015-10-06 01:36,0x363be44335d8b8d9cc7447913a72d077041bbfba,transaction,0x8532bd70ad0924c5e65893a1c9a0389252df85f4644a0f92be541721d182afb7,0,never had code,other,,,0.000
0x3ec7829f9c875894d9e693b9b422eab0e917e38c,341505,2015-10-06 07:56,0xd8da6bf26964af9d7eed9e03e53415d37aa96045,transaction,0x8c9c05447b9aa3c8dfa8995ca04ce2cc96643c975e7c8f068f2bf516441447f7,8725,exists,other,,,0.025
0x97e58c7d37cba1a1e2ecbb2a5b23f8d127b6892d,342007,2015-10-06 10:25,0x70e3e34c0100b1e05700fa699183c82af7a25ba0,transaction,0xec242b40638269f776fe6eb5f217df77825cc0f4d06ae105f5d47371d73ba943,49,exists,other,,,0.000
0xb6b7a845da436e4d30a20a77995407cf74d97a3c,342043,2015-10-06 10:38,0x70e3e34c0100b1e05700fa699183c82af7a25ba0,transaction,0x2fe6bb44ca050b1bbd8ac6d203fae9260736ad88e252b90a60eaf4dced3e78e5,0,never had code,other,,,0.000
0x2c632be2dc2f47affd07bfce91bd4a27c02f4563,342047,2015-10-06 10:39,0x65c13da4feb34aee002678a0b44835ed43142bdc,transaction,0xb6cc9d7d9943d6e5a4f1d5c124691598b97c50ef7e72bff34f860fbad005cf10,0,never had code,other,,,0.000
0x3860fc5d9521c3631f9ec0d7092f889867c6ff6f,342101,2015-10-06 10:56,0x65c13da4feb34aee002678a0b44835ed43142bdc,transaction,0x9f0cb65b1058708775d3f144fc57a62402ddfb3423fbbd0fa609e46761aa2e3f,476,exists,other,,,0.097
0xba25f341e16ee81ab80ea246d45bdead7cc339e5,342112,2015-10-06 11:00,0x65c13da4feb34aee002678a0b44835ed43142bdc,transaction,0xcf54eb201335dee472d6e119853650f3906da5bf8f630ecee02a2b3cce0a32fd,0,never had code,other,,,0.000
0x282b563f8df8fd3d13bd0abca13e3c98c69d0499,342126,2015-10-06 11:04,0x65c13da4feb34aee002678a0b44835ed43142bdc,transaction,0xe0df4ef34d06b0f54fb013c8adc570fcd767c1989503e716b9953dd9a71b142f,1296,exists,other,,,0.021
0x65eb93c4e0854e3b00a64cd18c176a7fd54dc50f,342262,2015-10-06 11:45,0xd2143a6dffdd21f3aaa748119262959be1a1d3c7,transaction,0x466dd13ef3d83233c0de96fb5ca8ffc9d3bc692d089f6de3791ccef7b45dea7b,49,exists,other,,,0.000
0xcf71dee814cbf8bf313d15ae1216d98d68ad0f57,342829,2015-10-06 14:34,0x00c9ef6eff8e2b59132d8fdb2478af10df4f86c7,transaction,0x8b9828a047bb2759b1f844d53ac792c2a2255fc06ecc3015f083a6177b666367,49,exists,other,,,0.000
0x4bcd0591897025a0c42d500b4c37b11de6d96a3c,342951,2015-10-06 15:08,0x00c9ef6eff8e2b59132d8fdb2478af10df4f86c7,transaction,0x6f6b7a19898ad08ff3915b4ceea35102cdbea1029c8364a4f5e4fbef726c3a0c,49,exists,other,,,0.000
0xcf8470d3388a198418e02aaf8e37392cfbc18867,343053,2015-10-06 15:40,0x00c9ef6eff8e2b59132d8fdb2478af10df4f86c7,transaction,0x1c44be99a6574fee8ebb89baa4f1bf103487d4a64fd2e06b4f4b342006ad587c,49,exists,other,,,0.000
0x5ee4861cda18c9f5288391d209a2c4ecab92dfd8,343073,2015-10-06 15:45,0xcf684dfb8304729355b58315e8019b1aa2ad1bac,transaction,0x82393f70130456cca06553bef18f2c4784202965a15b0b4d08463e58e3825923,6105,self-destructed,etheria-like,"buyTile(uint8,uint8);getOwners();acceptOffer(uint8,uint8,uint8)","acceptOffer(uint8,uint8,uint8);buyTile(uint8,uint8);editBlock(uint8,uint8,uint256,int8[7]);farmTile(uint8,uint8);getBlocksForTile(uint8,uint8);getElevations();getOffers(uint8,uint8);getOwners();initializeTiles(uint8,uint8[17]);rejectOffer(uint8,uint8,uint8);retractOffer(uint8,uint8)",
0x0a351d0fa69c64628cf803c26e3822a47f290e9f,343225,2015-10-06 16:29,0xd3cda913deb6f67967b99d67acdfa1712c293601,transaction,0xf559b796a0488a34777273de4fecf8d4387e362f01603b500cf029508cde7a39,1938,exists,other,,,0.019
0xa5adce8696627763ec6d9fa7064e706060de8709,343228,2015-10-06 16:29,0xbe094888e931ffe10679f9563718ed925a3dc0a7,transaction,0x7a20981735ca4f939f8a6becd98b687412f06f8b5daa4c56e987e55d38e4e3ec,366,self-destructed,other,,,0.025
0x1a6184cd4c5bea62b0116de7962ee7315b7bcbce,343248,2015-10-06 16:34,0xd3cda913deb6f67967b99d67acdfa1712c293601,transaction,0xe2e4cd44094e34ed9977f64c8d99d48857a781a0f3f557025f6d25c07e2526aa,1938,exists,other,,,0.019
0xd2d8d510980ef02fb2c3b79479d9b57d3bc7e2e7,346687,2015-10-07 09:45,0x65c13da4feb34aee002678a0b44835ed43142bdc,transaction,0x864667fed16ba050ed3cfedc233843c09accaba2951ad6115bd2ad324bdc36b3,1336,exists,other,,,0.033
0xe465691c523b014b4de0fd1b23adde483660a25d,347203,2015-10-07 12:05,0x65c13da4feb34aee002678a0b44835ed43142bdc,transaction,0xb79921780cc9365dd6c9dc6073b4b58cd389ef599d2e54103ba1d7c928444e98,1336,exists,other,,,0.033
0x9da8cd44f838517f385ace4479d530fc94331b0a,347219,2015-10-07 12:12,0x65c13da4feb34aee002678a0b44835ed43142bdc,transaction,0xc6828332699e62cb909a2dc32ab560db9818cf5d91591bbc07c901873076e847,1336,exists,other,,,0.033
0x4d51d597bead9530b0bcfc8eb8675c5770cbab8a,347237,2015-10-07 12:17,0x65c13da4feb34aee002678a0b44835ed43142bdc,transaction,0xdbc0dce36c3bf052ab2327fbc6acc8aaf7f6c765e7f13920098bb3eb22d8608f,1296,exists,other,,,0.021
0x9fa5e395d7743ceed71877baf105d815f5d18467,347333,2015-10-07 12:47,0xbe094888e931ffe10679f9563718ed925a3dc0a7,transaction,0xbc5b69e27aa7088681947001bd60c5a6818439100cd520823649d9a9399567f1,221,exists,other,,,0.023
0xf8e83e6c8342549d6e97414f9977a514182bbbae,347373,2015-10-07 12:57,0xbe094888e931ffe10679f9563718ed925a3dc0a7,transaction,0xdf5c420ecaa25326c8066d70f41e54119e5362b94377098b4d5b03b5be5f1b66,221,self-destructed,other,,,0.023
0x205162f8a65f9dc1b9778127bf6182da40f44276,347397,2015-10-07 13:05,0xbe094888e931ffe10679f9563718ed925a3dc0a7,transaction,0x1fcb463a7beba22bbf1b863552157a30f52734c93491ebaf49b211951a17e0e2,2880,exists,other,,,0.026
0x709f0214a3ba04aa5ba4253820f1f504a1139d0c,347399,2015-10-07 13:05,0xbe094888e931ffe10679f9563718ed925a3dc0a7,transaction,0xb6e117cdb87d335fa44f087bfb00c1770090da004052a9fc54623335caae7e7a,152,exists,other,,,0.000
0xab32314ddf61adebb6bf8d91bd899b0c1f27d37b,347399,2015-10-07 13:05,0xbe094888e931ffe10679f9563718ed925a3dc0a7,transaction,0x3eeb8914a3ea25c44d1093de8f4fc74fe23666b8602e25e6f43cac86b85dba6e,193,exists,other,,,0.000
0x01f2708a01a9f955daa9365ef6384f8038afc649,347534,2015-10-07 13:37,0x00556eaf0d16e423947353bae4f6c777013f8f38,transaction,0x74dd1aff02dfea71cf35214f2291e94403e93d98936783a9df10d7d74163718e,49,exists,other,,,0.000
0x2eeff8cbcaa04ede72e6f6a8a6ba3a77d6328db3,347589,2015-10-07 13:55,0xcf684dfb8304729355b58315e8019b1aa2ad1bac,transaction,0x3d1bba6110972033a43dd40167f90478e958d4644f73f10ec404653555c46917,7530,self-destructed,etheria-like,"buyTile(uint8,uint8);getOwners();acceptOffer(uint8,uint8,uint8)","acceptOffer(uint8,uint8,uint8);buyTile(uint8,uint8);editBlock(uint8,uint8,uint256,int8[7]);farmTile(uint8,uint8);getBlocksForTile(uint8,uint8);getElevations();getIlliquidBalance();getLiquidBalance();getOffers(uint8,uint8);getOwners();initializeTiles(uint8,uint8[17]);rejectOffer(uint8,uint8,uint8);retractOffer(uint8,uint8);retrieveLiquidBalance()",
0xebd81a08ded0efaba8ef51924fb967b64aa85399,347661,2015-10-07 14:16,0x00556eaf0d16e423947353bae4f6c777013f8f38,transaction,0x2b5664e6114fe3ee464db3688b97d19f38655f082a627a6aa7c4c6009cf7e18d,49,exists,other,,,0.000
0x52f3371fb5cafd10ba6f5cc9ffed090ae7db7f18,348011,2015-10-07 15:56,0xcf684dfb8304729355b58315e8019b1aa2ad1bac,transaction,0xe1581667b48a7f625fed490d861f04a5dc5429d189470a707ff535b0f9425fb4,7553,self-destructed,etheria-like,"buyTile(uint8,uint8);makeOffer(uint8,uint8);getOwners();acceptOffer(uint8,uint8,uint8)","acceptOffer(uint8,uint8,uint8);buyTile(uint8,uint8);editBlock(uint8,uint8,uint256,int8[7]);farmTile(uint8,uint8);getBlocksForTile(uint8,uint8);getElevations();getIlliquidBalance();getLiquidBalance();getOffers(uint8,uint8);getOwners();initializeTiles(uint8,uint8[17]);makeOffer(uint8,uint8);rejectOffer(uint8,uint8,uint8);retractOffer(uint8,uint8);retrieveLiquidBalance()",
0xdec8d276f032480341be713ac75c4ced9e05e7de,348145,2015-10-07 16:34,0xfdff6d471a57e0fc4175a1ecd478372f8e6698ef,transaction,0x882436826ef45fd8ce2a04f543af3a10ebd497b6ca3b0812c24a50191a6aec8b,642,exists,other,,,0.045
0x123eda15c8f7edc953d13a30f4599789d766c43f,348166,2015-10-07 16:40,0xbe094888e931ffe10679f9563718ed925a3dc0a7,transaction,0xc6bcf6db0c2931f3bda792b04e96315f9562be596cd81fe5df450ed155fde7fc,0,never had code,other,,,0.000
0xfe7d5413d12946b155710047772d8a98e5cd973e,348178,2015-10-07 16:44,0xbe094888e931ffe10679f9563718ed925a3dc0a7,transaction,0xce2eca4346068b5d43f77d19821de29abcf9129505446372a5825c57e03bef5b,0,never had code,other,,,0.000
0xc8a2ff5b87497d41da444aad624d30976ae02094,348194,2015-10-07 16:50,0xcf684dfb8304729355b58315e8019b1aa2ad1bac,transaction,0x70cd1a0bc286316a88404c06847cad6ceb9fdb20a78294cb635f57be08724676,7634,self-destructed,etheria-like,"buyTile(uint8,uint8);makeOffer(uint8,uint8);getOwners();acceptOffer(uint8,uint8,uint8)","acceptOffer(uint8,uint8,uint8);buyTile(uint8,uint8);editBlock(uint8,uint8,uint256,int8[7]);farmTile(uint8,uint8);getBlocksForTile(uint8,uint8);getElevations();getIlliquidBalance();getLiquidBalance();getOffers(uint8,uint8);getOwners();getUint8FromByte32(bytes32,uint8);initializeTiles(uint8,uint8[17]);makeOffer(uint8,uint8);rejectOffer(uint8,uint8,uint8);retractOffer(uint8,uint8);retrieveLiquidBalance()",
0x73a389029e7720e9203b636666b28c51b77a71cc,348545,2015-10-07 18:29,0xfdff6d471a57e0fc4175a1ecd478372f8e6698ef,transaction,0xb562f93e82c7208f923bceb47bdef02d1f84b524d70bcc252d27a76fe5dbd221,1209,exists,other,,,0.045
0x1a50d0210fd4ea852260dad53801785cc31d978a,348722,2015-10-07 19:17,0xcf684dfb8304729355b58315e8019b1aa2ad1bac,transaction,0xfcf1357dfdca2a516c0bce6a99f30752629d1c34af0e18a46178f84ff84318ac,7716,self-destructed,etheria-like,"buyTile(uint8,uint8);makeOffer(uint8,uint8);getOwners();acceptOffer(uint8,uint8,uint8)","acceptOffer(uint8,uint8,uint8);buyTile(uint8,uint8);editBlock(uint8,uint8,uint256,int8[7]);farmTile(uint8,uint8);getBlocksForTile(uint8,uint8);getElevations();getIlliquidBalance();getLiquidBalance();getOffers(uint8,uint8);getOwners();getUint8FromByte32(bytes32,uint8);initializeTiles(uint8,uint8[17]);makeOffer(uint8,uint8);rejectOffer(uint8,uint8,uint8);removeOffer(uint8,uint8,uint8);retractOffer(uint8,uint8);retrieveLiquidBalance()",
0xa965793bda06c26546e36bbad5619bff00b801b5,348901,2015-10-07 20:08,0xcf684dfb8304729355b58315e8019b1aa2ad1bac,transaction,0x0328731febb4e63ea3782141d27d6f7d8f162f457fea8c9c3eb13249ed6c0442,7702,self-destructed,etheria-like,"buyTile(uint8,uint8);makeOffer(uint8,uint8);getOwners();acceptOffer(uint8,uint8,uint8)","acceptOffer(uint8,uint8,uint8);buyTile(uint8,uint8);editBlock(uint8,uint8,uint256,int8[7]);farmTile(uint8,uint8);getBlocksForTile(uint8,uint8);getElevations();getIlliquidBalance();getLiquidBalance();getOffers(uint8,uint8);getOwners();getUint8FromByte32(bytes32,uint8);initializeTiles(uint8,uint8[17]);makeOffer(uint8,uint8);rejectOffer(uint8,uint8,uint8);removeOffer(uint8,uint8,uint8);retractOffer(uint8,uint8);retrieveLiquidBalance()",
0x2dfa43d37577709e0a8a7a78783f8f1af0e22903,348969,2015-10-07 20:27,0x9657de87e69f987fc0b302c4e34e3a1c786cd9af,transaction,0xae0893c7007c7b3d4dd28d6f73257122800190a54c921a1437547e597f83bf3b,363,exists,other,,,0.025
0x9669dff0425da79e330cb2a64a25a71e85d5612a,349767,2015-10-08 00:19,0xcf684dfb8304729355b58315e8019b1aa2ad1bac,transaction,0x0a9ca71f1e5bf4c298572ba5b739c4e47a244b2d3a9a0ec3d580f58b9620f414,409,self-destructed,other,,,
0x2431812a1b0568f5b886156da95fc15fb351daaf,349932,2015-10-08 01:04,0xcf684dfb8304729355b58315e8019b1aa2ad1bac,transaction,0xaa06a35dc1d9eb4d3096ee56ffd565991efb3be1c673e07f20249b5f6949241d,7783,self-destructed,etheria-like,"buyTile(uint8,uint8);makeOffer(uint8,uint8);getOwners();acceptOffer(uint8,uint8,uint8)","acceptOffer(uint8,uint8,uint8);buyTile(uint8,uint8);editBlock(uint8,uint8,uint256,int8[7]);farmTile(uint8,uint8);getBlocksForTile(uint8,uint8);getElevations();getIlliquidBalance();getLiquidBalance();getOfferers(uint8,uint8);getOffers(uint8,uint8);getOwners();getUint8FromByte32(bytes32,uint8);initializeTiles(uint8,uint8[17]);makeOffer(uint8,uint8);rejectOffer(uint8,uint8,uint8);removeOffer(uint8,uint8,uint8);retractOffer(uint8,uint8);retrieveLiquidBalance()",
0xdfe06177553657933e48bf412bdadcbce660ac41,350066,2015-10-08 01:41,0xcf684dfb8304729355b58315e8019b1aa2ad1bac,transaction,0x39667871b5da0894436350860d875af19dee16e885622ba34e72b0eae1e173d9,7978,self-destructed,etheria-like,"buyTile(uint8,uint8);makeOffer(uint8,uint8);getOwners();acceptOffer(uint8,uint8,uint8)","acceptOffer(uint8,uint8,uint8);buyTile(uint8,uint8);editBlock(uint8,uint8,uint256,int8[7]);farmTile(uint8,uint8);getBlocksForTile(uint8,uint8);getElevations();getIlliquidBalance();getLiquidBalance();getOfferers(uint8,uint8);getOffers(uint8,uint8);getOwners();getUint8FromByte32(bytes32,uint8);initializeTiles(uint8,uint8[17]);makeOffer(uint8,uint8);rejectOffer(uint8,uint8,uint8);removeOffer(uint8,uint8,uint8);retractOffer(uint8,uint8);retrieveLiquidBalance()",
0x17edb4747f549d83638454a072b8eaee71a27583,350131,2015-10-08 01:58,0xcf684dfb8304729355b58315e8019b1aa2ad1bac,transaction,0x5b0d83c6a132bf43e7ad3588ad3c007fdbb06adfd44b90f734b0bdf65e3c7b19,8187,self-destructed,etheria-like,"buyTile(uint8,uint8);makeOffer(uint8,uint8);getOwners();acceptOffer(uint8,uint8,uint8)","acceptOffer(uint8,uint8,uint8);buyTile(uint8,uint8);editBlock(uint8,uint8,uint256,int8[7]);farmTile(uint8,uint8);getBlocksForTile(uint8,uint8);getElevations();getIlliquidBalance();getLiquidBalance();getOfferers(uint8,uint8);getOffers(uint8,uint8);getOwners();getUint8FromByte32(bytes32,uint8);initializeTiles(uint8,uint8[17]);makeOffer(uint8,uint8);rejectOffer(uint8,uint8,uint8);removeOffer(uint8,uint8,uint8);retractOffer(uint8,uint8);retrieveLiquidBalance()",
0xbc42c84ef4a54c655c5e8bfc8bf119fef55d1543,350200,2015-10-08 02:17,0xcf684dfb8304729355b58315e8019b1aa2ad1bac,transaction,0xc8480a8118d4a1851f083754d7b4360e1a5dc2854dbb77b1fa69a2f06bb123e6,8270,self-destructed,etheria-like,"buyTile(uint8,uint8);makeOffer(uint8,uint8);getOwners();acceptOffer(uint8,uint8,uint8)","acceptOffer(uint8,uint8,uint8);buyTile(uint8,uint8);editBlock(uint8,uint8,uint256,int8[7]);farmTile(uint8,uint8);getBlocksForTile(uint8,uint8);getElevations();getIlliquidBalance();getLiquidBalance();getOfferers(uint8,uint8);getOffers(uint8,uint8);getOwners();getUint8FromByte32(bytes32,uint8);initializeTiles(uint8,uint8[17]);makeOffer(uint8,uint8);rejectOffer(uint8,uint8,uint8);retractOffer(uint8,uint8);retrieveLiquidBalance()",
0x25928523a15f3ec7e8dbad43cf2914be244b2c65,352819,2015-10-08 14:25,0xcf684dfb8304729355b58315e8019b1aa2ad1bac,transaction,0xb0cacd0c67f99e9985976f7d70a4d74dcc206015c83fcff591da74166da1abb8,409,self-destructed,other,,,
0x37ec987c965c55396a0c11e8fab5fe2f2afd4d3f,353149,2015-10-08 15:57,0x9b22a80d5c7b3374a05b446081f97d0a34079e7f,transaction,0xb6927b9dd289668f02491bccab57cc8996b2eeffcb930791a6fe275078769305,49,exists,other,,,0.000
0x457cdd7e74d655dfda5499e9a4b2d2ed416a267c,353152,2015-10-08 15:58,0x9b22a80d5c7b3374a05b446081f97d0a34079e7f,transaction,0xc10f629ca09cfec96aff934f546825716d0bfbfe52b9398014e9d8c0ea4d44ac,49,exists,other,,,0.000
0xa789719ee346a7f61adf5864222fd43b1815a409,353165,2015-10-08 16:01,0x9b22a80d5c7b3374a05b446081f97d0a34079e7f,transaction,0x6a47c7fe2164de1bdcd9a29ca15990cda67d196f35c3905f2b8d98e134dae199,49,exists,other,,,0.000
0xf01d37496e1ad7f30bdc17f0dd55b7b19e53f767,353177,2015-10-08 16:06,0x9b22a80d5c7b3374a05b446081f97d0a34079e7f,transaction,0x7bc5263966f76c3f185b907aa99d6fc8cf5cdfa0f301e7d7cc94611dafa75a34,49,exists,other,,,0.000
0xfe9d4e5717ec0e16f8301240df5c3f7d3e9effef,353504,2015-10-08 17:36,0xd3cda913deb6f67967b99d67acdfa1712c293601,transaction,0x09a1a581d1448e31c4278ceddb751706c55c37da17afa86ba66d4692d320c65e,4099,exists,other,,,0.016
0x36290e3f7c0e074a9e80cd6eb2f36b77411c19d7,353876,2015-10-08 19:25,0xdb15058402c241b04a03846f6fb104b1fbeea10b,contract,,3722,exists,other,,,0.036
0x4a46d134083ac298ac4f43ffbc87943f742bdd2d,353876,2015-10-08 19:25,0xdb15058402c241b04a03846f6fb104b1fbeea10b,contract,,330,exists,other,,,0.007
0x7a38621082d5f2bc4e1de5acdc07059813bccddb,353876,2015-10-08 19:25,0xdb15058402c241b04a03846f6fb104b1fbeea10b,contract,,330,exists,other,,,0.007
0xdb15058402c241b04a03846f6fb104b1fbeea10b,353876,2015-10-08 19:25,0xd3cda913deb6f67967b99d67acdfa1712c293601,transaction,0x654c014902f1afd83294d4ea63d6636060ae3200410e6f8b28471feed47a9703,6380,exists,other,,,0.044
0xa0b80fde1f922c87b2e768f783afde30e52614d6,354133,2015-10-08 20:35,0xd3cda913deb6f67967b99d67acdfa1712c293601,transaction,0x28108b927190f433fa6298fb5ec258d7e9f7b86308cb3c7b1bf17a73376c79a2,1166,exists,other,,,0.017
0xafbc7cedd81c694e8033b101a0b49bfc1e5176e2,354139,2015-10-08 20:37,0xd3cda913deb6f67967b99d67acdfa1712c293601,transaction,0x14b25ee44157acb9fe28cf19cb0f7c280bb1473a258d2e9038542e9669aa4293,1166,self-destructed,other,,,0.017
0x868cffea71847bf0af1445a3f8078c56989e1167,356440,2015-10-09 07:37,0xfb8054341cb05099821154815a229c3a7ee2cb6f,transaction,0xddf3bdf2e37bfa5435f3aa2011aa8789747c21510599c658c3c890417a183e82,6903,exists,other,,,0.012
0x84be9f9c3e3dc0721d628a3b8ef55fbe096c0495,356453,2015-10-09 07:40,0x8674c218f0351a62c3ba78c34fd2182a93da94e2,transaction,0x6d8134a004e775746219dc124b3a7a87437cb71fc8d38684a31306e776a0f566,627,exists,other,,,0.007
0xf0ea74d3e2743e880dcf12e731d6bdd5788a548c,356484,2015-10-09 07:51,0x8674c218f0351a62c3ba78c34fd2182a93da94e2,transaction,0x8bb53bccf9fbf6e67e10cf294ec8ea7deb45539cb575b14c4898a154a536e3ec,556,exists,other,,,0.005
0x69e3eab0a888f72c161d1f2e4e97eb8f0089af88,356509,2015-10-09 08:01,0x8674c218f0351a62c3ba78c34fd2182a93da94e2,transaction,0x5336435a2b1474ff8b3cb7ad228772bb66bfcde5205ef86f8e4eef23521c3f1b,616,exists,other,,,0.005
0xaf40044f727b3975174ed30d21a850b2f8619f11,356529,2015-10-09 08:09,0x8674c218f0351a62c3ba78c34fd2182a93da94e2,transaction,0xf2952b4c8963ce0bc4d0768f23e80b75d2ce4c632513d51afa15493fedcfefa6,287,exists,other,,,0.005
0x19824b4efa0e45be13e5f35221e179de0fc6d4a6,357412,2015-10-09 12:20,0x56f2876713c616aa6f84f3cc5cec0ab15da47166,transaction,0x596563c85a3ceafa4efe15a181f9c89b9006bc57174383826c66619aa9c04d49,0,never had code,other,,,0.000
0xf7c0049f9e9b28429e70d5d3aa33dacbd685e5c7,357445,2015-10-09 12:30,0x56f2876713c616aa6f84f3cc5cec0ab15da47166,transaction,0x43e3f98f08f1113d7a0bb8838c9564c20c005be620efa4dff0bebbcc0d6b54c8,876,self-destructed,other,,,0.055
0x60439b02ea0ac4bfaf41059b76ada902d30e4721,358003,2015-10-09 15:21,0x56f2876713c616aa6f84f3cc5cec0ab15da47166,transaction,0x37b01206799cc689474fff3c315fdb41013b45d52697ad22173a5261822c9afb,1305,exists,other,,,0.052
0xa01aa217003cc65ca11cf141ac3db126d6427be8,358340,2015-10-09 17:02,0xcda0ad7542e30bf520652a05056ebe0105c7e49a,transaction,0x27dfe9cc7f8cfaf34ff45e565ea7268e118fd956582b0c0ded9c52b056e50a00,49,exists,other,,,0.000
0xde14fdf12cb0b1386c330467c800e3b7734f1109,358864,2015-10-09 19:42,0xdff646d7ce188386f1389fbd5078dd91ab80a4b8,transaction,0x7a12a239b325b96f3bca71bb6e13445a2e9760b7df460e75bfa2f18bcdc1f2e6,0,never had code,other,,,0.000
0xd07ce4329b27eb8896c51458468d98a0e4c0394c,359563,2015-10-09 23:04,0xd3cda913deb6f67967b99d67acdfa1712c293601,transaction,0xb45f093b679d38f22f2799a2638cd804e495ca8e1395bc1374a502e7057c9403,4871,exists,other,,,0.013
0x8017f24a47c889b1ee80501ff84beb3c017edf0b,359574,2015-10-09 23:07,0xd3cda913deb6f67967b99d67acdfa1712c293601,transaction,0x22877ee8b3c927eb80b1b473026b23cee458cc166876262c71021fbd9c0f41d7,2488,exists,other,,,0.018
0x1db65df02dbd7395fae9544367d53c3c4eb3f375,362640,2015-10-10 14:25,0x365dbd0901afbd36eda3f85ea474c92d89caa872,transaction,0x4542d48b7cc3a918a28231aa1d5beba6f2eaf1e97de67c86f72a3cf4cbdecba7,393,exists,other,,,0.005
0xcc06469bbc625e6d5487cda2d3b056997da920ea,362644,2015-10-10 14:28,0xc70ba22fe446a85a247bf85bad1addf3ddaf62e9,transaction,0x101b786980657476895fa2a7986b00289d7ec5ff049dc7ef4382375553c120db,393,exists,other,,,0.005
0xcdcd72915a7710b072b518dde6d433d6ab8a51cb,362733,2015-10-10 14:51,0x4962f6533141e9e12b9e1846ab549c7042a40098,transaction,0xe1bed959f50b9a7e94eb7362107579f94ac229e5ff27a46a0ba9cad2d8108e44,10,exists,other,,,0.000
0xc7de01f1d8265cb4af522dbc6b59d611c9e59e40,362797,2015-10-10 15:08,0x4962f6533141e9e12b9e1846ab549c7042a40098,transaction,0x9cb86c80e8a21dd8683026d6322feb501e1e9abd2e463c4a6cddd79d65de96dd,10,exists,other,,,0.000
0x04e1e723755c1009e488a5a645465b3691c1b552,362825,2015-10-10 15:14,0x4962f6533141e9e12b9e1846ab549c7042a40098,transaction,0x27edd9301369c4f80b4e82daa2ed7a29fd95c9d9cb8ee4a5c21a40bebb0446aa,10,exists,other,,,0.000
0xd18ba842483ba146a82aff5084214d63ed8507c4,362987,2015-10-10 16:07,0x4962f6533141e9e12b9e1846ab549c7042a40098,transaction,0x50f621450e77a3e9d1299ea9fc5ce0b7ab79ee1bb5873bde95dbedd4b68f47a9,1021,exists,other,,,0.031
0x75e1178478c66c60feb6486e9181a5c85bcb0f3d,363476,2015-10-10 18:25,0xbfd135516182873de48751b9081dc95058dc0333,transaction,0xd1c0150d114af1359d1ea3deaebffe4a91b546a259a86061a2692b2b2fd83bd6,10,exists,other,,,0.000
0x1b805373387d5bd2565596574cb8409e1863cde4,363479,2015-10-10 18:27,0xbfd135516182873de48751b9081dc95058dc0333,transaction,0x12af7c41deeafb47f304cec2437c8d10e91959d50f1e64e48da0e13b15a7062b,10,exists,other,,,0.000
0x71f0ad695dcabef803f079e350a2c1590d8d23d7,363480,2015-10-10 18:27,0xbfd135516182873de48751b9081dc95058dc0333,transaction,0xb38fffeff5f1d47b283a18fe1a1fdddc2d3ecdb8e168f2ea0e2a97437b28738c,10,exists,other,,,0.000
0xf58f13d4d659d716a2ef930f3fa38b7d182b7f79,363485,2015-10-10 18:29,0xbfd135516182873de48751b9081dc95058dc0333,transaction,0x137ab4eb0f8c2ed4cf77b4c74342dfbe8a6ac77a5aed853f36c6c14daf3b1050,10,exists,other,,,0.000
0x83b594fa0c39cc494eebc2e364cc52913d38c36a,365149,2015-10-11 02:18,0x4962f6533141e9e12b9e1846ab549c7042a40098,transaction,0xae689e37995004cc9efaad9c2187a99febb63bdaaa57abcc7d7b247edd027b20,1021,exists,other,,,0.031
0x5411fa999c3f329f5a0bab052ae673be8a191d8a,365153,2015-10-11 02:19,0x4962f6533141e9e12b9e1846ab549c7042a40098,transaction,0x6f42cb705b8549ff89b8a8b71bb96fa35f7d9df9f4fd0520a05e527da8b1745d,10,exists,other,,,0.000
0x7c8e89596d16911de5cbe8a1cb5f6af02fe02116,365153,2015-10-11 02:19,0x4962f6533141e9e12b9e1846ab549c7042a40098,transaction,0x0f4e80a3d98313ed46eb81c1d8ceea2bfff732b2abada94e7ea11c754d3f8240,10,exists,other,,,0.000
0xbde1546ee133a572986a2c95c0c2f9dbbba32a80,365211,2015-10-11 02:35,0x4962f6533141e9e12b9e1846ab549c7042a40098,transaction,0x73c36325a496a0aa0133598062d18846cf2a189b05427d0bc680b61a2ecfe5be,151,exists,other,,,0.000
0x0638320a65fabff32e2b2c940bc2683fd2f505ef,365403,2015-10-11 03:30,0x4962f6533141e9e12b9e1846ab549c7042a40098,transaction,0xcb9437380734eede8d67ee96cc12de84028f26018a2dd5489b5467b98056158b,151,exists,other,,,0.000
0x2137105639c4617718ddadf60e20217cfd798d50,365803,2015-10-11 05:20,0x4962f6533141e9e12b9e1846ab549c7042a40098,transaction,0x82591c25d448fc91356af2d2751865328aa955391172c2eefba9e9e3b6b489f7,235,exists,other,,,0.000
0x92f9c5992c7a6141836e624dc02fc958b1ca187d,366596,2015-10-11 09:03,0x8674c218f0351a62c3ba78c34fd2182a93da94e2,transaction,0xd9b6539ed09cb7e67992666c256c00e0bfb010464ae5e45881505eb5fdd804c4,1587,exists,other,,,0.045
0x1b138755e894430b1edc051d51cef5cae4f79f77,368143,2015-10-11 16:20,0x4962f6533141e9e12b9e1846ab549c7042a40098,transaction,0x785ecf67c1bd9e0a8204fec98f50cbb9b49b84642f66df8e1a03268902b302ee,235,exists,other,,,0.000
0x57cc5f0ae45b86ad42282c7db09ef8d7748286fc,368155,2015-10-11 16:24,0x4962f6533141e9e12b9e1846ab549c7042a40098,transaction,0x2ced52642eff39b6f36593bce64b3daab86c6295b1e2f22049261de7d26443ff,235,exists,other,,,0.000
0x17f03189c1ccd85ad47cc9c9288e37d64935b178,368166,2015-10-11 16:28,0x4962f6533141e9e12b9e1846ab549c7042a40098,transaction,0xa68ecf58fa7546485225d13751112a2f055374f30272d1ecc4695b5c6fb33afa,235,exists,other,,,0.000
0xe1922a0847085b1024d4139dd6c3931cc3da40f8,368689,2015-10-11 18:48,0x3d4b30b579a3425190b81ce22225a35de37cdde5,transaction,0xc3562ff997cdf4447c9f10711c282d37537b0516c30b1337d5e94f5e4e5b8400,49,exists,other,,,0.000
0x0ddf593b56383dee3970ab07018b094dec27c0b5,369637,2015-10-11 23:30,0x8f2483400463447700c12149b61f9dbf56af21f7,transaction,0xc7adf985197b18f6f786c2b4cc91215ac6ef314c3e17af4ed1c19272c9b41932,109,exists,other,,,0.000
0xadcfd2bf96d84fb162d599796ab11a190482e810,370047,2015-10-12 01:33,0x4962f6533141e9e12b9e1846ab549c7042a40098,transaction,0xebc608a844fc4bd1bc5b343dcd339c9bfe2088d844845e5db681702ad9bafc29,235,exists,other,,,0.000
0x856f4250d25bc83da3b1cc020b7c2ff66e7b2781,370055,2015-10-12 01:34,0x4962f6533141e9e12b9e1846ab549c7042a40098,transaction,0x22d4aeb8b2283e30e185967311eb1289c2bf4caedd02c225b5cc734721617c59,235,exists,other,,,0.000
0xcc1cb6a841e665900680cdec28a41f5886c7f752,370180,2015-10-12 02:11,0x4962f6533141e9e12b9e1846ab549c7042a40098,transaction,0xb19c10f1a02595d830f860acd9eba9f8a839cbdb7b5932ce864deb5ba43ae35f,235,exists,other,,,0.000
0x062e0cd0fd00cdb0b7315625ae5412ccac78ff1f,370198,2015-10-12 02:16,0x4962f6533141e9e12b9e1846ab549c7042a40098,transaction,0xc6bfa7b5743e6fcd7d08f97101c071f69b6c06e25dcea3babd180897fed6b5b0,235,exists,other,,,0.000
0x7e7f6373193baca61ca790dc95503b768bddf746,370250,2015-10-12 02:30,0x1db3439a222c519ab44bb1144fc28167b4fa6ee6,transaction,0x0aab4374410694a871409ef97532d26a3121a28952273d4ae0b7a310d0520a2b,404,exists,other,,,0.000
0x36517ccf7a16266de8b7cbd60db1f45a23f1eaf1,370269,2015-10-12 02:36,0x1db3439a222c519ab44bb1144fc28167b4fa6ee6,transaction,0xdee8a75313cf875eb651ab4e7fc396b4ec0314f63a6b1e1c2e850649ffcf4afd,404,exists,other,,,0.000
0xcf6295c9cf8c96cea939877f43162429988e9ff6,370301,2015-10-12 02:43,0x4962f6533141e9e12b9e1846ab549c7042a40098,transaction,0x33359d7abbaa87e39fa80892d3748d4ea61137235e9f9663dd9ef6ad0796443f,108,exists,other,,,0.000
0x39d8543909bafad64d662994fe23a65681d2e2f7,370339,2015-10-12 02:51,0x4962f6533141e9e12b9e1846ab549c7042a40098,transaction,0x74a2a8ce3a24f08f6425fc2cd238ba1ff9fbcaa82da17482aaa2112b0120c177,1555,exists,other,,,0.029
0x806bbd04251fa5de35872af48ccad80a08ce08b1,370392,2015-10-12 03:05,0x4962f6533141e9e12b9e1846ab549c7042a40098,transaction,0x08aecc73ee5136c86aec74e21e0a8acac7bf36acf342f8b2cf2e75d95cad6ea8,108,exists,other,,,0.000
0x683e05b681a2610962b9b9bca3ccb7efe9e0e78c,370395,2015-10-12 03:07,0x4962f6533141e9e12b9e1846ab549c7042a40098,transaction,0xeb4c22b6c9d08b8965d59cd5cef7305e66f49cac27cb7a7de7f9153abc6717d5,108,exists,other,,,0.000
0xbc8c711e4aa3435ad864b3d6118fbb2a6acd6df7,370409,2015-10-12 03:11,0x4962f6533141e9e12b9e1846ab549c7042a40098,transaction,0xcb83c3e50d5f8e40944d395db3a72525e2f4697c56b48d947593d0fc98bd15a5,235,exists,other,,,0.000
0xc861fc8dc9537159d94acbd662439046ea407166,370458,2015-10-12 03:25,0x1db3439a222c519ab44bb1144fc28167b4fa6ee6,transaction,0x9e37a5295688e60b4f38b935ff9c8db16ee412b372466ab6e4a5c3d50b9cb088,610,exists,other,,,0.000
0x417d9529e22ea17d16df4f4c733791e543f3f617,370473,2015-10-12 03:29,0x4962f6533141e9e12b9e1846ab549c7042a40098,transaction,0xec12ec588becd5c969df8136805d23db2d8086f929b0d37a3c5b27dc783d4fe8,10,exists,other,,,0.000
0x4fea5cb278edfabcc24f7c1425951a0d2faa609b,370489,2015-10-12 03:33,0x1db3439a222c519ab44bb1144fc28167b4fa6ee6,transaction,0x3837cf37f260e1846d7aca8606031d8d19fa4715b4e880205c7dc9fc2ad9e379,0,never had code,other,,,0.000
0xf938cbc60975a79101408fca21082f1e263300cd,370500,2015-10-12 03:37,0x1db3439a222c519ab44bb1144fc28167b4fa6ee6,transaction,0x29bb52d326f2393a38df1509299173439601fe02dc7b53b6a8d9b03c25551de3,850,exists,other,,,0.000
0x7476c1702eabdad79d8488dff877bbc9777e7c61,370505,2015-10-12 03:39,0x4962f6533141e9e12b9e1846ab549c7042a40098,transaction,0x407126e1d9cec8a3ade3e63f58c3583d781c06f7af1c4881cefde27181b0f3e3,235,exists,other,,,0.000
0x6acc9a6876739e9190d06463196e27b6d37405c6,370511,2015-10-12 03:41,0x1db3439a222c519ab44bb1144fc28167b4fa6ee6,transaction,0x6b565bc0b6853b0c67570c50b8e233e4a0f53769c2fd476938e086b085d1eb50,851,exists,other,,,0.000
0x2c9ce8ec95539e0b2a12801653880b6143d3528f,370532,2015-10-12 03:47,0x4962f6533141e9e12b9e1846ab549c7042a40098,transaction,0xaa1236e9213719f767ef737595165846c5962aa9c5d4f98bd4724067177b4702,235,exists,other,,,0.000
0xaa1ef9c224ada537dbe47c90d4f436b7fda162c2,370591,2015-10-12 04:03,0x4962f6533141e9e12b9e1846ab549c7042a40098,transaction,0xdae61f729615af389d15c8a267ccf52fffc666eb867f46dbd0e23580d8b8007d,235,exists,other,,,0.000
0xb7697a3654e618068538856ab29a07f95fd76bb0,370603,2015-10-12 04:05,0x4962f6533141e9e12b9e1846ab549c7042a40098,transaction,0x14c5921b00a26c433113dd8c95fe20d7f8a852c019e6ef182e8ab1650c88f9a6,235,exists,other,,,0.000
0x41a49c0460e9343d3b6cab623f68bef1b6dd590d,370666,2015-10-12 04:24,0x4962f6533141e9e12b9e1846ab549c7042a40098,transaction,0x07830acd0d97e57d02b7dedf002bf8c2686f089c16ccd61375286a7c40b3ef74,235,exists,other,,,0.000
0x59712da0bca55ba7c2ee8a5d9458b46e70ca0778,370672,2015-10-12 04:26,0x4962f6533141e9e12b9e1846ab549c7042a40098,transaction,0xe9fed4c819f398a384ee189c821e29547bbb709ba22cd954b2364efd5f24df56,235,exists,other,,,0.000
0x3c60ebfbe5bea9e6b21bc26115ce7c63a2dd60a1,370699,2015-10-12 04:33,0x4962f6533141e9e12b9e1846ab549c7042a40098,transaction,0xf1e4c5390511a25aec6a102ac8df4f46abf129d9c5424568c879d254026dae3e,185,exists,other,,,0.000
0x513f1e963e1e36748c9ff2f9159163acc8501ef9,370717,2015-10-12 04:38,0x4962f6533141e9e12b9e1846ab549c7042a40098,transaction,0xc0ef01dc80f0e079a831075fef8f67866ff6e1c0ab3f2c03eb69be9b5d6fb46e,685,self-destructed,other,,,0.061
0xd53096b3cf64d4739bb774e0f055653e7f2cd710,371471,2015-10-12 08:20,0x1db3439a222c519ab44bb1144fc28167b4fa6ee6,transaction,0x3b3d8c2cacde078f141432630f8942b1d551472d58f5460c3b0dba64eda56ce7,404,exists,other,,,0.000
0x319c725acf71f3b960440da06d99617e7da51e59,372884,2015-10-12 14:55,0x4962f6533141e9e12b9e1846ab549c7042a40098,transaction,0xc9362e8d0cd3de669652a93792165ad7cde2ae0efa60f3153d8c493036e8bbe2,1013,exists,other,,,0.044
0x06fac5d1d707b8df8afe2f2b3948191c9d50fe84,372901,2015-10-12 14:59,0xcf684dfb8304729355b58315e8019b1aa2ad1bac,transaction,0x89ed4f24272f2863dd7306eeb65c1a0002137638fae497dfd2bd9f9866c898d0,0,never had code,etheria-like,"buyTile(uint8,uint8);makeOffer(uint8,uint8);getOwners();acceptOffer(uint8,uint8,uint8)","acceptOffer(uint8,uint8,uint8);buyTile(uint8,uint8);editBlock(uint8,uint8,uint256,int8[7]);farmTile(uint8,uint8);getBlocks(uint8,uint8);getElevations();getIlliquidBalance();getLiquidBalance();getMapsize();getOfferers(uint8,uint8);getOffers(uint8,uint8);getOwners();getUint8FromByte32(bytes32,uint8);initializeTiles(uint8,uint8[17]);makeOffer(uint8,uint8);rejectOffer(uint8,uint8,uint8);retractOffer(uint8,uint8);retrieveLiquidBalance()",
0x6850607f69350a994ce42937d1e102ca341b6fad,372911,2015-10-12 15:03,0x676f7caf8e62af96e88e277dc04ef24b5e60353a,transaction,0x994aab6b2133c737cea3a86da5407733803017cc617706634328795655496c40,685,exists,other,,,0.061
0xe5b330e0f34b6180278310dd58621213c534cb56,372950,2015-10-12 15:12,0x1b341f7a7732c33c8140b1c11161c6d274979818,transaction,0x38b0ccd7b2827cfe24c758f000e8c61dde5b53e392a69a5685941cc2d2b929a5,685,exists,other,,,0.061
0xaadb1a528cf4e67671ebd8ab372c2584609f22ab,372970,2015-10-12 15:16,0x1b341f7a7732c33c8140b1c11161c6d274979818,transaction,0x58070fe349fa15c7110b7ff4487d27d89fad1acf22e1e3c46e45a277f5cc4d26,685,self-destructed,other,,,0.061
0xb8f8ba7c10323e0cf4cfdba196368e7554adaa2b,373135,2015-10-12 16:03,0x4962f6533141e9e12b9e1846ab549c7042a40098,transaction,0x8cd8a0e70743c60e7b6d41a74a2bdbee4a5468bda1adec7b0a5aa1dcbc7e3584,1187,exists,other,,,0.044
0xfbdb9eee07a9fc1cbcbbec8c5d7c462fdb7a6389,373207,2015-10-12 16:23,0x1b341f7a7732c33c8140b1c11161c6d274979818,transaction,0xf5d10a950aa6fe673e2333e4b996d7bc72c134db68a7247f8cf2986458727bd5,1187,self-destructed,other,,,0.044
0x34c2b8975b47e13818f496cf80b40566798cf968,373420,2015-10-12 17:22,0xcf684dfb8304729355b58315e8019b1aa2ad1bac,transaction,0x723458fd9af92f82c88675a4c0c9eb2cab0ac94c002388ce5031c7a3b60bc2a8,0,never had code,etheria-like,"buyTile(uint8,uint8);makeOffer(uint8,uint8);getOwners();acceptOffer(uint8,uint8,uint8)","acceptOffer(uint8,uint8,uint8);buyTile(uint8,uint8);editBlock(uint8,uint8,uint256,int8[7]);farmTile(uint8,uint8);getBlocks(uint8,uint8);getElevations();getIlliquidBalance();getLiquidBalance();getMapsize();getOfferers(uint8,uint8);getOffers(uint8,uint8);getOwners();getUint8FromByte32(bytes32,uint8);initializeTiles(uint8,uint8[17]);makeOffer(uint8,uint8);rejectOffer(uint8,uint8,uint8);retractOffer(uint8,uint8);retrieveLiquidBalance()",
0x1ac9b4669f7aa4c4b2aa84a931520c23dd3b86a1,373497,2015-10-12 17:39,0xcf684dfb8304729355b58315e8019b1aa2ad1bac,transaction,0xabefee85dacb37e5b317f9c592299132d4ec581c8c676af7278ce5dc2ba685fe,9216,self-destructed,etheria-like,"buyTile(uint8,uint8);makeOffer(uint8,uint8);getOwners();acceptOffer(uint8,uint8,uint8)","acceptOffer(uint8,uint8,uint8);buyTile(uint8,uint8);editBlock(uint8,uint8,uint256,int8[7]);farmTile(uint8,uint8);getBlocks(uint8,uint8);getElevations();getIlliquidBalance();getLiquidBalance();getMapsize();getOfferers(uint8,uint8);getOffers(uint8,uint8);getOwners();getUint8FromByte32(bytes32,uint8);initializeTiles(uint8,uint8[17]);makeOffer(uint8,uint8);rejectOffer(uint8,uint8,uint8);retractOffer(uint8,uint8);retrieveLiquidBalance()",
0xcca8353a18e7ab7b3d094ee1f9ddc91bdf2ca6a4,373552,2015-10-12 17:58,0xd3cda913deb6f67967b99d67acdfa1712c293601,transaction,0x9083dd6f1ed517f1cd56089d794effc3c5598f97f27a2ac1485ae20d57c06b9d,248,exists,other,,,0.000
0x8054135c733c0fa750de63f4e302d1ae0014c995,373630,2015-10-12 18:18,0x4962f6533141e9e12b9e1846ab549c7042a40098,transaction,0xa54feaef432b75b7f7e9168c8c7f6d66e79727174d9c5322e9e9efc904574841,1187,self-destructed,other,,,0.044
0xa3a747a32f4a8162762c06c84a34f96bfc6d64fc,373693,2015-10-12 18:37,0x4962f6533141e9e12b9e1846ab549c7042a40098,transaction,0xe7395ba2e68364706123a41a5212a585652aa6a5ef1c5190db8845fdabbd6ef3,1187,self-destructed,other,,,0.044
0x9d6e4f7fd7d6843203d4882be4f13ee5c3d54c23,373731,2015-10-12 18:48,0x4962f6533141e9e12b9e1846ab549c7042a40098,transaction,0x56b5a721ca477cd4dc514bbf90225d86e534f4683a02228f090ac1903ee7c786,1515,exists,other,,,0.048
0x42414bacb4cf778ed1394a59d44eabc4ddf16aee,373737,2015-10-12 18:50,0x4962f6533141e9e12b9e1846ab549c7042a40098,transaction,0xb7931bab0f347b03a28f9f8c44ffc4d5400d8733a4671db0fefb6b3d0c0b4c65,1837,self-destructed,other,,,0.048
0x563327e8ed1d0ba1ac8e9f3e687e8142620dbf40,373768,2015-10-12 18:58,0x4962f6533141e9e12b9e1846ab549c7042a40098,transaction,0x8c2a828c0519d0c5485f5acab550b38541d096491381aefecd6a3fe056fed58a,1837,self-destructed,other,,,0.048
0x60cbeca1aec39a0b45f802942968c8ce35541854,373807,2015-10-12 19:08,0x4962f6533141e9e12b9e1846ab549c7042a40098,transaction,0xe51ceeeed73f5364cf12ecae63090b687ff0e9735df771ad8155b3a067bbd76a,1059,self-destructed,other,,,0.063
0x81afbcb250da06a55251cca3fb82ce69eecbd3c6,373815,2015-10-12 19:10,0x4962f6533141e9e12b9e1846ab549c7042a40098,transaction,0x257150553ddcf5b75d15ebee9971333613fd05121adc601c3bcf36c207db544c,1059,self-destructed,other,,,0.063
0xb9db8e23f6a2fce2f480a74516ba32d8c663e4be,373870,2015-10-12 19:24,0x4962f6533141e9e12b9e1846ab549c7042a40098,transaction,0xdc970f886f588e991de40cb8b23849280588367a34ca396ee9457e26c245df94,1143,self-destructed,other,,,0.062
0x49d3d0e98b389e238b592d6811132967b1b728eb,373928,2015-10-12 19:38,0x4962f6533141e9e12b9e1846ab549c7042a40098,transaction,0xdd59d74915ac177fc662d59edbcce389c9dfcca22301e358561aff8477719918,1131,exists,other,,,0.059
0xfe33833134ce6edda4fa3022c1e52c24f0c059ad,373936,2015-10-12 19:41,0x4962f6533141e9e12b9e1846ab549c7042a40098,transaction,0x34e25a541946b8afb4702fb05ae1dcb7ab15b8ff4f9790571f3f3355852a174f,1131,exists,other,,,0.059
0x3bcaf77ced0fe2b7b849f473f2e9ba5befb4775a,373945,2015-10-12 19:43,0x4962f6533141e9e12b9e1846ab549c7042a40098,transaction,0x4f45c6211600d4c77aa0d8e84312a9c532138e568d37e3e6c3e38f55f5d3c2cd,1120,exists,other,,,0.063
0x52f6c0f90cc937c7836f9c29092cfdd695a84f0e,373948,2015-10-12 19:44,0x4962f6533141e9e12b9e1846ab549c7042a40098,transaction,0x314113e5f97b4e601a60e32dd7031635f74ee2a9bb588d1352df5a2786e23f13,1129,exists,other,,,0.062
0xe119f17b2b0b8c10c0182f191f227f959b9fcbee,373953,2015-10-12 19:45,0x4962f6533141e9e12b9e1846ab549c7042a40098,transaction,0x1979ca5c0ad2b6a7f6a45001a16e538eb4134dd700f7feccfa57654cea28c6b7,1129,self-destructed,other,,,0.062
0x723f8ee2dd9e2f0fd015a9040f2fe1ae52fcb017,374067,2015-10-12 20:13,0x4962f6533141e9e12b9e1846ab549c7042a40098,transaction,0x978c182ee21234d2c1a2eca24a386ee9460838e7717179e3d23cbcca95f6626b,2095,exists,other,,,0.047
0x7fb091d48426f54f6fb8d1a43f8e33f80454f4e3,374371,2015-10-12 21:33,0xcda0ad7542e30bf520652a05056ebe0105c7e49a,transaction,0xbf755983f44d6b90a82f423d77302870f4595531df7e8e1ebcef9725280e0116,49,exists,other,,,0.000
0xcd94ea2122f4dad71fb29b7a0d2c5cbf6f703d12,374439,2015-10-12 21:57,0x4962f6533141e9e12b9e1846ab549c7042a40098,transaction,0x775f5a9ca39a82011c45f7f522e95b2b9c8d9960c22a0b35057b910980b453d0,2169,exists,other,,,0.047
0x2dfa220c6904696b920a31d922eb214ef1c77adf,374464,2015-10-12 22:06,0x4962f6533141e9e12b9e1846ab549c7042a40098,transaction,0xdb74747c185420bd5ecbf1eb477515eec707bde655d1f1691cc83a9ea93ec743,2230,exists,other,,,0.046
0xd64053209dd22a1b453b18cfc526076e210f54a8,374477,2015-10-12 22:11,0x4962f6533141e9e12b9e1846ab549c7042a40098,transaction,0x156e148153441742956fc97590e6d24162cbb61c485eaf86211b62abe6c46021,2230,exists,other,,,0.046
0x005a1748a4ddf3b4dda64011956b832409b400be,374491,2015-10-12 22:15,0x4962f6533141e9e12b9e1846ab549c7042a40098,transaction,0xec156e1b5c835878be67a3489c7f446f5f608bebc93c01ff9679fb42963f6611,2230,exists,other,,,0.046
0x98ee005d5d8ac02466261cc2ccb854e9a5424c19,374495,2015-10-12 22:16,0x4962f6533141e9e12b9e1846ab549c7042a40098,transaction,0x113d34a5f00a0514a3095a03afe1677e43fe7bfb9d9f0a18d5522c924559a8ea,2151,self-destructed,other,,,0.047
0x62e036a10944af2571515da028d05f06db15630d,374510,2015-10-12 22:20,0x4962f6533141e9e12b9e1846ab549c7042a40098,transaction,0x74c304badd80e4ca463aa26523b75bd9f572846d7712d625681a7795f2d2572b,2151,exists,other,,,0.047
0x3c36ef6ad0b7457a087875f208c53437ccfde502,374535,2015-10-12 22:29,0x4962f6533141e9e12b9e1846ab549c7042a40098,transaction,0xf5a44ed0b899c6d98d95ef1c5ce8b34f19245df94e664e6398278272624ef6e4,1977,exists,other,,,0.047
0x2b19ce93c0468d1ec34568ee904870f44385a88d,374559,2015-10-12 22:35,0x4962f6533141e9e12b9e1846ab549c7042a40098,transaction,0x1760e470aa677dedb809d9f1cc9bf6ff6ae1f9444d69ce4a92b5ba5760251a21,1916,exists,other,,,0.047
0xec5d35a16164544e95c3aa0b2e6a602270d445a9,374580,2015-10-12 22:40,0x4962f6533141e9e12b9e1846ab549c7042a40098,transaction,0xa774d21977628e27fece80478543c97b278c8d40e74592d39d248b517d5fc5f0,1852,exists,other,,,0.047
0x1bc72152ff0dd0676211c616ef199a283ca5c488,374589,2015-10-12 22:43,0x4962f6533141e9e12b9e1846ab549c7042a40098,transaction,0x74801d30e5dfdf4ba4e478aa06d296e4cccb97d41bc7231e284092eeb57656de,1852,exists,other,,,0.047
0x0e7a6a99bbb24249e426143a69dfdf50eb4e2d2b,374606,2015-10-12 22:51,0x4962f6533141e9e12b9e1846ab549c7042a40098,transaction,0x10673c58d77016735c821ee92c0ab47b06be6ed08b69d00fec5f84b0f2831653,2151,exists,other,,,0.047
0x55b0b1f13b1a80cc4185bd3bfb0b7cb887f1c079,374621,2015-10-12 22:55,0x4962f6533141e9e12b9e1846ab549c7042a40098,transaction,0xe4bc6d9f7d9b0645dafbe5f85218c3a5ff5509bd2bac4d8f2aa68163c34ceea7,2151,exists,other,,,0.047
0x60c61cb8f0c803845ef83d43b50255d4b11232c4,374667,2015-10-12 23:09,0x4962f6533141e9e12b9e1846ab549c7042a40098,transaction,0x70ba1bdc4aa1244105f6b0d6afda5a8ab68ac73ea98174e263206049cf375634,2210,exists,other,,,0.047
0xeaac1c84e76bd8f9b6391a6872ee05ef60cd137e,374688,2015-10-12 23:14,0x4962f6533141e9e12b9e1846ab549c7042a40098,transaction,0xc6eb484687a49ac9d59e29473bc147a710150ec9062190a76b143996c24feaf3,2149,exists,other,,,0.047
0x61f90859ec5acea784bdce5b3d7d6131f3536b63,374721,2015-10-12 23:23,0x4962f6533141e9e12b9e1846ab549c7042a40098,transaction,0xac86f7474aa5c1197c55b11f57afedccf330ed4952baf36582cec4ade0dc5b0d,2174,exists,other,,,0.047
0x039a35c281a34cbcba45c82a4e4dc5049b2aff1a,374772,2015-10-12 23:34,0x4962f6533141e9e12b9e1846ab549c7042a40098,transaction,0xc0097ff648236f555798ef2835695bc5cbcbfd48a01fc91e2074008a8fc86a9d,2325,exists,other,,,0.047
0x396e3f24aa965048539de85a05d3620141e3900e,375058,2015-10-13 00:49,0x4962f6533141e9e12b9e1846ab549c7042a40098,transaction,0x85b46596d18d99d658c4f733f34ffb0022e89057d84f1540a10b14705d11d5e0,2452,exists,other,,,0.046
0x8d9da378f484ff915813c20bf378ad2319e55b39,375064,2015-10-13 00:51,0x4962f6533141e9e12b9e1846ab549c7042a40098,transaction,0xea0b338ad2338aa04f600b7f7d6e2fe06e4de83f96e9e0ad8c03f221d36397b3,2452,exists,other,,,0.046
0xb4ddb5df0a0f5fab283cc415f97ba895acd4c097,375091,2015-10-13 01:00,0x4962f6533141e9e12b9e1846ab549c7042a40098,transaction,0x5639503c205ef10d12e529e69bb5214fe9f77d3915afb296de6027d347c5fb42,2452,exists,other,,,0.046
0x72e0d31406473e6e5a56dfd2bfa842931b2eecc5,375104,2015-10-13 01:05,0x4962f6533141e9e12b9e1846ab549c7042a40098,transaction,0xaa54a3d91119373bb6c0e5735eee0cd15ddead59e43547341130e1d5441897fc,2340,exists,other,,,0.046
0xe000662c02a02d8b40aabfcd661594312992311d,375151,2015-10-13 01:18,0xf50466e3f27955334fff159e9d6e325c11eb85d6,transaction,0xe93ac03a8055bd8c4a752b384f6c04b643292506180eb999005ebfacfcd1e438,0,never had code,other,,,0.000
0x40439f27dbb814eee21f9893cf6ba2ea88272d7f,375210,2015-10-13 01:30,0x4962f6533141e9e12b9e1846ab549c7042a40098,transaction,0x7624f7a0d8f7c6801a10df218b89636b20f4b92792c68667d15acc5265b096a7,2365,exists,other,,,0.046
0x7675454bc941d5538c9bb887f6a6235d9f8a48c2,375222,2015-10-13 01:33,0x4962f6533141e9e12b9e1846ab549c7042a40098,transaction,0x4864c3583b046823692a4df87b814936808af4da6840c073d6c57732b6a4e34e,2192,exists,other,,,0.031
0x5c1e3cda538fbb99e6ee80662259d96c75ae03e4,375235,2015-10-13 01:36,0x4962f6533141e9e12b9e1846ab549c7042a40098,transaction,0xc65083821ad35db4f516ae094d14e9b70ecb2ade8cb3880a133778311320b16f,2192,exists,other,,,0.031
0x23f8ca1aa1eca011a0936f51a35257130ae5cbfc,375245,2015-10-13 01:38,0x4962f6533141e9e12b9e1846ab549c7042a40098,transaction,0x3edf091d4a4f0b4dbf2afe6a4755d97aa20441c20b98050baea0d008867a6b92,2192,exists,other,,,0.031
0xe67993ba0e457ee9481de3486af182822b8329a1,375297,2015-10-13 01:54,0x4962f6533141e9e12b9e1846ab549c7042a40098,transaction,0xc208942fd984436e6d772fa0ce4e874ecc786f88507f6c2e9d08b86bbc97ccc0,1021,exists,other,,,0.035
0x9127c398827d8db6b6d5f17b71f5db69d06e8b74,375360,2015-10-13 02:11,0x4962f6533141e9e12b9e1846ab549c7042a40098,transaction,0x434de6309e60f0a69d06a984874886b6de7f836fed85efe9f81cb0a75720f3d4,0,never had code,other,,,0.000
0xc4bc101a168ea2228973a65564a7d40a68528dd2,375365,2015-10-13 02:13,0x4962f6533141e9e12b9e1846ab549c7042a40098,transaction,0xbfa9f2fa6497c3536125638149d23c05356e9e361d448ee1236a92f9d9af6286,0,never had code,other,,,0.000
0x9e2287a60ed85f6bd80c62c1b7b4130ea1b521dd,375367,2015-10-13 02:14,0x4962f6533141e9e12b9e1846ab549c7042a40098,transaction,0x25ffa5ea2cc667bedbcfb4b275f7aaf83f400afb201f879fd27fdfe474431759,0,never had code,other,,,0.000
0xc44a518d7e6f8fb6d60251c28a34def8e3d58b54,375373,2015-10-13 02:16,0x4962f6533141e9e12b9e1846ab549c7042a40098,transaction,0xda20125171c9b1969a421aacc1e51ec7f0acdeb553498b6391ba81fd6a148196,2210,exists,other,,,0.031
0xc1f3440c5dfc1117b01e2ca8ab21f828949b4d85,375378,2015-10-13 02:18,0x4962f6533141e9e12b9e1846ab549c7042a40098,transaction,0xd90629eb86eaf02e90cbdc74cc19a460101dc9a38e874ba050fcd9ae43c9fd72,2325,exists,other,,,0.031
0xcaf5e126f91d7c9d62506924c875402dcb7fc178,375402,2015-10-13 02:25,0x4962f6533141e9e12b9e1846ab549c7042a40098,transaction,0x539448278b7d9d86c8526895df2f17c15cac044010e90abb029e008ccfac2caa,2585,exists,other,,,0.046
0x282b2b0f46138a9a1b8374f07e68c28a878cd290,375410,2015-10-13 02:28,0x4962f6533141e9e12b9e1846ab549c7042a40098,transaction,0x92be385d426e657b2989f7f3ce6fc670e474929d39eee48141864450e80c8d57,2585,exists,other,,,0.046
0xea78efa35cee85fcb2c2654938867ef925f34668,375423,2015-10-13 02:30,0x4962f6533141e9e12b9e1846ab549c7042a40098,transaction,0xe60995edab65bbb1bebef4e4b8d10ec9fa75af7e2029e67025f7b34c1607f8b3,2585,exists,other,,,0.046
0xb84aa5daf682ab1c7591cc40fb5daeb6a9cf60cd,375439,2015-10-13 02:35,0x4962f6533141e9e12b9e1846ab549c7042a40098,transaction,0x590c6732f838d781e0e1234baf93f83c4568aaaa517483f8d3ac445a5874435e,2585,exists,other,,,0.046
0xa35d41e6b8807fd660c15bdd57109a14c73bf776,375440,2015-10-13 02:36,0x4962f6533141e9e12b9e1846ab549c7042a40098,transaction,0x9de9c346d0acd21d7b9dd1977ee30cb055d0b4471750309b9edf0ea921ab0175,2585,exists,other,,,0.046
0x24e494f34f393bf4814c8a0a066f1055ad788cfb,375454,2015-10-13 02:40,0x4962f6533141e9e12b9e1846ab549c7042a40098,transaction,0xe75782b3b5bc077f0534b6495a48c5a643964a925647da2f5a3cc990a181afa6,2540,exists,other,,,0.046
0xd91218b2892c3b644ce41e341978f8843b0bae77,375595,2015-10-13 03:16,0x4962f6533141e9e12b9e1846ab549c7042a40098,transaction,0x851000bbda355a7c4e0a1d8d851bf63f65f7d727b68181335ede2823bf3809f3,2962,exists,other,,,0.022
0xcbf1f651b6d55209c225091fa843c18bc167e83f,375620,2015-10-13 03:22,0x4962f6533141e9e12b9e1846ab549c7042a40098,transaction,0xfd496a648a0fe4bc796b3eba0e2a48a04339d06494c3dd2048b8ea39de8ac479,0,never had code,other,,,0.000
0xef070398f30b1278000819f35c6929e89e25c679,375622,2015-10-13 03:23,0x4962f6533141e9e12b9e1846ab549c7042a40098,transaction,0x512693fc5a16c13a4d3e9a76aced3f349e7432f7e87a8bb39513b396a68fee09,0,never had code,other,,,0.000
0x67e183b03bc859cc9c3ec3e88e45943d77ec6584,375631,2015-10-13 03:25,0x4962f6533141e9e12b9e1846ab549c7042a40098,transaction,0xd808042621d52f4f78edea2b7c0b61d451b4bf453255c936cb7461bea76281b2,0,never had code,other,,,0.000
0xf9e4dadf7e19f4124d9c164745ad94f7b12f3929,375631,2015-10-13 03:25,0x4962f6533141e9e12b9e1846ab549c7042a40098,transaction,0x52f63579ea23298cbf06f02fd5305aecb2a92fc508e67df256da5eefdeec02b7,0,never had code,other,,,0.000
0xf72093096c81b3e9e991f5b737baec9570a56927,375645,2015-10-13 03:28,0x4962f6533141e9e12b9e1846ab549c7042a40098,transaction,0x561acabc4b2ee7c4d4eedc0c3006cc3b412994382dca6fec2cd519a12ecfdf78,0,never had code,other,,,0.000
0x94ac9a93ad92583bd37854bbf932cef6b86e0935,375678,2015-10-13 03:36,0x1b341f7a7732c33c8140b1c11161c6d274979818,transaction,0x3e9a503f2d65b5379faa4abdf8d2f3725505bd16e49634d570def8090ebc05d3,4090,exists,other,,,0.034
0x4bee7412bebf5802d9c2a72c73cd8475cb4569bb,375703,2015-10-13 03:43,0x4962f6533141e9e12b9e1846ab549c7042a40098,transaction,0x1b90de0d90b4e67eef2b16235e0c5945fc9dfccba28584dcf24435cd04492d34,4090,exists,other,,,0.034
0x5f3f0d3215db85faa693d99acfb03cca66556671,375710,2015-10-13 03:45,0x4962f6533141e9e12b9e1846ab549c7042a40098,transaction,0x4b55f7b8bc9147e6fba894a9bbf7582376d350ac1eb14529f4df7361cc44f9f2,0,never had code,other,,,0.000
0x78f6cb42c081b3444bb4b2aa5173313cf8559755,375713,2015-10-13 03:46,0x4962f6533141e9e12b9e1846ab549c7042a40098,transaction,0xaf93c45a0908319ed4fe11a96d5cd4e05b92e264b5e6f3c811bd159dcfa90760,2931,exists,other,,,0.042
0x4da2b57ccc0372281f978c9df91dae6407dbed4f,375717,2015-10-13 03:47,0x4962f6533141e9e12b9e1846ab549c7042a40098,transaction,0x46cf6e2e2a67fe0e92bda9fcf3c2a61b48c3df0b261b506d7332dc7e07f02bc8,1286,exists,other,,,0.043
0xb027152edee7558187ca1f639abb688c4c38d314,375726,2015-10-13 03:51,0x4962f6533141e9e12b9e1846ab549c7042a40098,transaction,0x60cb82d911fe7c1c0ee2d29c564a6997cb81f5196c13b0a19932c63b8588b547,2953,exists,other,,,0.042
0x1c2bd83dc29095173c4bcc14927811f5141c1373,375784,2015-10-13 04:07,0x4962f6533141e9e12b9e1846ab549c7042a40098,transaction,0xd3b255f2cf07445969244555b1332edbecc65f3e4ac58bafbcc036475cd9872b,0,never had code,other,,,0.000
0x8e5de9f2b7dc5a4c025effdcaf94edb7b48df501,375786,2015-10-13 04:08,0x1b341f7a7732c33c8140b1c11161c6d274979818,transaction,0x0f8824dfb157ee672c01588a41325b57e484ec0b0447238d3606a05573b498cf,3159,self-destructed,other,,,0.045
0x690ed837d25b46dbf46727fcda7392d997c2bc97,375797,2015-10-13 04:13,0x4962f6533141e9e12b9e1846ab549c7042a40098,transaction,0xe6c4e07dfe1d0737dd1760857288c0d198597284446c12d9f554b56f37c879d5,0,never had code,other,,,0.000
0x0a948965756d3ab741fda01fd7c2da60fb1da3a0,375800,2015-10-13 04:14,0x1b341f7a7732c33c8140b1c11161c6d274979818,transaction,0xa2f383b4bfd1182317ff795927a2c8cbd54bb498b6d737f373c77ea30edac29f,3190,self-destructed,other,,,0.044
0xc0fbda1c2314cb93a1299123e540c4878e519e28,375827,2015-10-13 04:22,0x1b341f7a7732c33c8140b1c11161c6d274979818,transaction,0x7fe733647322f6e6d81be7178ec7fbc6582c5c1be52598376fde7d1d9ce9aa47,3190,self-destructed,other,,,0.044
0x5d8687e585d75c1413d61a04046e9fa0e0e20f14,375881,2015-10-13 04:36,0x1b341f7a7732c33c8140b1c11161c6d274979818,transaction,0x6a9c1338cc78d96ffdf7c6af5e2baedfc7d329572790111809c7a98301351094,3190,self-destructed,other,,,0.044
0xa80f4ac133e0be8e5fcd3835bd414be1054535b9,375922,2015-10-13 04:46,0x4962f6533141e9e12b9e1846ab549c7042a40098,transaction,0x78e9db777a56928f25cf5d01209f7ca9d276756f3196cf863f115da0d61a1832,2624,exists,other,,,0.060
0xeee7e89ea684330ab7d8d85ac5cf467e1a5c97cf,375936,2015-10-13 04:51,0x4962f6533141e9e12b9e1846ab549c7042a40098,transaction,0x9e7b27b66d30c73bbd9b95e1a8b5801a56ef738715be96a4282da70d23148331,2606,self-destructed,other,,,0.060
0x6797ec539d600c99cf201d69d66e4897754c4b62,375950,2015-10-13 04:56,0x1b341f7a7732c33c8140b1c11161c6d274979818,transaction,0x4521ca71e04e03ea8412982da7cd524aca69230a15a434257d9fcc4593e7206f,5404,exists,other,,,0.046
0x993424827a5fb2fa97818814ea4027e28150f187,375967,2015-10-13 04:59,0x4962f6533141e9e12b9e1846ab549c7042a40098,transaction,0x80b2fd57c6e0c5d87d85670f6d4218b12704996635b1f455b9bb3ffa1cb57d50,0,never had code,other,,,0.000
0x7762630a1355027b07106fde0f8ae369d2f5e2d2,375974,2015-10-13 05:01,0x4962f6533141e9e12b9e1846ab549c7042a40098,transaction,0xcf6aa71d13c34d6939d42a1dd0047e49b7d5b1c829cc425c38a84c0a0b28f8b1,5404,exists,other,,,0.046
0xc31ba27585978de7df2b7cb3797b21b9531335ec,377997,2015-10-13 14:36,0xcf684dfb8304729355b58315e8019b1aa2ad1bac,transaction,0xe0682558721721986a2a9d5c8073f4f184cd4ed5fd8b67db76d783f3eab05102,9992,self-destructed,etheria-like,"buyTile(uint8,uint8);makeOffer(uint8,uint8);getOwners();acceptOffer(uint8,uint8,uint8)","acceptOffer(uint8,uint8,uint8);buyTile(uint8,uint8);editBlock(uint8,uint8,uint256,int8[7]);farmTile(uint8,uint8);getBlocks(uint8,uint8);getDescription(uint8);getElevations();getIlliquidBalance();getLiquidBalance();getMapsize();getOccupies(uint8);getOfferers(uint8,uint8);getOffers(uint8,uint8);getOwners();getSurroundedBy(uint8);getUint8FromByte32(bytes32,uint8);initializeBlockDefinition(uint8,string,int8[24],int8[]);initializeTiles(uint8,uint8[17]);makeOffer(uint8,uint8);rejectOffer(uint8,uint8,uint8);retractOffer(uint8,uint8);retrieveLiquidBalance()",
0x5c72c54a91d115fe4034e4cbe52215678052a41b,378603,2015-10-13 17:30,0xc36814b5408a1649c89b6bc1c5abe3fa301a0de9,transaction,0x3293456cef640708f8f42e9dac407ac1998e25d35b7903b543e4e3035485b14f,6,exists,other,,,0.000
0xf6a1c53783d68b7981984624a7c3e38cc3e2ffd2,378660,2015-10-13 17:46,0x4168b8901805627842fdf9dbbc797635b870a723,transaction,0xb291749c51efa7f1691b73abd979fa59b64a0687c29b36c6a5b1cceb4931dcaf,6,exists,other,,,0.000
0xc467b893e29277f9b62b4ed6c9ba054bd8225bff,379054,2015-10-13 19:38,0xcf684dfb8304729355b58315e8019b1aa2ad1bac,transaction,0x26818b2504a72ef03aca0ad27544f7792032a6c9cf62d8ebe8fd2bca0805a709,0,never had code,etheria-like,"buyTile(uint8,uint8);makeOffer(uint8,uint8);getOwners();acceptOffer(uint8,uint8,uint8)","acceptOffer(uint8,uint8,uint8);buyTile(uint8,uint8);editBlock(uint8,uint8,uint256,int8[7]);farmTile(uint8,uint8);getBlocks(uint8,uint8);getDescription(uint8);getElevations();getIlliquidBalance();getLiquidBalance();getMapsize();getOccupies(uint8);getOfferers(uint8,uint8);getOffers(uint8,uint8);getOwners();getSurroundedBy(uint8);getUint8FromByte32(bytes32,uint8);initializeBlockDefinition(uint8,string,int8[24],int8[]);initializeOccupado(uint256,uint256);initializeTiles(uint8,uint8[17]);makeOffer(uint8,uint8);rejectOffer(uint8,uint8,uint8);retractOffer(uint8,uint8);retrieveLiquidBalance()",
0x065bb1d365e221733f736214c3c886d4a92c8745,379099,2015-10-13 19:50,0x4962f6533141e9e12b9e1846ab549c7042a40098,transaction,0xa499cb84834f1484b2f3702fc919e25810066b56b09f4bb6ab39a92002c7882c,1978,exists,other,,,0.034
0x0463631b6e542f77cffe59f8a1e2610683046d78,379170,2015-10-13 20:09,0x4962f6533141e9e12b9e1846ab549c7042a40098,transaction,0xc1766ce7230c94ba0f809f28f404efbc1603ab7aff11ab6297e4cb0e798215ea,1978,exists,other,,,0.034
0x6f99aaabbf825769c056e6a80f4a8c045c62624c,379198,2015-10-13 20:16,0x4962f6533141e9e12b9e1846ab549c7042a40098,transaction,0xd9debbee3e6d5e2acc94c9cefc405f77abc55d5b45f9e7bb16dfb7f6c03ace75,1978,exists,other,,,0.034
0x332428da5be8d55799f09ecfc414961794eafbee,379208,2015-10-13 20:19,0x4962f6533141e9e12b9e1846ab549c7042a40098,transaction,0xd65026d39382a6e79e151d6a914adc0c5765f71d9c8fa37f3825622a446f267a,1056,exists,other,,,0.043
0x1312fd55346f4ced45e0da98cd5ab0dc50a5459f,379920,2015-10-13 23:37,0xcf684dfb8304729355b58315e8019b1aa2ad1bac,transaction,0x61074dce52bfdb8f9d70cb8a067eeeb6a695cdc03133b23e4e2e107f0258ab58,10850,self-destructed,etheria-like,"buyTile(uint8,uint8);makeOffer(uint8,uint8);getOwners();acceptOffer(uint8,uint8,uint8)","acceptOffer(uint8,uint8,uint8);buyTile(uint8,uint8);editBlock(uint8,uint8,uint256,int8[7]);farmTile(uint8,uint8);getBlocks(uint8,uint8);getElevations();getMapsize();getOccupies(uint8);getOfferers(uint8,uint8);getOffers(uint8,uint8);getOwners();getSurroundedBy(uint8);getUint8FromByte32(bytes32,uint8);initializeBlockDefinition(uint8,int8[24],int8[]);initializeOccupado(uint256,uint256);initializeTiles(uint8,uint8[17]);makeOffer(uint8,uint8);rejectOffer(uint8,uint8,uint8);retractOffer(uint8,uint8);retrieveLiquidBalance()",
0x7528f4387319a58afee40e1a91744ae37cc70188,381639,2015-10-14 07:53,0x4fa983bb5e3073a8edb557effeb4f9fb1d60ef86,transaction,0x31df8f7f22ad00e71dd3bcdb9d4762047cdc01a8e225caf746fee43c42e97cce,0,never had code,other,,,0.000
0xa2a0cb1d613f7b1b7d0c885e0a03e4f87241bcab,381651,2015-10-14 07:59,0x4fa983bb5e3073a8edb557effeb4f9fb1d60ef86,transaction,0xe85db0eb1671a9b98d4bbfc45a0cad6ac7ae40f38c61cb3907e3f871fed012c7,0,never had code,other,,,0.000
0xdb0c9ed8b73c5b8ac25c797dbe85b76a03fa3f41,381668,2015-10-14 08:05,0x4fa983bb5e3073a8edb557effeb4f9fb1d60ef86,transaction,0x97909ff3fe03ee291bf33a72b3ce67140ad526703c173b71a758088261ace347,0,never had code,other,,,0.000
0x36bed14952661d01afd209ea23597e250aede802,381669,2015-10-14 08:05,0x4fa983bb5e3073a8edb557effeb4f9fb1d60ef86,transaction,0x788023a670717d4ac1b4e26f802855c7fc2a8016d43aa21eff82cdf464218673,0,never had code,other,,,0.000
0x0f81318a221a400a1958da73102c93027f047a86,381670,2015-10-14 08:05,0x4fa983bb5e3073a8edb557effeb4f9fb1d60ef86,transaction,0x759ba35296e03d5482e2277d8f19e65c211812007ecfae8046b1d40b36faec3f,0,never had code,other,,,0.000
0x44e5c37ec23ba4aefa748b20bfcb50e72e82f1c2,381670,2015-10-14 08:05,0x4fa983bb5e3073a8edb557effeb4f9fb1d60ef86,transaction,0x46e2e8b9759c700927a383adb37137a6d8468d0ff2e1b39cb709990857550456,0,never had code,other,,,0.000
0xfa550e11e603482d06005c91c3766b809e3cd9ec,381676,2015-10-14 08:07,0x4fa983bb5e3073a8edb557effeb4f9fb1d60ef86,transaction,0x0feaca7629975c7f2d3b199bd842de037388dd69deb262bb4e2742f46f3050ba,0,never had code,other,,,0.000
0x190cf16a720f69d1b1ac68e873d9c5b06c1f0f2b,381691,2015-10-14 08:10,0x4fa983bb5e3073a8edb557effeb4f9fb1d60ef86,transaction,0x4bb32548d3b28d8bbdbe969888dff6285a0404bb314b7a8e5d81a61a313781eb,0,never had code,other,,,0.000
0xafc8e369f15a92a438537de3b4a8b2afba75dda9,381795,2015-10-14 08:41,0xd8da6bf26964af9d7eed9e03e53415d37aa96045,transaction,0xdb8d92812b1f7e668bf3fe1e94ae2e6278d9920f25a99a1be12b8fbadb5f7ebb,404,exists,other,,,0.000
0x95d4cf086717577b7168ff535d885fd81a57bf79,381800,2015-10-14 08:43,0xd8da6bf26964af9d7eed9e03e53415d37aa96045,transaction,0xdc176608498b93f07178b87833422691bab3c90cbdc7f7dc574fbd709be07359,404,exists,other,,,0.000
0x1251d13cde439378349f039379e83c2641b6269f,383214,2015-10-14 15:39,0xcf684dfb8304729355b58315e8019b1aa2ad1bac,transaction,0x2a6b43a98078f8f57c964c2eb6f3153307a90987bbfc32f120a004bfc6531804,0,never had code,etheria-like,"makeOffer(uint8,uint8);getOwners();acceptOffer(uint8,uint8,uint8)","acceptOffer(uint8,uint8,uint8);blockHexCoordsValid(int8,int8);editBlock(uint8,uint8,uint256,int8[5]);farmTile(uint8,uint8);getBlocks(uint8,uint8);getElevations();getOfferers(uint8,uint8);getOffers(uint8,uint8);getOwners();getUint8FromByte32(bytes32,uint8);initBlockDef(uint8,int8[3][8],int8[3][]);initOccupado(uint256,uint256);initializeTiles(uint8,uint8[17]);makeOffer(uint8,uint8);rejectOffer(uint8,uint8,uint8);retractOffer(uint8,uint8);touchesAnother(uint8,uint8,int8,int8,int8,int8);wouldFallOutside(int8,int8,int8);wouldOverlap(uint8,uint8,int8,int8,int8,int8)",
0x5ad8505b8167f8874fda74e83855958a14e0288d,383349,2015-10-14 16:21,0x4962f6533141e9e12b9e1846ab549c7042a40098,transaction,0x83f3df067d45d07575cb7e2bfa59c2857517ae47253a51ed20a2ab75518c8452,2139,exists,other,,,0.046
0x51b6b4f5b270fa093198a984c3fce5ea607a94e7,383422,2015-10-14 16:44,0x70e3e34c0100b1e05700fa699183c82af7a25ba0,transaction,0xa293ed3b440921ffd8a969555c5aa42c0074c1d479f31aef7f44addb2050dd22,49,exists,other,,,0.000
0x7f1d234e281ff8421b2b0650a9b8f85b5d73bd59,383438,2015-10-14 16:52,0x547771709ac724bea2710db1fdc83a890cc1b84d,transaction,0xae754f9a405041454c11c774043684b0753d09736c5b3a6ad340dcf1989f8ba4,49,self-destructed,other,,,0.000
0x5067247f2214dca445bfb213277b5f19711e309f,383448,2015-10-14 16:54,0x319113677b0fd4b5c273e61c259b13f2db13a5d4,transaction,0xa78047fbba9317fdd8b2689d4e6d17c32f328d5ef7672f0b4b0b3900dd43aabc,2082,exists,other,,,0.047
0x513d9cfdf8c3f7c08006a4828e9319bafff2e556,383605,2015-10-14 17:40,0xf428a9edfcf3aec859174843efd919642083800a,transaction,0xffeeda44b3b1be4a6febdbe2ada606c26af2129039b9882727a4aed80d0d721f,49,exists,other,,,0.000
0x12c814cebee6bb08a5d1b9d009332bf8b536d645,383672,2015-10-14 17:58,0xcf684dfb8304729355b58315e8019b1aa2ad1bac,transaction,0xdebf35ca4163b311b68b8fe8348459cfeb39ca2ed4c5374d26a707d5b1fc9aa1,0,never had code,etheria-like,"makeOffer(uint8,uint8);getOwners();acceptOffer(uint8,uint8,uint8)","acceptOffer(uint8,uint8,uint8);blockHexCoordsValid(int8,int8);editBlock(uint8,uint8,uint256,int8[5]);farmTile(uint8,uint8);getBlocks(uint8,uint8);getElevations();getOfferers(uint8,uint8);getOffers(uint8,uint8);getOwners();getUint8FromByte32(bytes32,uint8);initBlockDef(uint8,int8[3][8],int8[3][]);initOccupado(uint256,uint256);initializeTiles(uint8,uint8[17]);makeOffer(uint8,uint8);rejectOffer(uint8,uint8,uint8);retractOffer(uint8,uint8);touchesAndAvoidsOverlap(uint8,uint8,int8,int8,int8,int8);wouldFallOutside(int8,int8,int8)",
0x0148368e9efd8d6a5dd56134cd2b3f941e10d953,383700,2015-10-14 18:08,0xcf684dfb8304729355b58315e8019b1aa2ad1bac,transaction,0x3a2d2a923263d92a7dbdb1c6048faa9213afac78ae5259f6a6be15ea6456b0af,11469,exists,etheria-like,"makeOffer(uint8,uint8);getOwners();acceptOffer(uint8,uint8,uint8)","acceptOffer(uint8,uint8,uint8);blockHexCoordsValid(int8,int8);editBlock(uint8,uint8,uint256,int8[5]);farmTile(uint8,uint8);getBlocks(uint8,uint8);getElevations();getOfferers(uint8,uint8);getOffers(uint8,uint8);getOwners();getUint8FromByte32(bytes32,uint8);initBlockDef(uint8,int8[3][8],int8[3][]);initOccupado(uint256,uint256);initializeTiles(uint8,uint8[17]);makeOffer(uint8,uint8);rejectOffer(uint8,uint8,uint8);retractOffer(uint8,uint8);touchesAndAvoidsOverlap(uint8,uint8,int8,int8,int8,int8);wouldFallOutside(int8,int8,int8)",
0x04a163c9e3cadc6341ac0340403b42c83e384832,383745,2015-10-14 18:21,0x1637cff44673167db81c6f95ecd94f876df855a9,transaction,0xb096d42344cc094b75ffe2f026c2144ed523863261100ac55d9e839188836b22,49,exists,other,,,0.000
0xaf758ade7ac1752172169459e046c386f044bcaa,383773,2015-10-14 18:29,0x88991bb9bf4f74b78c42b1bd70b5bd91ee23f08c,transaction,0x6a2fb54ca5a4db1f66f05c553e0e3a688f7a2647d92e989a41d8352edaefe2d6,49,exists,other,,,0.000
0xce4484b6d988a27ec9da967f84320c89194dd56b,383782,2015-10-14 18:30,0x88991bb9bf4f74b78c42b1bd70b5bd91ee23f08c,transaction,0xeb9c9b5e4f3d5c97abda62126ff3ab736ac9d0c3385e89510b631037d41a9dc6,49,exists,other,,,0.000
0x285b28d0c11c5bd3a039f3c26c887e2f8f177dc6,383827,2015-10-14 18:42,0xd12e0ecc7d872f9075690d7599324656456bdb39,transaction,0xd95b213ac237b85331e116fa0b53ddcb45dc886444f16b62e70d10ad502046b5,49,exists,other,,,0.000
0xbf871ee17553ca56382a0dda5256760a0a979e62,383835,2015-10-14 18:43,0xcda0ad7542e30bf520652a05056ebe0105c7e49a,transaction,0x3b0b6588bafefb9bf748f0d9639b9d4f702067fb4e551bb3bc290b1a7474bcb5,49,exists,other,,,0.000
0x2caa3e6931413fba516a377a43cadd94e197bbfa,383845,2015-10-14 18:46,0x9b22a80d5c7b3374a05b446081f97d0a34079e7f,transaction,0x7b074552159dca2db37d2ef8fc9d2a5cd9e5d4ce86680c7a49a864fc13f31d1c,49,exists,other,,,0.000
0x901b5ce45f7518dadd7cab8c925faa684cc67859,383992,2015-10-14 19:28,0x9b22a80d5c7b3374a05b446081f97d0a34079e7f,transaction,0xf0f4d5d5f9237666b5895e56f357a8f59c81731998aa367f3c1707b6f653ef59,49,exists,other,,,0.000
0xdf2ac0fe2371dc31fbbf9a75e01325a169453c32,384014,2015-10-14 19:34,0xcf684dfb8304729355b58315e8019b1aa2ad1bac,transaction,0x34eae170592b98fed61401c009d57324057324613aaebe05af75bf747833bb22,405,exists,helper,,"blockHexCoordsValid(int8,int8)",
0x4ee2cbdc7dcda551b60ac2b12d14d71bad580501,384016,2015-10-14 19:35,0x9b22a80d5c7b3374a05b446081f97d0a34079e7f,transaction,0xa8d9505650fb3d70ec2ab7bb40a2bb7aa73ea29adf985bb3b1aae0fb9d9ab938,49,exists,other,,,0.000
0x2d7a9d8d3c88836aec94162c0cf017f10073284e,384039,2015-10-14 19:44,0x9b22a80d5c7b3374a05b446081f97d0a34079e7f,transaction,0x38c39fee286d12c2d17d6798f5c8d072e5521189ce822d9aa0e53a8e782c3f61,49,exists,other,,,0.000
0x35959b30e28c2bb6f66f3d6211e8b6c98f0f9f73,384058,2015-10-14 19:49,0xd9278954d1b60ee7844d8e9630dd4234afbebe5a,transaction,0x02d24a7cd351e4c5c7fd093d5a8ecc89b2de7852e1c3e13e8f99697706c1cd28,2315,self-destructed,other,,,0.014
0x080266b68239066f2e37bb5a37d11be001a9b481,384076,2015-10-14 19:53,0x37d60138e7bdf663fff738b1993515d7500968b0,transaction,0x7d1c1f6658a221439fce18654f772f7a93764be0773ba94f76879feb1b5f04ec,49,exists,other,,,0.000
0x7745d464c03c0702530977f31f7b8202801f9326,384086,2015-10-14 19:56,0x9b22a80d5c7b3374a05b446081f97d0a34079e7f,transaction,0xc0a8181db143ec27bba43fa5d96f1b98108d3d8c667bd1c839d05e4b8f6330a9,49,exists,other,,,0.000
0xc66b140d3e8c079765ce19ba4e3f69ef480ef95d,384123,2015-10-14 20:06,0x9b22a80d5c7b3374a05b446081f97d0a34079e7f,transaction,0x652d338b2a0a237e042ddd59637b0f2835dbd9e4137a4304724ba24042bf45d5,49,exists,other,,,0.000
0x81e4c09f8d140521e2265b42d99fc2fb868a5b14,384146,2015-10-14 20:14,0xd12e0ecc7d872f9075690d7599324656456bdb39,transaction,0xee8e71cf9119dca1494a4898bb3c24f6f82494d019b5d3c9cb8b5caae8a3e909,49,exists,other,,,0.000
0xe33939da184cf91692d1e0c13a2a6d356735039a,384161,2015-10-14 20:18,0x9b22a80d5c7b3374a05b446081f97d0a34079e7f,transaction,0x68125ea0678eae17f49abf5ba03ca1fc5ef1e7d15d169988244ae2a89623be2d,49,exists,other,,,0.000
0x23f20b5b6f3768ea6a4cd8c997cd8c62bc3d7145,384194,2015-10-14 20:26,0x9b22a80d5c7b3374a05b446081f97d0a34079e7f,transaction,0x16f4cfefec6bf9a54ad33c989509ffeef71b57015fcd56872e44d4786c457a8b,49,exists,other,,,0.000
0x472bdac67ffe27e6a69c621401883875b78c0687,384197,2015-10-14 20:27,0xd12e0ecc7d872f9075690d7599324656456bdb39,transaction,0x38c5e68d733eb68b9371b476dc7f917231c018cbebd8cb49181afcb4e2407d28,0,never had code,other,,,0.000
0x5f998ac296bbb3891b1799aa143ca1615a1347e2,384197,2015-10-14 20:27,0x9b22a80d5c7b3374a05b446081f97d0a34079e7f,transaction,0x9388d011386a4f57e8502c6a4d02fc0655d74b5fb95e4690eceae23b7a59e0e2,49,exists,other,,,0.000
0x6e6012f66e8d0e374b1a9fd7e95c5f1dece95640,384214,2015-10-14 20:33,0xcf684dfb8304729355b58315e8019b1aa2ad1bac,transaction,0x04058a3614b8f4f8628908062db38780639c41f1ad1803ecf3b215a1ee347176,393,exists,helper,,"blockHexCoordsValid(int8,int8)",
0x03131e9dc0d42f57c92c3ae39e79a9abac75d9bb,384276,2015-10-14 20:53,0x44187d93d6e0458be14958e718338111ac306ce6,transaction,0x3c5057371c056a00bece785c69f9f89eb2a75cfa27fdecff7734dfc40bc6e3e2,49,exists,other,,,0.000
0x18b84dfffa22fc3bf502cc46ac64d13306df4d41,384285,2015-10-14 20:56,0xcf684dfb8304729355b58315e8019b1aa2ad1bac,transaction,0xa7aaaf185a73b641072bffe4fd4340b82fd73a66ec14c9f8e868cd5f63e29c18,408,exists,helper,,"blockHexCoordsValid(int8,int8)",
0xc5d3720a24613f1a1911b2e4573244a94d154a3f,384311,2015-10-14 21:04,0xcf684dfb8304729355b58315e8019b1aa2ad1bac,transaction,0x751c6afa8a1974a0989f4178bc72a1b6381e45b93c8048d4a9276505ee0d0f7d,230,self-destructed,other,,,
0xabf7fca19c168f809512ddd88293619402699ad1,384335,2015-10-14 21:12,0x9b22a80d5c7b3374a05b446081f97d0a34079e7f,transaction,0x1bd1fb620ad5c63892ec3d2d19d43468ee5c5a343fa50d4ecdeecd78a143bbc3,49,exists,other,,,0.000
0x79d51aa00c1996e8b21933444d28744f05da2a7b,384356,2015-10-14 21:19,0xcf684dfb8304729355b58315e8019b1aa2ad1bac,transaction,0x33a55b77129b58e3972717d9a0f9a5d525e55903453c99bd67a1bd20540579cd,227,self-destructed,other,,,
0x77ce137a5fc6741ced087788ffc0603cea8af5a6,384378,2015-10-14 21:26,0xcf684dfb8304729355b58315e8019b1aa2ad1bac,transaction,0xaef1454f9fae5df32533d77f28db61904da693c3b954ceff5b67550b5de59ce2,227,self-destructed,other,,,
0x4e96c7985c2f260ae9fdd12fd7f78364f16af2ce,384392,2015-10-14 21:30,0x1e2631ef677de0d2a212202150274b9cd330f5f5,transaction,0x61e8bdfea7cc281f34d27556396fc5a28cd8b8fce2243e7739c8fb4d5fb4d564,49,exists,other,,,0.000
0xf22f7d4ce9a3b53b42deb600642f9a23d49fd058,384392,2015-10-14 21:30,0x9b22a80d5c7b3374a05b446081f97d0a34079e7f,transaction,0xbc53a045aece94323e7d9c90514a834061d0707b4e6d3164aef4d55970e8a0c8,49,exists,other,,,0.000
0xf20c9fa34847f6bc42b2f60014268bec65676af7,384438,2015-10-14 21:41,0xcf684dfb8304729355b58315e8019b1aa2ad1bac,transaction,0xc8336fe6bbb486c2ff80f755f06260e61486667044ee61b52a6a468dca1c7ba4,522,exists,helper,,"blockHexCoordsValid(int8,int8);getUint8FromByte32(bytes32,uint8)",
0x4adad562dd70b748cb69e8dea63995bd6ee4affb,384440,2015-10-14 21:42,0x9b22a80d5c7b3374a05b446081f97d0a34079e7f,transaction,0xba783a075725fc723fa1e9ebcb1772cbe66faf4106f79159e7c9c60ae2a1385a,49,exists,other,,,0.000
0x55e3091772e1bd12576dcf2142d0dd5264387668,384449,2015-10-14 21:44,0xcf684dfb8304729355b58315e8019b1aa2ad1bac,transaction,0xc0a65ede3ca1a4572a09251f5ad1054af40cd4c7a5750fe5240609c28752a918,492,self-destructed,helper,,"blockHexCoordsValid(int8,int8);getUint8FromByte32(bytes32,uint8)",
0x68e21242d4f4d419cf9304c1d9105c0c11213dfb,384458,2015-10-14 21:47,0x2d5d7335acb0362b47dfa3a8a4d3f5949544d380,transaction,0x89c46564662d5244fa95431b2798d349d1eeb13be2a100cc72efbf909d8b408e,49,exists,other,,,0.000
0x51facde6a08d439b1e862bfe7b9e50ea0886444d,384470,2015-10-14 21:50,0xcf684dfb8304729355b58315e8019b1aa2ad1bac,transaction,0xd925b15040c48dd68532c01f31d55fd93d40c080c13f7df31d30a4b685a4efb1,451,self-destructed,helper,,"blockHexCoordsValid(int8,int8);getUint8FromByte32(bytes32,uint8)",
0xbb6279dd15b719af30356b6ce1411b00f047ae9d,384493,2015-10-14 21:56,0x9b22a80d5c7b3374a05b446081f97d0a34079e7f,transaction,0x1fd1b2f01af52933b6f15efbda70349f968d7c4e927621a080a2611002fe4eff,49,exists,other,,,0.000
0xbf5871e7a58de0b8949dbb3d29fae7408187c65e,384719,2015-10-14 23:05,0xa14cf6cec1c6aae4b608458f6e14692863a937aa,transaction,0x404781d38e91cbb1a7d93379ae5bb00c02c931b34252c338fa48eb742a81f2eb,49,exists,other,,,0.000
0xe291a9e17fd310b860f665dbdd8375144bdd6ecd,384719,2015-10-14 23:05,0x1d118f04b63d423fbd257ff79218f1a16711c4da,transaction,0x94ee12b00f0a8dae6551beadddbb003725f148a0c701ec5ac106caad637f003e,49,self-destructed,other,,,0.000
0xac4df82fe37ea2187bc8c011a23d743b4f39019a,384752,2015-10-14 23:13,0x1b63142628311395ceafeea5667e7c9026c862ca,transaction,0x8ac9cb3da41aaf626bfac5468eaa783f19788143f256780c93784783a3b9396d,49,exists,other,,,0.000
0xfe367fca1cfef9b82ec472617e5b01150e7b464d,384758,2015-10-14 23:15,0x739fa49d5bef0c54c189d66f5feec9280d8a5030,transaction,0x88236dd51242f2aaae28f7c5087ffdb9a3ce80c1ec88e21cf37a29a3aff15cba,49,exists,other,,,0.000
0xa11ce0f61a1abc662bc1380e221c177ffe4126c0,384785,2015-10-14 23:22,0x1b63142628311395ceafeea5667e7c9026c862ca,transaction,0x8705bbe23c89557439a9b8fafc24ac5d5efe5770e3f532562ec4dc6127f38acb,0,never had code,other,,,0.000
0x9dfb24cf9ef6b885a7d130b5a92002985954b8e6,384842,2015-10-14 23:37,0x739fa49d5bef0c54c189d66f5feec9280d8a5030,transaction,0x017b1b5a7202eab3aebed2926c316aeeb87840cfad593895cec8dd29edf863ab,49,exists,other,,,0.000
0xc833e49ac9d0315778d616cbb583a8b1b3bf2d73,384935,2015-10-15 00:05,0x1d118f04b63d423fbd257ff79218f1a16711c4da,transaction,0x16005f34d6bb5fed90f3e9174320b3f1f6589f17ca534534e453661eb70e117d,49,self-destructed,other,,,0.000
0x3a360d9e2919714547623e4bc9504242b816d2d8,385025,2015-10-15 00:32,0x6b6cf718e57963fab93d673f0c4169b1e193a9e0,transaction,0x0ac56f25e629f4cbd9985a26844f2d912d00a52f9f410e9b6ff4d30700104671,49,exists,other,,,0.000
0x54dcd97a77d12fb42a9ef839a3cdba0c1e92841a,385135,2015-10-15 01:05,0x6b6cf718e57963fab93d673f0c4169b1e193a9e0,transaction,0x7c1a9976312486672e31447a8de7e005dbb255fd47b98017bebb47fac487dc49,49,exists,other,,,0.000
0x0c6337b6b209b3fb1f87c0af5ac2a279705193bc,385274,2015-10-15 01:45,0x36d0d6d4ab3dab9325b5ba888c406dade812e1c2,transaction,0x32e788383ecddd7a352218b617f40f8a7cead53731ead63a64ac385b29c4f831,49,exists,other,,,0.000
0x8ca6fad983a84fa2f2a20ed0206ac8fbc96ebeb2,385415,2015-10-15 02:26,0x5eba44ad59c1f53607f971cd1d4e05025e9c3154,transaction,0xf5eb8b2a3bfe74c9b590b9e9e6385be197f6c902285e26ad0b0fe18321ab45ff,49,exists,other,,,0.000
0x0b8f1045e74e2a1d5a6ca47c50eb8609a010a1c8,385686,2015-10-15 03:48,0x9d7c05bb8fecd64c78805d1353ec99d748442674,transaction,0xa75d668d7ff5169c8f4280bbf8aad9c9b53b8ef0bbdbc1e7ff9b3fafa0258656,1648,exists,other,,,0.042
0xcf1eecf5929c151427dc3662a28353266ea3f9e6,385709,2015-10-15 03:55,0xcf684dfb8304729355b58315e8019b1aa2ad1bac,transaction,0x5a06f61ef86fed6da914abbbc243e5a105e2290598ffa5be7aea0d68fe3f45dd,10705,exists,etheria-like,"makeOffer(uint8,uint8);getOwners();acceptOffer(uint8,uint8,uint8)","acceptOffer(uint8,uint8,uint8);editBlock(uint8,uint8,uint256,int8[5]);farmTile(uint8,uint8);getBlocks(uint8,uint8);getElevations();getOfferers(uint8,uint8);getOffers(uint8,uint8);getOwners();initBlockDef(uint8,int8[3][8],int8[3][]);initElevations(uint8,uint8[17]);makeOffer(uint8,uint8);rejectOffer(uint8,uint8,uint8);retractOffer(uint8,uint8);setInitializer(address)",
0x217b8b16a3f3e28ce844db8b1ae6771eca3366db,385727,2015-10-15 04:01,0x9d7c05bb8fecd64c78805d1353ec99d748442674,transaction,0x4f9de6381297c153062ccce57ec0406a35a41599543204753841e485c71ea2ee,1648,exists,other,,,0.042
0xc40c3fda1dfe0e51412b3a45dc43fd41ebf56998,385974,2015-10-15 05:08,0xcf684dfb8304729355b58315e8019b1aa2ad1bac,transaction,0x6dbbab2dfd97d57e8eba639fc4bc945585c86e1a4dcc3d334a96096ebdf7f053,10852,self-destructed,etheria-like,"makeOffer(uint8,uint8);getOwners();acceptOffer(uint8,uint8,uint8)","acceptOffer(uint8,uint8,uint8);editBlock(uint8,uint8,uint256,int8[5]);farmTile(uint8,uint8);getBlocks(uint8,uint8);getElevations();getOfferers(uint8,uint8);getOffers(uint8,uint8);getOwners();getUint8FromByte32(bytes32,uint8);initBlockDef(uint8,int8[3][8],int8[3][]);initElevations(uint8,uint8[17]);makeOffer(uint8,uint8);rejectOffer(uint8,uint8,uint8);retractOffer(uint8,uint8);setInitializer(address)",
0xde0c43c0814df362183efaae0a23a43ff97a70ea,386167,2015-10-15 06:06,0x9d7c05bb8fecd64c78805d1353ec99d748442674,transaction,0x70bdd8a1cfa0ad98e0c4573207342718b027173658a138a2aeffa1683b2d6b39,1648,exists,other,,,0.042
0xa3440ba9a34cf77885fd75f25bb9c99bb2f0f634,386191,2015-10-15 06:15,0x9d7c05bb8fecd64c78805d1353ec99d748442674,transaction,0xd8361e526e23949836feb5f2d11d1562cfe7d59477555983f3c9615462601c1f,1648,exists,other,,,0.042
0x8fb5227e53ef06090e4405ba32aebe199c72759c,386192,2015-10-15 06:16,0x9d7c05bb8fecd64c78805d1353ec99d748442674,transaction,0xb4171ba95fb8949d53d9fe9d0a32bc0d16f6639018110ea4bcf69679e2e740e2,1648,exists,other,,,0.042
0xe7878bbe7ec802f298380866377edbb3044d8029,386221,2015-10-15 06:28,0x9d7c05bb8fecd64c78805d1353ec99d748442674,transaction,0xc56227a62dc140ca4df50469c017ec463e7ab1f75909ac500a278798cc33cd40,1648,exists,other,,,0.042
0xf09e3e3ea42a90b90521551e2162e1a537619937,386230,2015-10-15 06:31,0x9d7c05bb8fecd64c78805d1353ec99d748442674,transaction,0x61f01c8832646d139094694c828a1b674e76422ac7d9930a0b5faa2524ebe885,1648,exists,other,,,0.042
0x031d82e1855bf539eb78fc4f0b161fb2ff7ff681,386254,2015-10-15 06:37,0x9d7c05bb8fecd64c78805d1353ec99d748442674,transaction,0x1d7e8b9b2bcb3792a2af11ad3a5b59dba5456049e7fab3105e51d417ba7c6771,1648,exists,other,,,0.042
0xf505915256618494b9c25598f4d4435663a7f9f0,386287,2015-10-15 06:48,0x9d7c05bb8fecd64c78805d1353ec99d748442674,transaction,0x4ed975e83d51b8eb8c9392819c62c7197662c087e34999b97bdc1709cb791a03,1648,exists,other,,,0.042
0x2aab7dd76ec67e363435093a2687803f40951c6b,386297,2015-10-15 06:52,0x9d7c05bb8fecd64c78805d1353ec99d748442674,transaction,0x0f41982cb4d1b4eedb70feaeca3361f12b2d421ea75408748746c812087d783d,1648,exists,other,,,0.042
0x7b934a2bfa86b48816801bb5bf0ab1eba7528eb9,386323,2015-10-15 07:01,0x9d7c05bb8fecd64c78805d1353ec99d748442674,transaction,0xfe30fc8c5a2624becdd9469786b22a8b07cea4f413d8ae97098e4ba4ac018d50,1648,exists,other,,,0.042
0x6235b547d29d674fba3b6f400066b4f4434056f0,386328,2015-10-15 07:03,0x9d7c05bb8fecd64c78805d1353ec99d748442674,transaction,0xeaee603ec5dcd6b5e066ae7705d01e09e66991de74f17ef9c5219f26e04f58d2,1648,exists,other,,,0.042
0xa36dcbd8877c08dc245ca08577368ef87a0c917e,386361,2015-10-15 07:11,0x9d7c05bb8fecd64c78805d1353ec99d748442674,transaction,0x5f25a7e1c31ec7fad9c9292c360b597a4413e74caa1b93fca60c6a23b23c685e,1648,exists,other,,,0.042
0xdcf421d093428b096ca501a7cd1a740855a7976f,386604,2015-10-15 08:21,0x8674c218f0351a62c3ba78c34fd2182a93da94e2,transaction,0x9453743f713963edb02e9813b478fc8144e840321440feb09b4e22cfe5fad3bb,5138,exists,other,,,0.056
0xa8637b2df8ca339818314b7def756ed19ae4d5e3,386732,2015-10-15 08:59,0x8674c218f0351a62c3ba78c34fd2182a93da94e2,transaction,0x6cb0b4d129b7642b8e719887137598fa528af3eedd039ea42b4b93ed2070a72d,5267,exists,other,,,0.056
0xa72cd306bd6bc58922dcfed48cb1474f323860a9,386816,2015-10-15 09:29,0x3be2b68667a17ce11da11a044a29371528b45f66,transaction,0xb89e8434763ab539006ccb6fbf2c709ca74d18c635ee95e84619794a27210c29,49,exists,other,,,0.000
0x523c43c44671e34c1e7a9a619420b191fb009db1,386934,2015-10-15 10:05,0x8674c218f0351a62c3ba78c34fd2182a93da94e2,transaction,0xad84f6b090de77e347a13c78f5fed1c04a3b2834ce78af50a9e76bff36a6c369,266,exists,other,,,0.007
0x7ff1fa4c4bb95760dda000b5856bc22db681e989,386942,2015-10-15 10:07,0x8674c218f0351a62c3ba78c34fd2182a93da94e2,transaction,0x41acb354265a7770090153d41c0e3fc35633de712b6ec0984faf8aa7fe294898,230,exists,other,,,0.007
0xc48d9595221e591bf7a785591f928b6df08fee7a,386967,2015-10-15 10:13,0x8674c218f0351a62c3ba78c34fd2182a93da94e2,transaction,0x257dabfedeab729c768e09f00ded3974f11c78a21b1e9cb9ce666b7b0f581ba4,2612,exists,other,,,0.034
0x07f1d608c18dc12e6ee4487be4d01571315dbef1,387005,2015-10-15 10:21,0x8674c218f0351a62c3ba78c34fd2182a93da94e2,transaction,0xd806cde1b9bacbb7b3b689bdbce9b97dbb1df754ddeb8be708739edea1ff24c0,5234,exists,other,,,0.056
0x329e2382db65ef312ca68a6c8ef549e68d051e06,387031,2015-10-15 10:29,0x7e144d0e4e1b3402cfa7473a0bd1076c9683af6f,transaction,0x142d25741e07c952acd231ca6848dee2f799dbb77bc144b131b21848b4c8250b,49,exists,other,,,0.000
0x5de536980895e1f1664445d87cec98b646eb8823,387032,2015-10-15 10:30,0x9b22a80d5c7b3374a05b446081f97d0a34079e7f,transaction,0x62dd6102913e391c150e44642e5a932cb729326b22d5d062151e39639e17a75d,49,exists,other,,,0.000
0x91b876c8614495fb9272a95edecc92938e5e2da6,387037,2015-10-15 10:31,0x8674c218f0351a62c3ba78c34fd2182a93da94e2,transaction,0xbd8760cbab050f292a22b46a5d4f3192b76b552e8c3131053e6499a910dc8771,5234,exists,other,,,0.056
0x297821c3643113946b4fa3bdd8dee49a646032d1,387045,2015-10-15 10:34,0x9b22a80d5c7b3374a05b446081f97d0a34079e7f,transaction,0xa68222b6e0d5718e020fb7f118481b378ceebe9f4cd6f5d6085fe7c390d8c866,49,exists,other,,,0.000
0x589f789f8d66285b7903622aa5163ed54d623193,387065,2015-10-15 10:40,0x9b22a80d5c7b3374a05b446081f97d0a34079e7f,transaction,0x0ab856aebaefceac0b7a2945212b2d8f6257f11f010c931a6958d3d083a54c48,49,exists,other,,,0.000
0x7b9b44c92d78f7bd392c05721e5ffcb4edbec844,387104,2015-10-15 10:49,0x9b22a80d5c7b3374a05b446081f97d0a34079e7f,transaction,0xf6a9e8a8f3f9858cda113a0a6455046ff0de1b319bfaf9664838fc3828bbbbd2,49,exists,other,,,0.000
0x433b891eee2794693051940aed9cf6307f4ea9b7,387114,2015-10-15 10:52,0x9b22a80d5c7b3374a05b446081f97d0a34079e7f,transaction,0x8188ad5c0f900113953ca9d43e65aa2846b4219e92dccbcd109822fe34bf1d44,49,exists,other,,,0.000
0x81bc400b2c7faea888313eab623633f77844dc18,387150,2015-10-15 11:03,0x9b22a80d5c7b3374a05b446081f97d0a34079e7f,transaction,0x2ea80d646605ffe3853b15d360390ff8b71b08ebb90cc2c904c75d67e3076a9c,49,exists,other,,,0.000
0x9586b2bb262a1ed329b97dadfe3e3355d3e84acc,387160,2015-10-15 11:05,0x9b22a80d5c7b3374a05b446081f97d0a34079e7f,transaction,0xbcedb0b97be64641203308be858237cfffee1d8ac1de16f02d051b34db49b394,49,exists,other,,,0.000
0x680a79579b69df391a4d23a7ba219b4d020736dc,387182,2015-10-15 11:12,0xe62f98650712eb158753d82972b8e99ca3f61877,transaction,0x6cfccb598ddd274587f86cc87f91dc91811ae10676532992e99f48c5c2546024,49,exists,other,,,0.000
0x4b94fb373ec3a87f79f6de32ad730806020c94f1,387254,2015-10-15 11:31,0xe96e2d3813efd1165f12f602f97f4a62909d3c66,transaction,0x3e76cf0150394f90977b2f3658471dcbca2fdf09e848442ab6bd06db26205fc8,49,exists,other,,,0.000
0x72c39a1286deaffbc3058cea4f9598bf0f2f6cf6,387347,2015-10-15 12:02,0xddbddd1bbd38ffade0305d30f02028d92e9f3aa8,transaction,0x5aea6bea4e09256b86ec21fb96270d988cdc2001312ed3c41bd2bbf1d783dcdb,49,exists,other,,,0.000
0x2a31114378a3093d29aa387bfe3829d9f1f4c2a8,387373,2015-10-15 12:13,0xf4a218e9c4bacb13c931744df6c9e848f1b0dd15,transaction,0xe46aa797fb0cb4470fa93998d71ebd6305107b1750f8c2ea9653c278ff860b34,49,exists,other,,,0.000
0x058c1ab1a7feb2868d0ad3474b7b4fbca84b9e83,387449,2015-10-15 12:34,0xddbddd1bbd38ffade0305d30f02028d92e9f3aa8,transaction,0x18b006604ba23b15e8b9ac629b52241edc62aed7119a43e7671e7abf3077ca32,0,never had code,other,,,0.000
0xf75e354c5edc8efed9b59ee9f67a80845ade7d0c,387601,2015-10-15 13:16,0x1b63142628311395ceafeea5667e7c9026c862ca,transaction,0x36a99ab59758a7878efbdbe5656bdaf18f1633ce13f958729a10e92d3d4380f3,49,exists,other,,,0.000
0x8d34be8d9a9834784e9f23be71415a22d3f58075,387619,2015-10-15 13:22,0x1b63142628311395ceafeea5667e7c9026c862ca,transaction,0x18800d9d5a503b00ca10f1fe89ab7e392460476108ea9624b07c1d8284b8f9fb,0,never had code,other,,,0.000
0x80d2fe61259d58244ec154157c91100b0d644a9c,387954,2015-10-15 14:59,0xcf684dfb8304729355b58315e8019b1aa2ad1bac,transaction,0x73e49347bf5623f8fc45a2bf12cb6f0838a12bc9609ef0155d8a64db1c879797,11348,self-destructed,etheria-like,"makeOffer(uint8,uint8);getOwners();acceptOffer(uint8,uint8,uint8)","acceptOffer(uint8,uint8,uint8);editBlock(uint8,uint8,uint256,int8[5]);farmTile(uint8,uint8);getBlocks(uint8,uint8);getElevations();getOfferers(uint8,uint8);getOffers(uint8,uint8);getOwners();getUint8FromByte32(bytes32,uint8);getWhatHappened();initBlockDef(uint8,int8[3][8],int8[3][]);initElevations(uint8,uint8[17]);makeOffer(uint8,uint8);rejectOffer(uint8,uint8,uint8);retractOffer(uint8,uint8);setInitializer(address)",
0x8dc6fcaa59794e7e815bad3c9682fbb7d4b1561e,387981,2015-10-15 15:04,0xcf684dfb8304729355b58315e8019b1aa2ad1bac,transaction,0xc0b6068fcc1707b6100924f8208b8fc6ebfffb6e873bc2e4237aec2bffab888a,10963,self-destructed,etheria-like,"makeOffer(uint8,uint8);getOwners();acceptOffer(uint8,uint8,uint8)","acceptOffer(uint8,uint8,uint8);editBlock(uint8,uint8,uint256,int8[5]);farmTile(uint8,uint8);getBlocks(uint8,uint8);getElevations();getOfferers(uint8,uint8);getOffers(uint8,uint8);getOwners();getUint8FromByte32(bytes32,uint8);getWhatHappened();initBlockDef(uint8,int8[3][8],int8[3][]);initElevations(uint8,uint8[17]);makeOffer(uint8,uint8);rejectOffer(uint8,uint8,uint8);retractOffer(uint8,uint8);setInitializer(address)",
0x166c65ebf9c4d70fe96333c882dcaffe32db1a55,388050,2015-10-15 15:23,0xcf684dfb8304729355b58315e8019b1aa2ad1bac,transaction,0xb02c180390e2364e1d6e76f6b0e2849407e12d690f89f01c1156eac2b73a3200,10963,self-destructed,etheria-like,"makeOffer(uint8,uint8);getOwners();acceptOffer(uint8,uint8,uint8)","acceptOffer(uint8,uint8,uint8);editBlock(uint8,uint8,uint256,int8[5]);farmTile(uint8,uint8);getBlocks(uint8,uint8);getElevations();getOfferers(uint8,uint8);getOffers(uint8,uint8);getOwners();getUint8FromByte32(bytes32,uint8);getWhatHappened();initBlockDef(uint8,int8[3][8],int8[3][]);initElevations(uint8,uint8[17]);makeOffer(uint8,uint8);rejectOffer(uint8,uint8,uint8);retractOffer(uint8,uint8);setInitializer(address)",
0x33921ef3eeffb23d68802e43e8110ab6c2fff774,388059,2015-10-15 15:27,0x58a86d6c80e364bf064f9d3e08c1888b378e68d8,transaction,0x1c730f0b20404c390c0c41813d98bf24f1749c802af24069c2b94e667c3517a2,49,exists,other,,,0.000
0xae3ca36860ed15202e0ff5b3dae1d610eb46d16d,388080,2015-10-15 15:34,0x154230ed91d1e711e56b9c0f88b5ba5fd2b0503f,transaction,0xeb397d5d0acf2a78c8d0aa7e5d9e954e1997cd35cc4d3b71e8a5b5ac8c3b985d,49,exists,other,,,0.000
0xbec795614eda3b5ccd2e32070b4ace745ce801c4,388092,2015-10-15 15:38,0xe2da19932b094bd66189be78925977342d0832da,transaction,0xa4f5958b0f8e512c695a5307d43e104d08aa47b5a148bffcdfecbf9efd7c9cb6,49,exists,other,,,0.000
0xe0bddbf9d8197d64b8ff39b47280353411012f49,388136,2015-10-15 15:48,0xcf684dfb8304729355b58315e8019b1aa2ad1bac,transaction,0x47238dadc7fe0c71530c9d063a9063698e703a1f0f09995d58899fad21c80a8f,10258,self-destructed,etheria-like,"makeOffer(uint8,uint8);getOwners();acceptOffer(uint8,uint8,uint8)","acceptOffer(uint8,uint8,uint8);editBlock(uint8,uint8,uint256,int8[5]);farmTile(uint8,uint8);getBlocks(uint8,uint8);getElevations();getOfferers(uint8,uint8);getOffers(uint8,uint8);getOwners();getUint8FromByte32(bytes32,uint8);getWhatHappened();initBlockDef(uint8,int8[3][8],int8[3][]);initElevations(uint8,uint8[17]);makeOffer(uint8,uint8);rejectOffer(uint8,uint8,uint8);retractOffer(uint8,uint8);setInitializer(address)",
0xed6523382d41982604b845e5b94dd7fa0060198d,388173,2015-10-15 15:59,0xd9278954d1b60ee7844d8e9630dd4234afbebe5a,transaction,0x3c69c6b1ed5bc18b10c993921c442929bc832f6de3e8e61baee2e135a35b18c5,2354,self-destructed,other,,,0.014
0x3687cd4de264c46aa2323965e6d0d667bd2fae48,388186,2015-10-15 16:03,0xcf684dfb8304729355b58315e8019b1aa2ad1bac,transaction,0xf9b402acade5ce9701bab95aeb626052367fd8a137d1a78e950b2863a1675147,9837,self-destructed,etheria-like,"makeOffer(uint8,uint8);getOwners();acceptOffer(uint8,uint8,uint8)","acceptOffer(uint8,uint8,uint8);editBlock(uint8,uint8,uint256,int8[5]);farmTile(uint8,uint8);getBlocks(uint8,uint8);getElevations();getOfferers(uint8,uint8);getOffers(uint8,uint8);getOwners();getUint8FromByte32(bytes32,uint8);getWhatHappened();initBlockDef(uint8,int8[3][8],int8[3][]);initElevations(uint8,uint8[17]);makeOffer(uint8,uint8);rejectOffer(uint8,uint8,uint8);retractOffer(uint8,uint8);setInitializer(address)",
0x2261124550ae8f34a04de9f6c10667ff08faa0a1,388328,2015-10-15 16:41,0xd9278954d1b60ee7844d8e9630dd4234afbebe5a,transaction,0xf6fdd6115cae6cf25e7e730e4d18beed21c0f0cafa03c2f8ede1776dc2995764,2460,self-destructed,other,,,0.014
0xc9d23454226fba193cfae10a558f570c7517b226,388415,2015-10-15 17:05,0x71353366b3ca768968ea084167655e1cc09938f2,transaction,0xbda1895839bdc16f9e1fed3cc537c8776e21971ef51fad485adce7a8c61d2c04,49,exists,other,,,0.000
0x2f65901794f21eaaa73393dda17c07bf215b03ae,388429,2015-10-15 17:09,0xa4e623451e7e94e7e89ba5ed95c8a83a62ffc4ea,transaction,0x0d974478aa971fb61abae148d502acf6e487526a243e35c56458e59f1bb4c3d0,49,exists,other,,,0.000
0x9d303235b4333be1a073dbefb560eafc2de72600,388746,2015-10-15 18:39,0xcf684dfb8304729355b58315e8019b1aa2ad1bac,transaction,0x768400beac17e8dfb63a0ad44f249abfe7d2e2dc4dd2a1e52f2275f116179dbf,10395,self-destructed,etheria-like,"makeOffer(uint8,uint8);getOwners();acceptOffer(uint8,uint8,uint8)","acceptOffer(uint8,uint8,uint8);editBlock(uint8,uint8,uint256,int8[5]);farmTile(uint8,uint8);getBlocks(uint8,uint8);getElevations();getOfferers(uint8,uint8);getOffers(uint8,uint8);getOwners();getUint8FromByte32(bytes32,uint8);getWhatHappened();initBlockDef(uint8,int8[3][8],int8[3][]);initElevations(uint8,uint8[17]);makeOffer(uint8,uint8);rejectOffer(uint8,uint8,uint8);retractOffer(uint8,uint8);setInitializer(address)",
0xf2d850b176ddf0b6c1411d68ef96d2d8b7b0b480,388821,2015-10-15 19:07,0x86889b1cea13d370e827e099e3778b17d488b3dd,transaction,0x19c2a035b3831d7387c5c693c8b1cad206dfdcc4cbbd0b2c299dfeb8498f0f89,49,exists,other,,,0.000
0xa80e44e7daabf0ea2a90591ab2ff2ebaa0ea66a4,388887,2015-10-15 19:26,0xcf684dfb8304729355b58315e8019b1aa2ad1bac,transaction,0x95b149eebd89c02a85eafe6729d0189a0642d2e80db137bc65ed2d5b63e761ab,10275,self-destructed,etheria-like,"makeOffer(uint8,uint8);getOwners();acceptOffer(uint8,uint8,uint8)","acceptOffer(uint8,uint8,uint8);editBlock(uint8,uint8,uint256,int8[5]);farmTile(uint8,uint8);getBlocks(uint8,uint8);getElevations();getOfferers(uint8,uint8);getOffers(uint8,uint8);getOwners();getUint8FromByte32(bytes32,uint8);getWhatHappened();initBlockDef(uint8,int8[3][8],int8[3][]);initElevations(uint8,uint8[17]);makeOffer(uint8,uint8);rejectOffer(uint8,uint8,uint8);retractOffer(uint8,uint8);setInitializer(address)",
0x4c41e5cf5ce59a8f3e090b4b08e108bbbae7250b,388898,2015-10-15 19:30,0xcf684dfb8304729355b58315e8019b1aa2ad1bac,transaction,0xd6d0f9c9579fde577fc5dbea6a09f2557ba996ba608de9467fbd566c3bbefdb8,10348,self-destructed,etheria-like,"makeOffer(uint8,uint8);getOwners();acceptOffer(uint8,uint8,uint8)","acceptOffer(uint8,uint8,uint8);editBlock(uint8,uint8,uint256,int8[5]);farmTile(uint8,uint8);getBlocks(uint8,uint8);getElevations();getOfferers(uint8,uint8);getOffers(uint8,uint8);getOwners();getUint8FromByte32(bytes32,uint8);getWhatHappened();initBlockDef(uint8,int8[3][8],int8[3][]);initElevations(uint8,uint8[17]);makeOffer(uint8,uint8);rejectOffer(uint8,uint8,uint8);retractOffer(uint8,uint8);setInitializer(address)",
0x4b33a013ac2c238784ec7549b755328c236730da,388929,2015-10-15 19:40,0x9d7c05bb8fecd64c78805d1353ec99d748442674,transaction,0x5a13083ce0b38904ec53972fad2f47056fd8f85cf4b079d6c40031374ffbd7a0,1648,exists,other,,,0.042
0xab2b86d5c189fd0df100b67e29f203b0cfe41a22,388947,2015-10-15 19:45,0x86889b1cea13d370e827e099e3778b17d488b3dd,transaction,0xad42c194df6a12a1f32a6ec4d87153118adb85f05589d0494ba424438ef98603,49,exists,other,,,0.000
0x892140413344e49d9eaf54db38126d973fa167f6,388982,2015-10-15 19:54,0x9d7c05bb8fecd64c78805d1353ec99d748442674,transaction,0x54c23db5e3b1d99d95cb8166eb4bc0aab2b9abfcfd0caec07f8225a05e1b05b4,1648,exists,other,,,0.042
0xe358b3b9f29c67cb810c5184e6fde27d66ce036c,389167,2015-10-15 20:40,0xfcae7970392f510a985a7eaccd3820b7759d65d9,transaction,0xef12ff91c1251cadd61f88a1df7d72fedf4a54432beebb26fdded239d2623a1b,49,exists,other,,,0.000
0x87d972a052caab170cb62fc7bf6c0a33292c6af1,389191,2015-10-15 20:47,0x5f0d6e6608a4ded0da79f0f5701b8f86384b5db1,transaction,0x98510b5a68d2cfba8c0c20811059c07fc753e559fdbc2e73c2441eded5833ecc,49,exists,other,,,0.000
0xad461ca9595bf8ef5d16d23ba0407f2b74041cec,389212,2015-10-15 20:54,0xcf684dfb8304729355b58315e8019b1aa2ad1bac,transaction,0x6def8a74b2d5ecc7752e25a94887b65e83b9694583ed589d10ff763f1230daff,10330,self-destructed,etheria-like,"makeOffer(uint8,uint8);getOwners();acceptOffer(uint8,uint8,uint8)","acceptOffer(uint8,uint8,uint8);editBlock(uint8,uint8,uint256,int8[5]);farmTile(uint8,uint8);getBlocks(uint8,uint8);getElevations();getOfferers(uint8,uint8);getOffers(uint8,uint8);getOwners();getUint8FromByte32(bytes32,uint8);getWhatHappened();initBlockDef(uint8,int8[3][8],int8[3][]);initElevations(uint8,uint8[17]);makeOffer(uint8,uint8);rejectOffer(uint8,uint8,uint8);retractOffer(uint8,uint8);setInitializer(address)",
0x534c5a8c34ad4e150581c50ded1bbfa5f22b1800,389254,2015-10-15 21:07,0xa1c24c9da4c206c6785517308945a17a9374c000,transaction,0x5cfe200e56e2f3f511e42817f29f9e0b65cfc8543c497104083a0051b653a326,49,exists,other,,,0.000
0x4b12409b987fe8cf4f47ae13727087bb9e31b660,389256,2015-10-15 21:07,0xcf684dfb8304729355b58315e8019b1aa2ad1bac,transaction,0x49532426056478363a4e2722ba6658a9dcb39699de942b582d862d88b1cff8c4,10277,self-destructed,etheria-like,"makeOffer(uint8,uint8);getOwners();acceptOffer(uint8,uint8,uint8)","acceptOffer(uint8,uint8,uint8);editBlock(uint8,uint8,uint256,int8[5]);farmTile(uint8,uint8);getBlocks(uint8,uint8);getElevations();getOfferers(uint8,uint8);getOffers(uint8,uint8);getOwners();getUint8FromByte32(bytes32,uint8);getWhatHappened();initElevations(uint8,uint8[17]);makeOffer(uint8,uint8);rejectOffer(uint8,uint8,uint8);retractOffer(uint8,uint8);setInitializer(address)",
0xe744f5aa912d5ab8d4b760312f44a52fd5e0305e,389259,2015-10-15 21:09,0xddbddd1bbd38ffade0305d30f02028d92e9f3aa8,transaction,0xb2d097f7deb0433516092741b3f010af60238e9542341397c2d65b9376acbd20,49,exists,other,,,0.000
0xcab01dedaa9e87d03e5eff6dedab9ad98298ccc6,389276,2015-10-15 21:14,0xddbddd1bbd38ffade0305d30f02028d92e9f3aa8,transaction,0x1d62631ebef6f3fdafc22294fc392edd9892cf1fea62b86a44c734cbf03b6875,49,exists,other,,,0.000
0xfc8de5e80030902a3b72c8a1bfbb738636f0e455,389420,2015-10-15 21:52,0x133be0a863ba5919509195dca9f20fb3a4ae5e0d,transaction,0x8616e0d238446fdfb5fee49df6fdc1650b7b9463040e60de85a7cdb6144adc12,0,never had code,other,,,0.000
0x97f097851f3bfc924f02057442a528c7f0acb488,389421,2015-10-15 21:53,0xcf684dfb8304729355b58315e8019b1aa2ad1bac,transaction,0xb675e1ae1c68c8353ef6c5ecbcc5f27fc8bc184971a85a892ccdcc8525bd8eca,10388,self-destructed,etheria-like,"makeOffer(uint8,uint8);getOwners();acceptOffer(uint8,uint8,uint8)","acceptOffer(uint8,uint8,uint8);editBlock(uint8,uint8,uint256,int8[5]);farmTile(uint8,uint8);getBlocks(uint8,uint8);getElevations();getOfferers(uint8,uint8);getOffers(uint8,uint8);getOwners();getUint8FromByte32(bytes32,uint8);getWhatHappened();initElevations(uint8,uint8[17]);makeOffer(uint8,uint8);rejectOffer(uint8,uint8,uint8);retractOffer(uint8,uint8);setInitializer(address)",
0x3a5fb0f79c258942c1acf8142cbc601c1aff1ac4,389449,2015-10-15 22:02,0x133be0a863ba5919509195dca9f20fb3a4ae5e0d,transaction,0xa5cc2bdb2e3e6e9cb544cfe01e06dca58181933930f62fdbc3fd355e8beae054,0,never had code,other,,,0.000
0xc7ec4089ecd5811e5fd33da5cb302bf0072ac670,389476,2015-10-15 22:11,0x133be0a863ba5919509195dca9f20fb3a4ae5e0d,transaction,0x986c2b73e340de542cd9289627414139580643f3e5b361fc3876db1f931f6f7c,0,never had code,other,,,0.000
0xd6901cd75bcbc333e3f77c89b79620c38e0e74a3,389589,2015-10-15 22:42,0xcf684dfb8304729355b58315e8019b1aa2ad1bac,transaction,0xc180a70611dc37aa4f51712ee08d44f9813cb7c2bda3cef0c892ada22173adc9,1487,self-destructed,other,,,
0x08dbb4cccccf1cfdc4affaeac7632781e67df9fe,389669,2015-10-15 23:10,0xcf684dfb8304729355b58315e8019b1aa2ad1bac,transaction,0x794cc57c21e8149f3359e835c4de7d5a93799dfa5ae56a05bc1cfd9b3ee99d54,1699,exists,helper,,"getAttachesto(uint8);getOccupies(uint8);initOccupies(uint8,int8[3][8])",
0x7594db6e1bdae4aee261dcba1fdfb21eeadcd5f1,389852,2015-10-16 00:00,0xcf684dfb8304729355b58315e8019b1aa2ad1bac,transaction,0x6c8e5cf516319df3528348dc470e329eda9887cbc7a26db8b69070e826d48aa2,1699,exists,helper,,"getAttachesto(uint8);getOccupies(uint8);initOccupies(uint8,int8[3][8])",
0x3a394860932c445630ed50360a15a245c75ce240,389906,2015-10-16 00:17,0x037dd056e7fdbd641db5b6bea2a8780a83fae180,transaction,0x305da28d8fc7e8ceaec0e839fcddc53dfc59129745d1c1e011767f78693d9e1b,49,exists,other,,,0.000
0xecc72aac2791ee973bf607781a33a341b41e58c0,389983,2015-10-16 00:37,0x037dd056e7fdbd641db5b6bea2a8780a83fae180,transaction,0xad6e65e8d36402da1e3dbb9096613313013cd649c236eb4bd7477c9d7b11c8ed,49,exists,other,,,0.000
0xd5babb9f28a9e7c78735c9c955d5626159f1be70,390006,2015-10-16 00:49,0xfada582936f9096e354840ffe956f38990775187,transaction,0xcc98939392d2b5c634b1ac711216f7a57773d0ad979be58a58cb99f53b0edcd0,49,exists,other,,,0.000
0xed9c3aead241f6fd8e6b6951e29c3dcb5b3662c1,390015,2015-10-16 00:51,0xcf684dfb8304729355b58315e8019b1aa2ad1bac,transaction,0xcf6a6964a36391989a3b2092d921f73c30cfc59b4af3792efefe9c38efcf3639,1730,exists,helper,,"getAttachesto(uint8);getOccupies(uint8);initOccupies(uint8,int8[3][8])",
0x5bc362054afda72c6a5b42f9a36c1a1b3524dd6c,390637,2015-10-16 04:21,0xcf684dfb8304729355b58315e8019b1aa2ad1bac,transaction,0x5c9a65605605e8725bddcd85e8b30a0216428f270d4c7df52f9874300bf1f9bf,762,exists,helper,,"getElevation(uint8,uint8);getElevations();initElevations(uint8,uint8[33])",
0xc35a4e966bf792734a25ea524448ea54de385e4e,390644,2015-10-16 04:22,0xcf684dfb8304729355b58315e8019b1aa2ad1bac,transaction,0x764882ec74abe37e76d6e4940047fad84d3576fdaa1ca7ede66c8cbe8b9444e0,762,exists,helper,,"getElevation(uint8,uint8);getElevations();initElevations(uint8,uint8[33])",
0x67ef78b1e010533da63aebd1ead4fa6cbb029eac,390864,2015-10-16 05:30,0xcf684dfb8304729355b58315e8019b1aa2ad1bac,transaction,0x4a3b8ef12084e6f72a0f8a7106ef206a24a9ed643353e333c3d535cfbd9aa4ef,8942,self-destructed,etheria-like,"makeOffer(uint8,uint8);getOwners();acceptOffer(uint8,uint8,uint8)","acceptOffer(uint8,uint8,uint8);editBlock(uint8,uint8,uint256,int8[5]);farmTile(uint8,uint8);getAttachesto(uint8);getBlocks(uint8,uint8);getOccupies(uint8);getOfferers(uint8,uint8);getOffers(uint8,uint8);getOwners();getUint8FromByte32(bytes32,uint8);makeOffer(uint8,uint8);rejectOffer(uint8,uint8,uint8);retractOffer(uint8,uint8)",
0x9f2f32e4a67c2c40782a82232c98c78bf48fa9f3,390873,2015-10-16 05:34,0xcf684dfb8304729355b58315e8019b1aa2ad1bac,transaction,0x57135f302b718f017d0a49bb14e0e0fd24c5230fe9ab5fd89d060c15ef137795,9064,self-destructed,etheria-like,"makeOffer(uint8,uint8);getOwners();acceptOffer(uint8,uint8,uint8)","acceptOffer(uint8,uint8,uint8);editBlock(uint8,uint8,uint256,int8[5]);farmTile(uint8,uint8);getAttachesto(uint8);getBlocks(uint8,uint8);getElevation(uint8,uint8);getElevations();getOccupies(uint8);getOfferers(uint8,uint8);getOffers(uint8,uint8);getOwners();getUint8FromByte32(bytes32,uint8);makeOffer(uint8,uint8);rejectOffer(uint8,uint8,uint8);retractOffer(uint8,uint8)",
0x6917029805e2870e6993893d1be56baf1c8ba309,390911,2015-10-16 05:48,0xcf684dfb8304729355b58315e8019b1aa2ad1bac,transaction,0xa452dd6dcac559362cfc5cfb5a7904b90ed3218f95a299c989d0d57e441deeec,9176,self-destructed,etheria-like,"makeOffer(uint8,uint8);getOwners();acceptOffer(uint8,uint8,uint8)","acceptOffer(uint8,uint8,uint8);editBlock(uint8,uint8,uint256,int8[5]);farmTile(uint8,uint8);getAttachesto(uint8);getBlocks(uint8,uint8);getElevation(uint8,uint8);getElevations();getOccupies(uint8);getOfferers(uint8,uint8);getOffers(uint8,uint8);getOwners();getUint8FromByte32(bytes32,uint8);makeOffer(uint8,uint8);rejectOffer(uint8,uint8,uint8);retractOffer(uint8,uint8)",
0xada8b51f6cab9384c14885a1357b3f58e47e9cfe,391358,2015-10-16 07:58,0x65c13da4feb34aee002678a0b44835ed43142bdc,transaction,0xf50ea7839b11d191591caee551766c8606f622c39ce7f2b7a09094706a3ca3c2,1336,exists,other,,,0.033
0xb015184a86110383d5e6da68ceb492866ab9f894,391370,2015-10-16 08:01,0x65c13da4feb34aee002678a0b44835ed43142bdc,transaction,0xc686702f251e17e031e6811f1c51d8bb744086a932d3ed41cb33306f7d6af662,1336,exists,other,,,0.033
0x16137a05c2f7c60409923b1debed8626d696cc99,391375,2015-10-16 08:03,0x65c13da4feb34aee002678a0b44835ed43142bdc,transaction,0x0ce5acee01fe2355b715c12b719ae32bcee54d66c0153f8641970d9ab0db254a,1336,exists,other,,,0.033
0xbea811e0818ef6402c49e5d35774925c1695dc46,391756,2015-10-16 09:57,0x65c13da4feb34aee002678a0b44835ed43142bdc,transaction,0xb08582edd37de1b666a607b760503ba4f951801fcca54ad317e2f43ff4ce810b,1336,exists,other,,,0.033
0x0ea396e40b873943a30167ce83e907689495b7b4,391809,2015-10-16 10:13,0x65c13da4feb34aee002678a0b44835ed43142bdc,transaction,0x173664c95364432b92cd96867c98a42e27478db21cac88ef58aa01d8f2f18f7d,1336,exists,other,,,0.033
0xfee7707fa4b8c0a923a0e40399db3e7ce26069c6,391820,2015-10-16 10:16,0x65c13da4feb34aee002678a0b44835ed43142bdc,transaction,0x9a5c2f858d891683ce66d25cce97c4eda58ac520534dfbae77d8529262899d7b,0,never had code,other,,,0.000
0x20af62ed9dfba5698616b68ddd6d0bd778dbfe10,391828,2015-10-16 10:20,0x65c13da4feb34aee002678a0b44835ed43142bdc,transaction,0x398258f5ed7e5e983fc10a2c7ef56fb5abc7a670430ea7f10985bcd12f6a3a88,0,never had code,other,,,0.000
0x5665e08b00d29b1d0b95e4be7623815638186251,391836,2015-10-16 10:22,0x65c13da4feb34aee002678a0b44835ed43142bdc,transaction,0x5aa952bd046c44b43b88aedd83e83dd9cc8cef46c0819db208f6adb924416846,0,never had code,other,,,0.000
0x5cc182fabfb81a056b6080d4200bc5150673d06f,391843,2015-10-16 10:24,0x65c13da4feb34aee002678a0b44835ed43142bdc,transaction,0xf09d546f7857decbca0c8ac1a1b7ef91ca46430f7646b9222f1bfb9e8947d960,0,never had code,other,,,0.000
0xba72c83ade421c547771fc54ae6c727e3f7f1fc9,391849,2015-10-16 10:26,0x65c13da4feb34aee002678a0b44835ed43142bdc,transaction,0x4ad4746afe63c83e89247c538be1fddae0496070e388f87ffe873595de8c71d5,1336,exists,other,,,0.033
0x7d6ae067de8d44ae1a08750e7d626d61a623c44a,391857,2015-10-16 10:28,0x65c13da4feb34aee002678a0b44835ed43142bdc,transaction,0x7bb695fa640a02ca1df8a6d66114644197479ddd7887e780bc8838de609400d8,0,never had code,other,,,0.000
0xfe331c7af078f5a8545c40b57bfca0ab8df4fb80,392000,2015-10-16 11:05,0x65c13da4feb34aee002678a0b44835ed43142bdc,transaction,0x13ac173517bee30249ebf0b69c1be8acc3289b7897f7bf13b03aae09a6933e84,1369,exists,other,,,0.017
0x6dd3c6fc4c33068f78b404bb7cf7389e0a568904,392019,2015-10-16 11:11,0x65c13da4feb34aee002678a0b44835ed43142bdc,transaction,0x6059ca1e04740468e0c091cb73381ac5e55c142a9f60f5b93e261e7028a8d7b6,1518,exists,other,,,0.027
0xa076155806214a73f37f5fcd8025036d92f6a3fb,392101,2015-10-16 11:35,0x8674c218f0351a62c3ba78c34fd2182a93da94e2,transaction,0xd93dff08ea4881f5ca3e1f9fa6859b673da4b14c29187e50ce1687f1b256e4c3,5155,exists,other,,,0.056
0x1f6925748011b1f9629c3336d00f4b7a265806dc,392114,2015-10-16 11:37,0xbfbc8ffc622bc1f6c308f11017b27e654a6a7d3d,transaction,0xe497abc0c4969b174c63bb4c08c110e9b817a9460ba33fc60b5b38e59822bd38,49,exists,other,,,0.000
0xac9560da030bc57c70c90274d8ffe4ba6aea1846,392292,2015-10-16 12:27,0x8674c218f0351a62c3ba78c34fd2182a93da94e2,transaction,0x7421e3d32e60177a995e6fcd6939a33e09447624fbdad50fa73a5c2cc4890a17,5143,exists,other,,,0.056
0xb3fa800f1f8a6dbd04e502f35a1c601fe3bf9551,392340,2015-10-16 12:38,0xcf684dfb8304729355b58315e8019b1aa2ad1bac,transaction,0x55cebacf1768c77263b0bcd5bf8018049b83981134eb9994b1d5ac47e2a27efc,9346,self-destructed,etheria-like,"makeOffer(uint8,uint8);getOwners();acceptOffer(uint8,uint8,uint8)","acceptOffer(uint8,uint8,uint8);editBlock(uint8,uint8,uint256,int8[5]);farmTile(uint8,uint8);getAttachesto(uint8);getBlocks(uint8,uint8);getElevation(uint8,uint8);getOccupies(uint8);getOfferers(uint8,uint8);getOffers(uint8,uint8);getOwners();getUint8FromByte32(bytes32,uint8);makeOffer(uint8,uint8);rejectOffer(uint8,uint8,uint8);retractOffer(uint8,uint8)",
0x3ae2c4b708c8b0791439ded4584cb86ae4ada00b,392622,2015-10-16 13:55,0x17f5161364cc516364c4627f6ee39e90e2ec6b1c,transaction,0xed22672443ec0673818f817c7b44f4a56168882f3520a032a9b53bb0d200d718,49,exists,other,,,0.000
0xc4395759e26469baa0e6421bdc1d0232c6f4b6c3,392662,2015-10-16 14:07,0x17f5161364cc516364c4627f6ee39e90e2ec6b1c,transaction,0xfe54fb0dacb801077c6b340c7abe3be28c4579831d70c874e39fd3c975a0928b,49,exists,other,,,0.000
0x6466e3c6157ba0724234f8a09c77ac08fff8828c,392956,2015-10-16 15:31,0x16893e10b99a59afd2c60331e0b49241d4d4d7cc,transaction,0x8ed216c06c0648b971fcd40d1fd11397eeb948bc0f8efbab4313047070c432e1,800,exists,other,,,0.000
0x8ec0d0bbce4349e2d34586e2de392caa73532d3f,393046,2015-10-16 15:59,0x21cbe44ab05da45b45af85fbbff99400a53d366b,transaction,0x41a01afa1d2121d8b0123307b95481c065a5c6f454dc6b990c45060302341a3a,49,exists,other,,,0.000
0x099729521f3325634c4cb18290f618ebdea4bc66,393727,2015-10-16 19:11,0x7731d6e987f9f7446b9cc4ae6f2e64522e8acdef,transaction,0x6e7d8b030748a5951240cbc67627709713071bb65d4b239938167fce2f18ff6b,0,never had code,other,,,0.000
0x7914dca76e6f80d210b69c2ac96a47638e43e281,393737,2015-10-16 19:13,0x7731d6e987f9f7446b9cc4ae6f2e64522e8acdef,transaction,0xb6935bc99f465bb10ba5dc212fc7dd5cae3453a3971802dde49b7be6772c9294,1419,exists,other,,,0.029
0x734b2777df8a21017d48385155e7669318bda36c,393786,2015-10-16 19:30,0xa4a46fce85a14523970dcbce7f5b6f8fa6b751b1,transaction,0xd25ed1031c3d34afc8872edc15826bc0193bec56f7a08852abe89961c13f9748,49,exists,other,,,0.000
0xc230e8b70dba54ad745e549dca41abd63062251b,393811,2015-10-16 19:35,0x4b3159e53b69bb568b7f41028d725929e3b53586,transaction,0xbdbbc300e9aa61b57a8344be66d486aa044e24b901076b45e71416894ba2b194,49,exists,other,,,0.000
0xbe09250eae9f2c07e478b3b0eab99e80b667887d,393916,2015-10-16 20:04,0x57c5d1ebd48cf5d054e35daf4b886c72d983eb0a,transaction,0xd952f09769b0671df873f2b5096d0329371411648c585934cc0c7bce65552a86,49,exists,other,,,0.000
0xc9433463e431f06cf95706158ee39681ed50b2a2,394085,2015-10-16 20:47,0x7731d6e987f9f7446b9cc4ae6f2e64522e8acdef,transaction,0xea02882f31d997af76d7bee5818849d021fda95869e9d42b47f6d48555261010,0,never had code,other,,,0.000
0x73b351de3075c50660f0a0eae30f5ee553cabb1d,394095,2015-10-16 20:50,0x7731d6e987f9f7446b9cc4ae6f2e64522e8acdef,transaction,0x6e59000dff0a563caa43873eba1e035be7a1e97c3cffd47a0f427dd1d274c19f,0,never had code,other,,,0.000
0xe61eb898489563e511cd5d3c8e703048002edd1a,394106,2015-10-16 20:53,0xcf684dfb8304729355b58315e8019b1aa2ad1bac,transaction,0x825051926cf860ae2dd58d6ecf360432d8ee2895777de13857041c85022922c4,10757,self-destructed,etheria-like,"makeOffer(uint8,uint8);getOwners();acceptOffer(uint8,uint8,uint8)","acceptOffer(uint8,uint8,uint8);editBlock(uint8,uint8,uint256,int8[5]);farmTile(uint8,uint8);getAttachesto(uint8);getBlocks(uint8,uint8);getElevation(uint8,uint8);getName(uint8,uint8);getOccupies(uint8);getOfferers(uint8,uint8);getOffers(uint8,uint8);getOwners();getStatus(uint8,uint8);getUint8FromByte32(bytes32,uint8);getWhatHappened();makeOffer(uint8,uint8);rejectOffer(uint8,uint8,uint8);retractOffer(uint8,uint8);setName(uint8,uint8,string);setStatus(uint8,uint8,string)",
0x6b9f9353c2a9d83054d3e508517f2d002f07f0bc,394183,2015-10-16 21:19,0xcf684dfb8304729355b58315e8019b1aa2ad1bac,transaction,0xf48f5c261aa41a3b6bd7aed96f15a2ecdd8754e97c299978c6a74be4b6bcf71d,11027,self-destructed,etheria-like,"makeOffer(uint8,uint8);getOwners();acceptOffer(uint8,uint8,uint8)","acceptOffer(uint8,uint8,uint8);editBlock(uint8,uint8,uint256,int8[5]);farmTile(uint8,uint8);getAttachesto(uint8);getBlocks(uint8,uint8);getElevation(uint8,uint8);getName(uint8,uint8);getOccupies(uint8);getOfferers(uint8,uint8);getOffers(uint8,uint8);getOwners();getStatus(uint8,uint8);getUint8FromByte32(bytes32,uint8);getWhatHappened();makeOffer(uint8,uint8);rejectOffer(uint8,uint8,uint8);retractOffer(uint8,uint8);setName(uint8,uint8,string);setStatus(uint8,uint8,string)",
0xb87a107e305904bde368e2231641de86360c54b5,394195,2015-10-16 21:23,0x7731d6e987f9f7446b9cc4ae6f2e64522e8acdef,transaction,0x507cb83deb006f0bb3bcace7358c919995ea9f480016df798890340f483477b5,973,exists,other,,,0.000
0x628d89f758f1238cc62c6f6613d2387269a423fd,394228,2015-10-16 21:33,0x7731d6e987f9f7446b9cc4ae6f2e64522e8acdef,transaction,0x52197eb680a254f7fc72982439fc47764290c3f7637f4da2f7c5844c141d8bf7,0,never had code,other,,,0.000
0xc0a512331351b9541357e363b60a3664f86b6279,394316,2015-10-16 21:58,0x7731d6e987f9f7446b9cc4ae6f2e64522e8acdef,transaction,0x1ffa5d1c9320ff02b19acdb4735305e2a9ac376c28cdd473b10b1e33007dab25,0,never had code,other,,,0.000
0x33d42d300e56edf67aa5273a826fcbccb1991655,394329,2015-10-16 22:01,0x7731d6e987f9f7446b9cc4ae6f2e64522e8acdef,transaction,0x1cbff51c35d8df8f4b406d935b978c284c6bb36271c7b4f191fdf9fdf6f173ba,0,never had code,other,,,0.000
0xdb30622d51e8d6221f0b1cbde57d4734387d7ca1,394420,2015-10-16 22:28,0x16893e10b99a59afd2c60331e0b49241d4d4d7cc,transaction,0xa490414a082cb909cbd8a97ef6d4f5724acee3c6c12cfaee71f1be83a83e4b62,873,exists,other,,,0.000
0xa06185afac5a35d5d8bb4934f38122b1b77f4480,394479,2015-10-16 22:42,0x7731d6e987f9f7446b9cc4ae6f2e64522e8acdef,transaction,0x9f7c77b508dfa8fc3168ac840febe6d3efa0980606133bbbaf9a23ea5733f0f5,0,never had code,other,,,0.000
0x43fad432bfb0a396a2600cef204aa7e420e31121,394502,2015-10-16 22:50,0x7731d6e987f9f7446b9cc4ae6f2e64522e8acdef,transaction,0xad5f4e28dbfbfad18f4105d6e23942ec4ad4e7535923b1d34a2feb0398c7a804,1108,exists,other,,,0.021
0xc81bcd45d7e37abeb5534f7fd4394469b43b4cdb,394958,2015-10-17 01:01,0x4962f6533141e9e12b9e1846ab549c7042a40098,transaction,0xe3a09fa2d6a2df583d021789dea2b52ca3860504b4489bcd0b2de2c4d7890cc5,2782,exists,other,,,0.026
0x8db65852a88a926dbc69a073fb93938c626bfb02,395009,2015-10-17 01:16,0x4962f6533141e9e12b9e1846ab549c7042a40098,transaction,0x919071605c2dfdc33933518acefabd9ec4148fd2e55fedd52399c013297240e7,2710,exists,other,,,0.026
0xdcf0c78da71c27d0520227c595e64489f0f80347,395047,2015-10-17 01:27,0x4962f6533141e9e12b9e1846ab549c7042a40098,transaction,0x48e7c446b0f6d15ff221a3fa3a1c0138779101d331dd4cf089b63f0ba8936047,2331,exists,other,,,0.015
0xe84ec1c301b3cd18707ec42352605780f6313d27,395056,2015-10-17 01:29,0x4962f6533141e9e12b9e1846ab549c7042a40098,transaction,0x4706305be53c52eb4ae3b86b8db550f053096aa29c39dcfe220dabd6111abad9,2512,exists,other,,,0.027
0xc17628689df884e28aef045b3a1ed48f005e32a5,395076,2015-10-17 01:33,0x4962f6533141e9e12b9e1846ab549c7042a40098,transaction,0x53355a10382f5d8e31d876a45555bbfdae0dec8d7d6dddfaa8f1cb52cc20cf19,2512,exists,other,,,0.027
0xfd05b5085d4f4e8067a50670f8d4477f6159857d,395080,2015-10-17 01:34,0x4962f6533141e9e12b9e1846ab549c7042a40098,transaction,0xa437238ddf44b6486c7dc972c6fc28e91d919df3480893613c40b4f1bfa5eadd,2331,exists,other,,,0.015
0x968211b8fa6fdf6a0c0a62e47aa59daee85cf617,395185,2015-10-17 02:03,0x4962f6533141e9e12b9e1846ab549c7042a40098,transaction,0x5199351101f4828a5bc7e79fcbb6bf054863d58de054b48f5fb4892c8cb19ee4,2906,exists,other,,,0.034
0x6543f47701bc2651b79e0cd2cda5507a87739f22,395187,2015-10-17 02:03,0x4962f6533141e9e12b9e1846ab549c7042a40098,transaction,0xcc1570b795ffc7c770bbf33b85220642a990fad5fb563aa897383f8db0a66b4b,2834,exists,other,,,0.034
0xd6b49fbc2f55b896edcc6982b5d5beea43a5aec1,395220,2015-10-17 02:11,0x4962f6533141e9e12b9e1846ab549c7042a40098,transaction,0xe022da28f66498ce0e3436be0ec3820eb2348e130fe896d0967b22bc9cd5dac5,3104,exists,other,,,0.034
0x3ea041176dc6a437b1be37f0e366a3396da3af84,395226,2015-10-17 02:12,0x4962f6533141e9e12b9e1846ab549c7042a40098,transaction,0x718bbf092864368024eaaf3e63fc54ac9711bb41fa011d5fdadd1f8dbb4ad2ba,2906,exists,other,,,0.034
0xe4e71eb634152e43c4d6f4013517ff45a31f7692,395234,2015-10-17 02:14,0x4962f6533141e9e12b9e1846ab549c7042a40098,transaction,0xce7a683401923e45e1c8e980f4c0aa6e2f5f0492be87c6e784a90ff6b88e5e03,1419,exists,other,,,0.039
0x881263a8c6a865674b736e719b3c30b112d9f926,395240,2015-10-17 02:16,0x4962f6533141e9e12b9e1846ab549c7042a40098,transaction,0x5dd46f07d556daeb6bdd82589d651b8101313343b2b7eb86d86e4d637dcb1fc4,1372,exists,other,,,0.039
0xa5ece0fc0dd9d41eda747d1b419c1d47ba637001,395240,2015-10-17 02:16,0x4962f6533141e9e12b9e1846ab549c7042a40098,transaction,0x5ba69689ddb213f3fea874690a0c10afdf5458fbaec3d9aae96391035aa80fe0,1372,exists,other,,,0.039
0x15eae8cea9defd45acce12ea3313e7cd610ad1d7,395250,2015-10-17 02:19,0x4962f6533141e9e12b9e1846ab549c7042a40098,transaction,0x63d0839b5907d3b497b9da2e4f2ff71e704b42a2973372409e10daee468176da,1649,exists,other,,,0.043
0x41a3a12a386d22f7bfe436bd80aa2a5e31673ea8,395250,2015-10-17 02:19,0x4962f6533141e9e12b9e1846ab549c7042a40098,transaction,0x5e0099d6d9be0ab07c86fc7fc9be5c1bc77d3bc4607623581388126f0ebb98ad,1649,exists,other,,,0.043
0xdb3add4285ec7c4368904fbb96e292c82df11048,395272,2015-10-17 02:24,0xcf684dfb8304729355b58315e8019b1aa2ad1bac,transaction,0x7daa5f8780b52d8b5981514f197dfb7822b56b2bf40c5ba8bd5688487e0d9512,11116,self-destructed,etheria-like,"makeOffer(uint8,uint8);getOwners();acceptOffer(uint8,uint8,uint8)","acceptOffer(uint8,uint8,uint8);editBlock(uint8,uint8,uint256,int8[5]);farmTile(uint8,uint8);getAttachesto(uint8);getBlocks(uint8,uint8);getElevation(uint8,uint8);getName(uint8,uint8);getOccupies(uint8);getOccupiesFromBDR(uint8);getOfferers(uint8,uint8);getOffers(uint8,uint8);getOwners();getStatus(uint8,uint8);getUint8FromByte32(bytes32,uint8);getWhatHappened();makeOffer(uint8,uint8);rejectOffer(uint8,uint8,uint8);retractOffer(uint8,uint8);setName(uint8,uint8,string);setStatus(uint8,uint8,string)",
0x90bb10c33ffc9fe58f3d4c81c8ad400df323ffcd,395275,2015-10-17 02:26,0xcf684dfb8304729355b58315e8019b1aa2ad1bac,transaction,0x4c0e9ade308f18f2e64d7dee7a07cd028c4f5b6ea14463914af855c43262b5e7,10776,self-destructed,etheria-like,"makeOffer(uint8,uint8);getOwners();acceptOffer(uint8,uint8,uint8)","acceptOffer(uint8,uint8,uint8);editBlock(uint8,uint8,uint256,int8[5]);farmTile(uint8,uint8);getAttachesto(uint8);getBlocks(uint8,uint8);getElevation(uint8,uint8);getName(uint8,uint8);getOccupies(uint8);getOccupiesFromBDR(uint8);getOfferers(uint8,uint8);getOffers(uint8,uint8);getOwners();getStatus(uint8,uint8);getUint8FromByte32(bytes32,uint8);getWhatHappened();makeOffer(uint8,uint8);rejectOffer(uint8,uint8,uint8);retractOffer(uint8,uint8);setName(uint8,uint8,string);setStatus(uint8,uint8,string)",
0xd9ea81323e4b0f2ba8b1ec1d7cccd848377beedf,396135,2015-10-17 06:20,0xcf684dfb8304729355b58315e8019b1aa2ad1bac,transaction,0x7fa0cbba98e69027632cf413002af95eaeb1c7854920f47d5db1a8b945d6a6b6,10847,self-destructed,etheria-like,"makeOffer(uint8,uint8);getOwners();acceptOffer(uint8,uint8,uint8)","acceptOffer(uint8,uint8,uint8);editBlock(uint8,uint8,uint256,int8[5]);farmTile(uint8,uint8);getAttachesto(uint8);getBlocks(uint8,uint8);getElevation(uint8,uint8);getName(uint8,uint8);getOccupies(uint8);getOccupiesFromBDR(uint8);getOfferers(uint8,uint8);getOffers(uint8,uint8);getOwners();getStatus(uint8,uint8);getUint8FromByte32(bytes32,uint8);getWhatHappened();makeOffer(uint8,uint8);rejectOffer(uint8,uint8,uint8);retractOffer(uint8,uint8);setName(uint8,uint8,string);setStatus(uint8,uint8,string)",
0x1a0f1a8e3b9c7461575d797d7c28bf325f8693a6,396174,2015-10-17 06:33,0xcf684dfb8304729355b58315e8019b1aa2ad1bac,transaction,0xff73024bbdda1cffe16c483e62fea1b2056f3fa4cb586463b92e30c73108c5b7,834,self-destructed,helper,,Etheria();getAttachesto(uint8);getOccupies(uint8),
0x2dcde420c88350ac46797246c4c96ef0549cc56e,396209,2015-10-17 06:42,0xcf684dfb8304729355b58315e8019b1aa2ad1bac,transaction,0x5b626d55b4f2a71c7882c505065add35332432036625c9655c9d5bde2db7fc01,762,self-destructed,helper,,getAttachesto(uint8);getOccupies(uint8),
0x3bf1cec18c943cec96257b9f4d792ff8e511ad1b,396471,2015-10-17 07:57,0x8674c218f0351a62c3ba78c34fd2182a93da94e2,transaction,0xf0ef1004379c685929eb57d26f347d7757f6838fc23dec6e4c06392abda704d2,3880,exists,other,,,0.058
0xa6fdd2aea879c2bfb88c694d0ed0d8dd1c1f2b10,396760,2015-10-17 09:22,0x7731d6e987f9f7446b9cc4ae6f2e64522e8acdef,transaction,0xc18af77dd278746c94997e907d218ba9caa6e84c6a42b8debe9fa805c677484b,1108,exists,other,,,0.021
0x834c227cff88c95abf513c7c26a365594dfa91b4,396848,2015-10-17 09:46,0x7731d6e987f9f7446b9cc4ae6f2e64522e8acdef,transaction,0xf77e0edb8d2fea4c0d70d5178695995375dfad6ea062e1fdbaf9d57197dcd241,1108,exists,other,,,0.021
0xce6cccec8730973574651238dd05c19d4190ebe2,396970,2015-10-17 10:19,0x7731d6e987f9f7446b9cc4ae6f2e64522e8acdef,transaction,0x46249043eca776b7bd2c991d0580b2be90f15ff54f3b4d1cea2a5f7f9099d16f,542,exists,other,,,0.061
0xb372018f3be9e171df0581136b59d2faf73a7d5d,397070,2015-10-17 10:53,0x96b63aa92a7b5e7e600b5a29bdfd64d97483bb20,transaction,0x2a04c12d77933e09c4e72cf3f2b78d1fa93f50d456f7574f8897564a394e36df,409,exists,other,,,0.004
0x8aa24d24713a41beb82bec6484bbe99a1c0dc34b,397148,2015-10-17 11:15,0x7731d6e987f9f7446b9cc4ae6f2e64522e8acdef,transaction,0x9d5f2ed5dd3660faf3f578c4a6949180c7023e65a711f23cbd95192133a11963,1231,exists,other,,,0.014
0xe37ffeb363050c352a50440969927be159b26bef,397834,2015-10-17 14:36,0x7731d6e987f9f7446b9cc4ae6f2e64522e8acdef,transaction,0x80ac514b6451d2ec537afd4122607a2306b3131926de4450d1d75a666cd76ac1,1158,exists,other,,,0.014
0x09b87b493bbbb066724aa403216e525c78673e67,397848,2015-10-17 14:41,0x7731d6e987f9f7446b9cc4ae6f2e64522e8acdef,transaction,0xdc7c2b6ceb8e05c268170e00a81a2fd3f7b5453533266c4acde3ba03ac376688,1158,exists,other,,,0.014
0xe9bea412f95dd62d9dc0f53461e1be1d993afe23,397911,2015-10-17 14:59,0xcf684dfb8304729355b58315e8019b1aa2ad1bac,transaction,0x912d409fe1a5433cbf1ba7661808969885c9bf372d6b74c916186a04084ac9a7,558,exists,other,,,
0x50b549ae6f648b72eb212f4e5197c95d16d0b4a5,397929,2015-10-17 15:04,0xcf684dfb8304729355b58315e8019b1aa2ad1bac,transaction,0xd93b5cb7a982be725362517834354960ad60680cc1f29dfc31548057aa6a14c6,629,self-destructed,other,,,
0x05be2f69bfcad949c0094e8caba3369f89a34d40,397967,2015-10-17 15:17,0xcf684dfb8304729355b58315e8019b1aa2ad1bac,transaction,0xf07f1387dc8ad95688cbb36bba37151011c35e75ebb12be0baecda825304e5b1,589,exists,other,,,
0x1b1aa760f1afbaa909a2dd3ad89fe82c3b9574ff,397991,2015-10-17 15:25,0xcf684dfb8304729355b58315e8019b1aa2ad1bac,transaction,0x0836b04ca8f5c3d282acd73bb773012bf0acb1a1f3c94ec5f9542e3e95a5fe16,629,self-destructed,other,,,
0xd5c4d0b3bdabc39e9f6f180f5d57da1151423455,398002,2015-10-17 15:27,0xcf684dfb8304729355b58315e8019b1aa2ad1bac,transaction,0x230dc535d1b5f5ef6bf707764e584aa779f31a62d00d8100fc10c7cf04922820,629,self-destructed,other,,,
0xcdec3287070dfc6ceb5dc2c8a930ce015a68592e,398204,2015-10-17 16:24,0xcf684dfb8304729355b58315e8019b1aa2ad1bac,transaction,0xa502ab37696ef0e062c3083a06e63d86e35230fe646de34ba62fc935da315784,236,self-destructed,other,,,
0x5bd804f86d9e8c4f4ec581e4abbaea821b49311e,398230,2015-10-17 16:30,0xcf684dfb8304729355b58315e8019b1aa2ad1bac,transaction,0xe2ab3f50fed560aca2c097fdb71ada40087789e8cb933fea3c23c9980c5491b3,248,self-destructed,other,,,
0xa5e57510a8e38931b13cf7e1885b587f0117eef1,398248,2015-10-17 16:35,0xcf684dfb8304729355b58315e8019b1aa2ad1bac,transaction,0xf379674f380dba659851c238a3dbfa06c5f18c42f152160e9cae9d80cb2ec7e6,92,self-destructed,other,,,
0x63989aaec3c6ae6d29c9673cea430322a8ac2cfa,398262,2015-10-17 16:38,0xcf684dfb8304729355b58315e8019b1aa2ad1bac,transaction,0x6bd34307e930a4c1330d000a11d028ce5bc1e08faab5e221deac327d9dc1ca64,92,self-destructed,other,,,
0xfd254114278f5c140dee93b28c1b7ec567269ee7,398294,2015-10-17 16:47,0xcf684dfb8304729355b58315e8019b1aa2ad1bac,transaction,0x21dec19f3744903bdebd379bc9b03e963a7b8be39a8d49fcf74fee89331f5670,366,self-destructed,other,,,
0xb4e319641deef97c11310f298cb9823a4ea2eff0,398302,2015-10-17 16:48,0xcf684dfb8304729355b58315e8019b1aa2ad1bac,transaction,0x12a7a98392521547f5c7c6f38e880990fb4bbf6e0f202fbf765788e6cd72bed1,332,self-destructed,other,,,
0x0b8d2fe0bac2f986e4f30e1ac7d2c64bd388294c,398309,2015-10-17 16:51,0xcf684dfb8304729355b58315e8019b1aa2ad1bac,transaction,0xabcaed57acdf03aa2555a2afeed13cba41923c3da5b1a1da2c88bd2723102938,332,self-destructed,other,,,
0xc81fae1c611e5155df157f606ace3fc6be25ad3f,398348,2015-10-17 17:04,0xcf684dfb8304729355b58315e8019b1aa2ad1bac,transaction,0x2ce8fa48a8462b2eba533b9ddcc66cf460be77dc4070c6baa0eb291493a6285c,1234,exists,helper,,"getAttachesto(uint8);getLocked();getOccupies(uint8);initOccupies(uint8,int8[3][8]);setLocked()",
0x57cdd5582a02e53e833ea4592ec8296110e5f884,398386,2015-10-17 17:14,0xcf684dfb8304729355b58315e8019b1aa2ad1bac,transaction,0x1764a585477d3537d51dc7562b0e84f67e1e15d49a7cd87bf7960c16ab8b488f,1234,exists,helper,,"getAttachesto(uint8);getLocked();getOccupies(uint8);initOccupies(uint8,int8[3][8]);setLocked()",
0x141dc4ce7cde7f86ddf256bd903b24be0eea7693,398444,2015-10-17 17:29,0xcf684dfb8304729355b58315e8019b1aa2ad1bac,transaction,0x46c294760ae13e31ebb678329dfa60666276b00ac3f94b76434ce9e8fa08a598,1156,self-destructed,helper,,"getAttachesto(uint8);getLocked();getOccupies(uint8);initAttachesto(uint8,int8[3][16]);initOccupies(uint8,int8[3][8]);setLocked()",
0x73879e905d1673c9d03bca1a196cfa2bc06bf51c,398498,2015-10-17 17:42,0xcf684dfb8304729355b58315e8019b1aa2ad1bac,transaction,0x6be00b93fa5161ee7f0bf5c0e949e6b21cb397b12c9fde84564d1c79ecf0451b,480,self-destructed,other,,getAttachestoFromBDS(uint8),
0x782bdf7015b71b64f6750796dd087fde32fd6fdc,398516,2015-10-17 17:46,0xcf684dfb8304729355b58315e8019b1aa2ad1bac,transaction,0x018ca5a3b948df4013b8c5552d281e4895d5ffefc1d244b2769ed12aea720f4e,1032,exists,helper,,"getAttachesto(uint8);getLocked();getOccupies(uint8);initAttachesto(uint8,int8[3][16]);initOccupies(uint8,int8[3][8]);setLocked()",
0x875e3d165a72449700c5603be23884dd947d0a41,398570,2015-10-17 18:05,0xcf684dfb8304729355b58315e8019b1aa2ad1bac,transaction,0x4f7ed7dba735114f0135add8e8ad83929864b738200a3c4901a2830e51e92031,480,self-destructed,other,,getAttachestoFromBDS(uint8),
0x8c24fffa052a0614f037c495db33e07d8b1a9ba3,398598,2015-10-17 18:13,0x4962f6533141e9e12b9e1846ab549c7042a40098,transaction,0x2b6d669e6c3d0d41eb8c10ddb82c6d0b2aa50696f30f5c6845a77c032d115e0c,2913,exists,other,,,0.034
0xf46aa8146f37212622bb428f3f6c9ae38e991e1e,398633,2015-10-17 18:23,0x4962f6533141e9e12b9e1846ab549c7042a40098,transaction,0x428076c13f149880a42455bbcda991205e07acfe176bcd06d5050d3ba7f40e65,3056,exists,other,,,0.034
0xe5d3f78f0b171903bcbc6c8c1cdf1523b4bb5227,398645,2015-10-17 18:26,0xcf684dfb8304729355b58315e8019b1aa2ad1bac,transaction,0xe7b463d266f35ec646adff452f5efe9b6226e98a6830b062db2aaced7c34f2da,10524,self-destructed,etheria-like,"makeOffer(uint8,uint8);getOwners();acceptOffer(uint8,uint8,uint8)","acceptOffer(uint8,uint8,uint8);editBlock(uint8,uint8,uint256,int8[5]);farmTile(uint8,uint8);getBlocks(uint8,uint8);getName(uint8,uint8);getOfferers(uint8,uint8);getOffers(uint8,uint8);getOwners();getStatus(uint8,uint8);getUint8FromByte32(bytes32,uint8);getWhatHappened();makeOffer(uint8,uint8);rejectOffer(uint8,uint8,uint8);retractOffer(uint8,uint8);setName(uint8,uint8,string);setStatus(uint8,uint8,string)",
0xd95f00d25b226b09e0a387bf35823c027501d750,398671,2015-10-17 18:33,0xcf684dfb8304729355b58315e8019b1aa2ad1bac,transaction,0x930f1806ef8b53182cf72695acdfee3195537661c0df5b04f9d7c7833b4197a7,10523,self-destructed,etheria-like,"makeOffer(uint8,uint8);getOwners();acceptOffer(uint8,uint8,uint8)","acceptOffer(uint8,uint8,uint8);editBlock(uint8,uint8,uint256,int8[5]);farmTile(uint8,uint8);getBlocks(uint8,uint8);getName(uint8,uint8);getOfferers(uint8,uint8);getOffers(uint8,uint8);getOwners();getStatus(uint8,uint8);getUint8FromByte32(bytes32,uint8);getWhatHappened();makeOffer(uint8,uint8);rejectOffer(uint8,uint8,uint8);retractOffer(uint8,uint8);setName(uint8,uint8,string);setStatus(uint8,uint8,string)",
0x113c2e28f254a623d50ca9da3bbbeee768580a0a,398843,2015-10-17 19:19,0xfe1ccbf6bd5f26411e7c07c71e132b02654a13f5,transaction,0x698fb14c70a1ae40a5d3836cbd074fa55a881b432505b8d277ed44f94518e8ee,476,self-destructed,other,,,0.097
0x6f7ff1690f64973fffc848f5cf101b446acb1c27,398894,2015-10-17 19:34,0x96af91c988c69bc468dbe869c9b92ef74ab2ac09,transaction,0x8a964c4b3abcc9f1b5a438194ef348d51f0c8c73bccb5df647cdd56ab1977dc8,49,exists,other,,,0.000
0xe82f5f7db7bf9bad426505c654e8d13b609f527c,398952,2015-10-17 19:49,0xfe1ccbf6bd5f26411e7c07c71e132b02654a13f5,transaction,0x6ec86bd0299dbd01bbf46ab8befccf292ae95622891c69bb0ec4377c2f9b8e22,495,exists,other,,,0.005
0xe050455cfce55505859abcf2e3ad04c905a45a21,399066,2015-10-17 20:24,0x77b887762b497d2f8cf6fe95d502d7081a867f0f,transaction,0x60183858621544c2fba812a5f70cf9b8b6789877a1d137ba289eaaa67a739dbf,0,never had code,other,,,0.000
0x177f498a189014e635755b32c6f2406ebec1141b,399067,2015-10-17 20:25,0xeea71dc26083232a9e7a61b6a7836dc2428376cf,transaction,0xed464f81cdfd736443b470f871718f313c5f493f48f30a9406413b3c3e99e192,49,exists,other,,,0.000
0xa2f63e28172ebf2477f4c1a87aed68aaa3ebbe3d,399334,2015-10-17 21:45,0xcf684dfb8304729355b58315e8019b1aa2ad1bac,transaction,0x5e8cc57fdfb121b56a6cde4f1e3d1b5cb6ad2dbdca5fe2bb16106474a4eb9dab,10797,exists,etheria-like,"makeOffer(uint8,uint8);getOwners();acceptOffer(uint8,uint8,uint8)","acceptOffer(uint8,uint8,uint8);editBlock(uint8,uint8,uint256,int8[5]);farmTile(uint8,uint8);getBlocks(uint8,uint8);getOfferers(uint8,uint8);getOffers(uint8,uint8);getOwners();getUint8FromByte32(bytes32,uint8);getWhatHappened();makeOffer(uint8,uint8);rejectOffer(uint8,uint8,uint8);retractOffer(uint8,uint8)",
0x0f8df84b91902100260111b21b02759219358d4f,399580,2015-10-17 23:00,0xcf684dfb8304729355b58315e8019b1aa2ad1bac,transaction,0x355386b47b45d08cdc2e6f35c60e3f5a6c517af4168886b8730cf5c6b453a251,9615,self-destructed,etheria-like,"makeOffer(uint8,uint8);getOwners()","editBlock(uint8,uint8,uint256,int8[5]);farmTile(uint8,uint8);getBlocks(uint8,uint8);getDidOccupy();getOccupado(uint8,uint8);getOwners();getUint8FromByte32(bytes32,uint8);getWhatHappened();getWouldOccupy();makeOffer(uint8,uint8)",
0x6d4fe605bed11bed704554ab136d5ae4eab2fb85,399658,2015-10-17 23:24,0xcf684dfb8304729355b58315e8019b1aa2ad1bac,transaction,0xe1cfc90229ee601e55c4ee6b008ac8f7366a9d51dd987495f666456d49ef1843,9613,self-destructed,etheria-like,"makeOffer(uint8,uint8);getOwners()","editBlock(uint8,uint8,uint256,int8[5]);farmTile(uint8,uint8);getBlocks(uint8,uint8);getDidOccupy();getOccupado(uint8,uint8);getOwners();getUint8FromByte32(bytes32,uint8);getWhatHappened();getWouldOccupy();makeOffer(uint8,uint8)",
0xbb8767b6f6992be46e7dec0b1e4a7da304ff3e16,399731,2015-10-17 23:44,0xcf684dfb8304729355b58315e8019b1aa2ad1bac,transaction,0x4bf29e25cf6d7ce2332d10fa94dd947983cd62b09e0f43088ca87d718db9bc86,9321,self-destructed,etheria-like,"makeOffer(uint8,uint8);getOwners()","editBlock(uint8,uint8,uint256,int8[5]);farmTile(uint8,uint8);getBlocks(uint8,uint8);getDidOccupy();getOccupado(uint8,uint8);getOwners();getUint8FromByte32(bytes32,uint8);getWhatHappened();getWouldOccupy();makeOffer(uint8,uint8)",
0x66bcc066cd0fe0074f3d18847795ef1b62b58f75,399789,2015-10-18 00:00,0xcf684dfb8304729355b58315e8019b1aa2ad1bac,transaction,0x0c0c0ff6d6584f03e3649d25cce658238dda206c440dbae6d351eeca9e8734dc,9449,self-destructed,etheria-like,"makeOffer(uint8,uint8);getOwners()","editBlock(uint8,uint8,uint256,int8[5]);farmTile(uint8,uint8);getBlocks(uint8,uint8);getDidOccupy();getOccupado(uint8,uint8);getOwners();getUint8FromByte32(bytes32,uint8);getWhatHappened();getWouldOccupy();makeOffer(uint8,uint8)",
0x040e1b2534094d8a72672d4ce69be50c9bc9b6d5,399944,2015-10-18 00:45,0x8d0b69cc5de9cbb2d565c3ec9ff0cf5adc1a2016,transaction,0x9f0ac10bb5fc4cfced7f49b1ed35942c7cec240f85cf56bcb0fae5dfce779bc6,366,self-destructed,other,,,0.025
0x7887436576949b0210960dc48a4e8ff8b2d9ed5b,399948,2015-10-18 00:46,0xcf684dfb8304729355b58315e8019b1aa2ad1bac,transaction,0x34c76138d70d7b1d2feb0a3cc8b861c9f9c5c7d72ebc9eedd8a8fc26201a9fa1,9318,self-destructed,etheria-like,"makeOffer(uint8,uint8);getOwners()","editBlock(uint8,uint8,uint256,int8[5]);farmTile(uint8,uint8);getBlocks(uint8,uint8);getDidOccupy();getOccupado(uint8,uint8);getOwners();getUint8FromByte32(bytes32,uint8);getWhatHappened();getWouldOccupy();makeOffer(uint8,uint8)",
0x8bdaf3891c254cf1d9c7fddfa0184570783af40b,399971,2015-10-18 00:54,0xcf684dfb8304729355b58315e8019b1aa2ad1bac,transaction,0x233b9f6e273ec473015256643776b83eb23ebb2a7a45807d5fbf8355e94a803e,9477,self-destructed,etheria-like,"makeOffer(uint8,uint8);getOwners()","editBlock(uint8,uint8,uint256,int8[5]);farmTile(uint8,uint8);getBlocks(uint8,uint8);getDidOccupy();getOccupado(uint8,uint8);getOwners();getUint8FromByte32(bytes32,uint8);getWhatHappened();getWouldOccupy();makeOffer(uint8,uint8)",
0x94863bbbc12ec5be148f60a7020fd49236fc1937,400048,2015-10-18 01:16,0xcf684dfb8304729355b58315e8019b1aa2ad1bac,transaction,0x193d275d4ab532061806d8c02767819518770cfbc3ca225eb6264468b4ec3c67,0,never had code,etheria-like,"makeOffer(uint8,uint8);getOwners();acceptOffer(uint8,uint8,uint8)","acceptOffer(uint8,uint8,uint8);editBlock(uint8,uint8,uint256,int8[5]);farmTile(uint8,uint8);getBlocks(uint8,uint8);getName(uint8,uint8);getOccupado(uint8,uint8);getOfferers(uint8,uint8);getOffers(uint8,uint8);getOwners();getStatus(uint8,uint8);getUint8FromByte32(bytes32,uint8);makeOffer(uint8,uint8);rejectOffer(uint8,uint8,uint8);retractOffer(uint8,uint8);setName(uint8,uint8,string);setStatus(uint8,uint8,string)",
0x5dc23a8abc3aa4b5992a4bda54988c9e40887651,400069,2015-10-18 01:20,0xcf684dfb8304729355b58315e8019b1aa2ad1bac,transaction,0x09380d402fd25e4083b07659307fe1859d568566b800edace002c39fda887c99,11276,self-destructed,etheria-like,"makeOffer(uint8,uint8);getOwners();acceptOffer(uint8,uint8,uint8)","acceptOffer(uint8,uint8,uint8);editBlock(uint8,uint8,uint256,int8[5]);farmTile(uint8,uint8);getBlocks(uint8,uint8);getName(uint8,uint8);getOccupado(uint8,uint8);getOfferers(uint8,uint8);getOffers(uint8,uint8);getOwners();getStatus(uint8,uint8);getUint8FromByte32(bytes32,uint8);makeOffer(uint8,uint8);rejectOffer(uint8,uint8,uint8);retractOffer(uint8,uint8);setName(uint8,uint8,string);setStatus(uint8,uint8,string)",
0xd747c05d9c8057db608ef7aedabf07e4db0bbe97,400515,2015-10-18 03:35,0x1db3439a222c519ab44bb1144fc28167b4fa6ee6,transaction,0x9608ff85ead7938418422918fb83b48aefbd1ad014503bec714c18db82c56e42,0,never had code,other,,,0.000
0x866b0b654f14420013ed069d979214787ba98ee7,400639,2015-10-18 04:10,0x8d0b69cc5de9cbb2d565c3ec9ff0cf5adc1a2016,transaction,0x32114d6fae52ec3cd9e4dad681abb37ab287f7fedbbdf3f7113f7066e2898845,238,exists,other,,,0.005
0x3f48ebf38f079551f3ec53acbe9c7b85c6185ac0,400692,2015-10-18 04:26,0x8d0b69cc5de9cbb2d565c3ec9ff0cf5adc1a2016,transaction,0x44617321b77111ae03aeade3bb004df0c2098316cff0dae020a7e079ec50e21c,152,exists,other,,,0.000
0x6b22586ab58d39e1d700cad989f9b2aae1fd863f,400692,2015-10-18 04:26,0x8d0b69cc5de9cbb2d565c3ec9ff0cf5adc1a2016,transaction,0x1a9d8e1168ef0e004d93f3cd58b0910aca29c11017e46274db19a3a072689826,2880,exists,other,,,0.026
0x4fd2fe2afaa7baea58eca45f2bce57b12e2505ce,400693,2015-10-18 04:27,0x8d0b69cc5de9cbb2d565c3ec9ff0cf5adc1a2016,transaction,0x74173064ca2119cfd10c8e4d4208ade63f9ed3d3ed52c492aed646a1ef980918,193,exists,other,,,0.000
0x6828f0e2eb6e24f5484a7774e7e99a55ea0a0bed,400766,2015-10-18 04:48,0x8d0b69cc5de9cbb2d565c3ec9ff0cf5adc1a2016,transaction,0xb0e580cc2009b265ff3a413ffa47230d23fcbf7f7c2a36f10fd845537b9303f1,152,exists,other,,,0.000
0xe9bef2c8d634a0b056ed4eda6658b34cce3cb209,400767,2015-10-18 04:49,0x8d0b69cc5de9cbb2d565c3ec9ff0cf5adc1a2016,transaction,0x44736fdfb73adc2e6f4313fd6cd3954545b53f4974db431b4aa5d76fabb31728,193,exists,other,,,0.000
0x8c795aac342f503bdf6c3e3462839009ca1daf42,401043,2015-10-18 06:09,0x8d0b69cc5de9cbb2d565c3ec9ff0cf5adc1a2016,transaction,0x7435f7eea6369263446b8cc4a6a333a0038f1e5c96ed148624475721c18f70cd,0,never had code,other,,,0.000
0x40ecbcac66d474b3894d1217831889727fa7f796,401121,2015-10-18 06:33,0x8d0b69cc5de9cbb2d565c3ec9ff0cf5adc1a2016,transaction,0x2fd03a072971e34ede20a533e9666b3c9ee7ff48b5b832a199500420c34f68c3,238,exists,other,,,0.005
0xa619c3df689ecb7ef3b99526a1a7599d2e443f65,401300,2015-10-18 07:26,0x1db3439a222c519ab44bb1144fc28167b4fa6ee6,transaction,0x2429af13e09a6c0b3cf9fc4bf4629e136e46b115071c4ef4e9b3140a5373e161,302,exists,other,,,0.000
0xf726a1853d58eef6c8fd5ae08549bc6b98c204ed,401407,2015-10-18 08:01,0x1cfcc85105996891b00cba67b9add5ce72efa1c0,transaction,0x854a291a6822e16d8fab9002fd478020ca5f2654bf8ae8ea7c06bfbe0aa27fa1,49,exists,other,,,0.000
0xa8619897cd8ecc9c0a98a2b04401a412ec78b930,401443,2015-10-18 08:12,0x1cfcc85105996891b00cba67b9add5ce72efa1c0,transaction,0x5e28c70984c2f7b0d14cb0ed03399ffd32cf907e2b79c79dcde21252f2ee08d9,49,exists,other,,,0.000
0x863e08cbc70511fc03671b44e0fd173688c4899c,401806,2015-10-18 10:04,0x1a1fe6bedec861a25da0e883e477b80a4f2de7ff,transaction,0x2e91b9f518ac22110c2de649f8f03fb3c3e8d3cfe419025ff3a4903621dd8cb8,49,exists,other,,,0.000
0xbf52c81ec009500b794cf45769297d7302d24773,402224,2015-10-18 12:12,0x74ed33acf43f35b98c9230b9e6642ecb5330839e,transaction,0xba4478ca995cb7aa9302ddd825a246dcf1f57ee7ed91196de2f803f68829079e,49,exists,other,,,0.000
0x4f602ad0f56907466451243083266dadce60cac6,402593,2015-10-18 14:01,0xcf684dfb8304729355b58315e8019b1aa2ad1bac,transaction,0x5d827bcb0485b2b7b00f8aa68f516d0f121fb7046b863c30ece3415467ad0a16,11052,self-destructed,etheria-like,"makeOffer(uint8,uint8);acceptOffer(uint8,uint8,uint8);getOwner(uint8,uint8)","acceptOffer(uint8,uint8,uint8);editBlock(uint8,uint8,uint256,int8[5]);farmTile(uint8,uint8);getBlocks(uint8,uint8);getName(uint8,uint8);getOccupado(uint8,uint8);getOfferers(uint8,uint8);getOffers(uint8,uint8);getOwner(uint8,uint8);getStatus(uint8,uint8);getUint8FromByte32(bytes32,uint8);makeOffer(uint8,uint8);rejectOffer(uint8,uint8,uint8);retractOffer(uint8,uint8);setName(uint8,uint8,string);setStatus(uint8,uint8,string)",
0x939340684f59c6ab60e2ca3e110c26591cc05964,402886,2015-10-18 15:18,0xcf684dfb8304729355b58315e8019b1aa2ad1bac,transaction,0x193ed7dafb7b3d1f2f0e48de20b3e53afc25a0418ce0b3d8b0bb5883fcee0593,8793,self-destructed,etheria-like,"makeOffer(uint8,uint8);acceptOffer(uint8,uint8,uint8);getOwner(uint8,uint8)","acceptOffer(uint8,uint8,uint8);editBlock(uint8,uint8,uint256,int8[5]);farmTile(uint8,uint8);getBlocks(uint8,uint8);getName(uint8,uint8);getOccupado(uint8,uint8);getOfferers(uint8,uint8);getOffers(uint8,uint8);getOwner(uint8,uint8);getStatus(uint8,uint8);getUint8FromByte32(bytes32,uint8);makeOffer(uint8,uint8);rejectOffer(uint8,uint8,uint8);retractOffer(uint8,uint8);setName(uint8,uint8,string);setStatus(uint8,uint8,string)",
0x7d7b28ab7cd0b59b3da02d104eeca76bef9d49a9,403227,2015-10-18 16:50,0x4962f6533141e9e12b9e1846ab549c7042a40098,transaction,0xf7bec5c353bf1bb437439a65cdce548d0d88665508da021137e56cffcbe3548f,2331,exists,other,,,0.015
0xb08ad6a44a8a212e35abf701fa3e5264849da926,403271,2015-10-18 17:03,0xcf684dfb8304729355b58315e8019b1aa2ad1bac,transaction,0x101272fcb8be643cd5633414686b955722a017ddaf3d58a9d9a446ea8385192a,8793,self-destructed,etheria-like,"makeOffer(uint8,uint8);acceptOffer(uint8,uint8,uint8);getOwner(uint8,uint8)","acceptOffer(uint8,uint8,uint8);editBlock(uint8,uint8,uint256,int8[5]);farmTile(uint8,uint8);getBlocks(uint8,uint8);getName(uint8,uint8);getOccupado(uint8,uint8);getOfferers(uint8,uint8);getOffers(uint8,uint8);getOwner(uint8,uint8);getStatus(uint8,uint8);getUint8FromByte32(bytes32,uint8);makeOffer(uint8,uint8);rejectOffer(uint8,uint8,uint8);retractOffer(uint8,uint8);setName(uint8,uint8,string);setStatus(uint8,uint8,string)",
0xe76e7c91f2c1465e7c75cf791f3181ca60244f59,403397,2015-10-18 17:38,0xcf684dfb8304729355b58315e8019b1aa2ad1bac,transaction,0x68b775369aedf5d8ae7cd4586a0f4385490eb26595926389adcc940c63cb560a,881,self-destructed,helper,,"getElevation(uint8,uint8);getElevations();getLocked();initElevations(uint8,uint8[33]);setLocked()",
0xf3fb11569eb7f7c390ffbc468ef52a5410ec1bca,403429,2015-10-18 17:47,0xcf684dfb8304729355b58315e8019b1aa2ad1bac,transaction,0x9604994be009dc82094fae75e76f161784d7d5d31dbb5bff6cd13712f39ab0f8,639,self-destructed,helper,,"getElevation(uint8,uint8);getElevations();getLocked();initElevations(uint8,uint8[33]);setLocked()",
0xad5dad7a5656fea7c8585c55457fdce8dfec5700,403632,2015-10-18 18:42,0xcf684dfb8304729355b58315e8019b1aa2ad1bac,transaction,0x93b2e393fef0050d9ea4fcde27dc37d03a78e6e690e63d30013ed3ea23661c88,639,self-destructed,helper,,"getElevation(uint8,uint8);getElevations();getLocked();initElevations(uint8,uint8[33]);setLocked()",
0x8ca10d1206f0d96de74a2cc79e420e5c7312d45e,403664,2015-10-18 18:52,0xcf684dfb8304729355b58315e8019b1aa2ad1bac,transaction,0x1b931c46467154a3ac2d21799e0b79addd0bbdefbe6b1cac60c55d99cc43a69c,640,self-destructed,helper,,"getElevation(uint8,uint8);getElevations();getLocked();initElevations(uint8,uint8[33]);setLocked()",
0x4a4f01a819a6b8223bceefb30cd2e46c1bf4cb32,403709,2015-10-18 19:02,0xcf684dfb8304729355b58315e8019b1aa2ad1bac,transaction,0x0de172d1d14715c8d462a3dbaf37321054115a77fc7831eb82140c897be6c382,645,self-destructed,helper,,"getElevation(uint8,uint8);getElevations();getLocked();initElevations(uint8,uint8[33]);setLocked()",
0x68549d7dbb7a956f955ec1263f55494f05972a6b,403758,2015-10-18 19:18,0xcf684dfb8304729355b58315e8019b1aa2ad1bac,transaction,0x48a0c0eb350eba296e43d99a5f3c4394aa2a5da69e5369a58076f40fd32c9c99,523,exists,helper,,"getElevation(uint8,uint8);getElevations();getLocked();initElevations(uint8,uint8[33]);setLocked()",
0x3faad4a6b78eb0df018f6bef7530ae6f9618bc11,403798,2015-10-18 19:30,0xcf684dfb8304729355b58315e8019b1aa2ad1bac,transaction,0xb4307a5feef8ca700679a0f0d6887e39af532db7156207d12116ad4ab598aadf,8792,self-destructed,etheria-like,"makeOffer(uint8,uint8);acceptOffer(uint8,uint8,uint8);getOwner(uint8,uint8)","acceptOffer(uint8,uint8,uint8);editBlock(uint8,uint8,uint256,int8[5]);farmTile(uint8,uint8);getBlocks(uint8,uint8);getName(uint8,uint8);getOccupado(uint8,uint8);getOfferers(uint8,uint8);getOffers(uint8,uint8);getOwner(uint8,uint8);getStatus(uint8,uint8);getUint8FromByte32(bytes32,uint8);makeOffer(uint8,uint8);rejectOffer(uint8,uint8,uint8);retractOffer(uint8,uint8);setName(uint8,uint8,string);setStatus(uint8,uint8,string)",
0xed15fe721b87cb41098342b5d6c8cbfea804fb21,403799,2015-10-18 19:30,0x7731d6e987f9f7446b9cc4ae6f2e64522e8acdef,transaction,0xa5a4b02ffda588d77d33f56ec621f68782a64054893172048579c0827b6391cb,1724,exists,other,,,0.039
0x29fee0c5cfd04361152b92fb3ef1e36f36b78b43,403891,2015-10-18 19:53,0x7731d6e987f9f7446b9cc4ae6f2e64522e8acdef,transaction,0x6c736cc1331194d98835cc30dc157a8bb2581ff6d51f33eeeb5fc061f3c823cc,1392,exists,other,,,0.032
0x0333b206a0902902a638e24b1227dfcdc2176e78,403903,2015-10-18 19:58,0xcf684dfb8304729355b58315e8019b1aa2ad1bac,transaction,0x6f9a9a724d697793830725feb7f5b515bcf34dc083380927685b7fe186b7eaf2,9081,self-destructed,etheria-like,"makeOffer(uint8,uint8);acceptOffer(uint8,uint8,uint8);getOwner(uint8,uint8)","acceptOffer(uint8,uint8,uint8);editBlock(uint8,uint8,uint256,int8[5]);farmTile(uint8,uint8);getBlocks(uint8,uint8);getName(uint8,uint8);getOccupado(uint8,uint8);getOfferers(uint8,uint8);getOffers(uint8,uint8);getOwner(uint8,uint8);getStatus(uint8,uint8);getUint8FromByte32(bytes32,uint8);makeOffer(uint8,uint8);rejectOffer(uint8,uint8,uint8);retractOffer(uint8,uint8);setName(uint8,uint8,string);setStatus(uint8,uint8,string)",
0xa790d73aed3bc5f7ab4b998615ec74c88815bb82,403906,2015-10-18 19:59,0xc7c0f473ea6ccab6b38d13a113bffa31ee2a08ca,transaction,0xf3e89e3590a4e1b5a36b11b1de43c2dadd5687225f93ba7898227693b1d1ab40,49,exists,other,,,0.000
0x7bdbc04d3ce1959e5153c6c1269b90d248b41edc,403969,2015-10-18 20:17,0x7731d6e987f9f7446b9cc4ae6f2e64522e8acdef,transaction,0x97d0b6d343e33e8755b8c2162f2bbd27443f5c0117da9a695f1e733cad58a2c2,1205,exists,other,,,0.014
0x96b93e5d82cb6546468d3ee1012896b3ce5dc3fe,403982,2015-10-18 20:22,0xcf684dfb8304729355b58315e8019b1aa2ad1bac,transaction,0x2aad06cddcaed860b81d9392556056d7fdc8ec9fc381957555598b0c5aa42c59,10751,self-destructed,etheria-like,"makeOffer(uint8,uint8);acceptOffer(uint8,uint8,uint8);getOwner(uint8,uint8)","acceptOffer(uint8,uint8,uint8);editBlock(uint8,uint8,uint256,int8[5]);farmTile(uint8,uint8);getBlocks(uint8,uint8);getName(uint8,uint8);getOccupado(uint8,uint8);getOfferers(uint8,uint8);getOffers(uint8,uint8);getOwner(uint8,uint8);getStatus(uint8,uint8);getUint8FromByte32(bytes32,uint8);getWhatHappened();makeOffer(uint8,uint8);rejectOffer(uint8,uint8,uint8);retractOffer(uint8,uint8);setName(uint8,uint8,string);setStatus(uint8,uint8,string)",
0xe284ab3b07b8659aeccc9c8cdba75bed4827cf09,404044,2015-10-18 20:38,0x7731d6e987f9f7446b9cc4ae6f2e64522e8acdef,transaction,0x5841efefe8e5c685757c246d3323cb6f416fd0449a48ecc8dce7e5439e9481d9,1150,exists,other,,,0.014
0x66c677bc64b81970d22667c417fa6c6910554198,404628,2015-10-18 23:30,0xc48f021f2eff67461bf802f15420b0a08ff158da,transaction,0x11392de6b0d5f008af92db9a3e4a73153b6ed3f9c048c0815d4ed7a21af4f1f9,49,exists,other,,,0.000
0x265c768e68feea0165c01f96c66919fca7dd9735,405040,2015-10-19 01:24,0x4962f6533141e9e12b9e1846ab549c7042a40098,transaction,0x1dd9c698326c7a091d8a0dffc55e4c4e7c8016ad91f6013542efe4f0b7df519d,2793,exists,other,,,0.035
0xd293f486345f4b206b79daaaceeb49a33b731c23,405049,2015-10-19 01:27,0x4962f6533141e9e12b9e1846ab549c7042a40098,transaction,0x33fc4ac98e745dee06e6ac6f74b6264d89ab43494495fe90879d22eb72acdd40,2603,exists,other,,,0.014
0x466f122e78b65121bc9bdcf47ebf53e11268fafd,405255,2015-10-19 02:25,0x4962f6533141e9e12b9e1846ab549c7042a40098,transaction,0xffac4f088d43dcff3710bbf471d39156e7efde6448580c8afd5639a91528cb3b,2604,exists,other,,,0.014
0x502e249d549d4afca540dc76dfc5b1351171474b,405256,2015-10-19 02:25,0x4962f6533141e9e12b9e1846ab549c7042a40098,transaction,0x2f6199fb61dd037a170db660a55d82a6c83c5c4363d3c35c3280ae6e822056a1,1865,exists,other,,,0.016
0x64f5e29c60f833a6432fe818dae1f653e1de9071,405313,2015-10-19 02:41,0xcf684dfb8304729355b58315e8019b1aa2ad1bac,transaction,0xd7abbd0ffbe4a3043a5b9420a4ac793b46a211b17e82f1527c45cb7c275ce0b6,10604,self-destructed,etheria-like,"makeOffer(uint8,uint8);acceptOffer(uint8,uint8,uint8);getOwner(uint8,uint8)","acceptOffer(uint8,uint8,uint8);editBlock(uint8,uint8,uint256,int8[5]);farmTile(uint8,uint8);getBlocks(uint8,uint8);getName(uint8,uint8);getOfferers(uint8,uint8);getOffers(uint8,uint8);getOwner(uint8,uint8);getStatus(uint8,uint8);getUint8FromByte32(bytes32,uint8);getWhatHappened();makeOffer(uint8,uint8);rejectOffer(uint8,uint8,uint8);retractOffer(uint8,uint8);setName(uint8,uint8,string);setStatus(uint8,uint8,string)",
0x7ff497715926791fe8c2c1206e153130a4666dc1,405391,2015-10-19 03:05,0x4962f6533141e9e12b9e1846ab549c7042a40098,transaction,0x99b083bec3909fd6c4c958d5964ee5d572707c429f560c81003c08e5d3a4979c,2884,exists,other,,,0.014
0x741aed2362bccb897066583fa43bf43ded7ecaef,405392,2015-10-19 03:05,0x4962f6533141e9e12b9e1846ab549c7042a40098,transaction,0xda81e98ff54f29668cac6b94be438e9dc0d5c7f619db32e12691ab7e2a317ac4,2039,exists,other,,,0.016
0xd9810fe7ec98935840cd8d33d167a15184daf6a3,405399,2015-10-19 03:08,0x4962f6533141e9e12b9e1846ab549c7042a40098,transaction,0x593dbef21f020cd156fcdc4bd569ef7d279660386186a9445627c8f5cb4cc99c,2884,exists,other,,,0.014
0xf0bb47e1ff5ba24c7f9c15f5b03f37b8f975479e,405399,2015-10-19 03:08,0x4962f6533141e9e12b9e1846ab549c7042a40098,transaction,0x62e3f7ee4fc748a77f01ff0ed1d66731eb9e519fa364ccff3394c228f3ad5bd6,2039,exists,other,,,0.016
0x1a1d9dfa85f9b9c3485ef28dfe8e395ad25af51b,405408,2015-10-19 03:10,0x4962f6533141e9e12b9e1846ab549c7042a40098,transaction,0x5e41feb0c4f5adf13e3ed9eef31f903d7ba8d3e6b337a16bb2c99b0e886f4cc9,2884,exists,other,,,0.014
0xbc093789499cd829aea5f6d60b9012f7df74ba3a,405409,2015-10-19 03:11,0x4962f6533141e9e12b9e1846ab549c7042a40098,transaction,0x961a9ab267f81f85ea8f3806c8860a1180afa87085271c5fa10f79e4525f6dbd,2039,exists,other,,,0.016
0xc370681bfdf0408fa084f50853e141950e14ddc5,405453,2015-10-19 03:24,0xcf684dfb8304729355b58315e8019b1aa2ad1bac,transaction,0x5f24c65f850c27c3037a6382cd47b33c838ef408221c04a7c051740e15b5f110,10877,self-destructed,etheria-like,"makeOffer(uint8,uint8);acceptOffer(uint8,uint8,uint8);getOwner(uint8,uint8)","acceptOffer(uint8,uint8,uint8);editBlock(uint8,uint8,uint256,int8[5]);farmTile(uint8,uint8);getBlocks(uint8,uint8);getName(uint8,uint8);getOfferers(uint8,uint8);getOffers(uint8,uint8);getOwner(uint8,uint8);getStatus(uint8,uint8);getUint8FromByte32(bytes32,uint8);getWhatHappened();makeOffer(uint8,uint8);rejectOffer(uint8,uint8,uint8);retractOffer(uint8,uint8);setName(uint8,uint8,string);setStatus(uint8,uint8,string)",
0x04c4aa08b093d7e3cbfcd3917758816afb4d32fe,405591,2015-10-19 04:06,0x4962f6533141e9e12b9e1846ab549c7042a40098,transaction,0xc8d2d733dd2db0bf21ddaed260ff82598a1ef5fc789b8392640b71b4f700cbd3,2957,exists,other,,,0.031
0xba0e9b03dcedaeaa7aef75f3e003800afe918c05,405591,2015-10-19 04:06,0x4962f6533141e9e12b9e1846ab549c7042a40098,transaction,0x658d24f86ee0787d0a057d8bdc2e30b1306364c617967ae5592666326cc55e5a,3024,exists,other,,,0.013
0x2761c0ad62d0f7f96f38332cabb9229378c9bfc9,405611,2015-10-19 04:12,0x4da3ce675324db53eadc2eb9d942273dd6c03579,transaction,0x78f82098016121fcd120c2d5c4df37243a6d35445e7d8509ee1f65f934ea9e17,49,exists,other,,,0.000
0x57219cc6a961f802d375f95ba44b0236c6c0965d,405825,2015-10-19 05:19,0x4962f6533141e9e12b9e1846ab549c7042a40098,transaction,0x5cff560c190659f233540e62fea3c873418288e261cae2e00e86b7147141b627,3319,exists,other,,,0.034
0x8192b93a116c036e8e634e622050b357f7638d3c,405825,2015-10-19 05:19,0x4962f6533141e9e12b9e1846ab549c7042a40098,transaction,0xd61d842b67deef8fe350f311c2caa505ee444fd404e6600282a62d69eb5a042a,2924,exists,other,,,0.014
0x2dd99af9ae9e89ff6fd96d76a94cdb488c0f2132,405836,2015-10-19 05:22,0x4962f6533141e9e12b9e1846ab549c7042a40098,transaction,0x6b8b700d02cb5669ba122ba6b1eb7d4c01df4f99037cf17d9fa79bb2d8e82b4d,3319,exists,other,,,0.034
0xdab63470c605433f484ac3eb0a02b589f54cec22,405836,2015-10-19 05:22,0x4962f6533141e9e12b9e1846ab549c7042a40098,transaction,0x2f1e34013cc95c13a8301d90c6b14cc5e52f31cdc60308d8d48bb052eb7f1160,2924,exists,other,,,0.014
0x729da3ec95e2e3b6377eb1c41dd5dbf6461a07fc,405889,2015-10-19 05:36,0x4962f6533141e9e12b9e1846ab549c7042a40098,transaction,0x0b41955e6787630b6cde699cee9a157dd329b36df29d28c89dc06fe9233078d6,2924,exists,other,,,0.014
0x9519fb3e17bd95fd3e269a4007c3649ab35f5bb5,405890,2015-10-19 05:37,0x4962f6533141e9e12b9e1846ab549c7042a40098,transaction,0x66a64dfcfb054918a65bfbc261d7db2b1c90977c41383a134497d056587722f3,3319,exists,other,,,0.034
0x55a99538fd0b62b58f9793d6528d5c7753631122,405896,2015-10-19 05:37,0xcf684dfb8304729355b58315e8019b1aa2ad1bac,transaction,0xdd941c2c9b35d5cdd343ad83aa740b9f50d4ccbe9977bff55b4710774a086f60,10738,self-destructed,etheria-like,"makeOffer(uint8,uint8);acceptOffer(uint8,uint8,uint8);getOwner(uint8,uint8)","acceptOffer(uint8,uint8,uint8);editBlock(uint8,uint8,uint256,int8[5]);farmTile(uint8,uint8);getBlocks(uint8,uint8);getName(uint8,uint8);getOfferers(uint8,uint8);getOffers(uint8,uint8);getOwner(uint8,uint8);getStatus(uint8,uint8);getUint8FromByte32(bytes32,uint8);getWhatHappened();makeOffer(uint8,uint8);rejectOffer(uint8,uint8,uint8);retractOffer(uint8,uint8);setName(uint8,uint8,string);setStatus(uint8,uint8,string)",
0x319ec371c9f67bb773e1c771313d9748b48e031f,405906,2015-10-19 05:39,0x4962f6533141e9e12b9e1846ab549c7042a40098,transaction,0x18af08087f4d7f5796b90385db9ff2eba5fa19f3b92d6643f39b3a5921898804,2924,exists,other,,,0.014
0xd6e9973d718926ddfd38640a1be13a94556ded49,405947,2015-10-19 05:49,0x4962f6533141e9e12b9e1846ab549c7042a40098,transaction,0x3729b153c55c24560e262374263a9f4011142e9ba0586672eba3a8695f2550b3,2924,exists,other,,,0.014
0xd3be11ea9c621a60db6c658230ac02c795c22237,405948,2015-10-19 05:49,0x4962f6533141e9e12b9e1846ab549c7042a40098,transaction,0x35f3f9170a0dc012d9f2c953a4e96941f3d7d1cb6a103ab8191327974ffd5a28,3319,exists,other,,,0.034
0xd1e461576307759effca416003587c9c637936e6,405956,2015-10-19 05:52,0x4962f6533141e9e12b9e1846ab549c7042a40098,transaction,0x05bf21fa52a046563a2ed864e97462a81dd360b55573c1bd6c4c1aff3f87d540,3132,exists,other,,,0.013
0x221d04ca431d787073eec336cfb13246d51e81e9,405961,2015-10-19 05:53,0x4962f6533141e9e12b9e1846ab549c7042a40098,transaction,0x596ca25e908c96e80e5fd4cc5d5b6700473708bb6f5eaf06cf168114753ad578,3319,exists,other,,,0.034
0x4ea8cfca660709d6fc4254237c918d8d36a9b843,405979,2015-10-19 05:59,0x4962f6533141e9e12b9e1846ab549c7042a40098,transaction,0x8561971105c0bae859a6a81b2dd1cc8a0db10985c06f0a5f7561ca0b01ee538f,3132,exists,other,,,0.013
0x95660688bd2bf3a20128e4cfe5982a5a1c8ce128,406022,2015-10-19 06:15,0x4962f6533141e9e12b9e1846ab549c7042a40098,transaction,0x39f14456113e91f4b95d493d45db6384b29ad64c2901bf79be8b81da5fb22041,3319,exists,other,,,0.034
0xac4359d6bef95f2f54d44390a61c4d541289d99b,406022,2015-10-19 06:15,0x4962f6533141e9e12b9e1846ab549c7042a40098,transaction,0x37bc8a0b9084b19993cbe6aa789ed4284b9b60b68556131aff4adc42020259d3,2864,exists,other,,,0.013
0x8eba72bda9d2a02cd1fa994bf768991580181567,406181,2015-10-19 07:08,0x4962f6533141e9e12b9e1846ab549c7042a40098,transaction,0x5a1a2fcc460e727240aef1efd0b69e35297931ec8fc6b68d4621f78fd097d38f,3357,exists,other,,,0.034
0x3f06200fb6b4ee31bab8e1addfd2adc5275d8bb4,406186,2015-10-19 07:09,0x4962f6533141e9e12b9e1846ab549c7042a40098,transaction,0x43dd58a4ce84966f245e254dd9b883b2027e1dcf2f4da1f135b5a622347dea03,2842,exists,other,,,0.013
0xfc336cf1824d5ba1842963b896e6f79146c5726a,406247,2015-10-19 07:27,0x4962f6533141e9e12b9e1846ab549c7042a40098,transaction,0x6ba8a88968cce2979d86ce9026e258f445c3838719b8ae1e25a96e6bb73212aa,2842,exists,other,,,0.013
0x5f4225c05a86f1d8edf2e86c2533256fcfc80f1b,406259,2015-10-19 07:30,0x4962f6533141e9e12b9e1846ab549c7042a40098,transaction,0xcd2cc67aaa70911a8ecac8c7fae0d4098c55fdbefaef4a99300cb4b85fa7540a,2755,exists,other,,,0.014
0x9415166f5489b39c4acb4580a926cf24ac8d6170,406265,2015-10-19 07:34,0x4962f6533141e9e12b9e1846ab549c7042a40098,transaction,0xa81095a358520324311795f7d5bccfc089472d4bcc53b9a700a10b0d09486db0,2933,exists,other,,,0.014
0x3d3e5bfcab3aa199003faa7f90d6cfdbce7a93f9,406516,2015-10-19 08:43,0xdf74a66b795500f7e6250f413bdc0f73efc44679,transaction,0x9a33824d47a27f1f1acdc1d6f56e4d71f0d4d70910561b39f9145f32e7f52f66,49,exists,other,,,0.000
0xc19cec69c01ff1fcf81586a674353cb520997c29,406656,2015-10-19 09:24,0x8d0b69cc5de9cbb2d565c3ec9ff0cf5adc1a2016,transaction,0x6c57729300d2f3c6aee47ed72885bfb2211b2a5c1d01a2843402e8cc52778d14,109,exists,other,,,0.000
0xa974eae5d90819f0e5adbd372250808f0a8d2703,406855,2015-10-19 10:21,0x8d0b69cc5de9cbb2d565c3ec9ff0cf5adc1a2016,transaction,0xfdb8145f5eacfd8f4a389e90e34fc98cd28ab1b48b7b2dfb8991f57c72830ca3,109,exists,other,,,0.000
0x60eae2ae00f6e5baf732ba3a4ace750e0195217c,406892,2015-10-19 10:32,0x8d0b69cc5de9cbb2d565c3ec9ff0cf5adc1a2016,transaction,0xc46a3db4606599d3488639b21f700dc3c96fabbe8c271f3de4fe5915fb898ca3,109,exists,other,,,0.000
0x4ea2b35bf968ac4cd6eb71af723edcfc7431ae24,407463,2015-10-19 13:15,0xcf684dfb8304729355b58315e8019b1aa2ad1bac,transaction,0x6ad2118331cb475952a0dc5c730dc52bfb104ba4c4a1173da965b7e36746b25d,646,self-destructed,helper,,"getUint8FromByte32(bytes32,uint8)",
0x6eb406cee72c0d472c785712818a03df872d6e25,407537,2015-10-19 13:37,0xcf684dfb8304729355b58315e8019b1aa2ad1bac,transaction,0xfbc78a09e5ab579386d55af9b1838a6de718966bac69d2a985335f591c6b34fc,749,self-destructed,helper,,"getUint8FromByte32(bytes32,uint8);getWhatHappened()",
0x97d390e78a9bb8f5f0bd3dfe1f6e4c99c479877f,407556,2015-10-19 13:42,0xcf684dfb8304729355b58315e8019b1aa2ad1bac,transaction,0x095f873b65a35a8303fbc8275c66c2d32e6e501c0867c336d02d620c9c37d453,749,self-destructed,helper,,"getUint8FromByte32(bytes32,uint8);getWhatHappened()",
0x4376ea861abe27330447717024e9f3d62cda2b7d,407573,2015-10-19 13:47,0xcf684dfb8304729355b58315e8019b1aa2ad1bac,transaction,0x9ebf1802e859781fb520b3d6fe237851fe18255ef7066cc282a431868f8ebd09,925,self-destructed,helper,,"getUint8FromByte32(bytes32,uint8);getWhatHappened()",
0xf1f1bd7a2ffd8bd63149f8526140c0fb61ea2df7,407583,2015-10-19 13:49,0x29ab575850dcef127cd8d646fb3c208b3860c2f0,transaction,0x6209d07bfd31987ddc2ac8dbef5648d8f58ac2fd3bca5cc2bba83ed36832e158,49,exists,other,,,0.000
